{"demand": [{"time_stamp": 0, "origin": 0, "destination": 0, "demand": 5404, "price": 7.5520000000000005}, {"time_stamp": 1, "origin": 0, "destination": 0, "demand": 5404, "price": 7.5520000000000005}, {"time_stamp": 2, "origin": 0, "destination": 0, "demand": 5474, "price": 7.5520000000000005}, {"time_stamp": 3, "origin": 0, "destination": 0, "demand": 5474, "price": 7.5520000000000005}, {"time_stamp": 4, "origin": 0, "destination": 0, "demand": 6040, "price": 7.643}, {"time_stamp": 5, "origin": 0, "destination": 0, "demand": 6040, "price": 7.643}, {"time_stamp": 6, "origin": 0, "destination": 0, "demand": 7872, "price": 7.5520000000000005}, {"time_stamp": 7, "origin": 0, "destination": 0, "demand": 7872, "price": 7.5520000000000005}, {"time_stamp": 8, "origin": 0, "destination": 0, "demand": 7352, "price": 7.643}, {"time_stamp": 9, "origin": 0, "destination": 0, "demand": 7352, "price": 7.643}, {"time_stamp": 10, "origin": 0, "destination": 0, "demand": 8526, "price": 7.5520000000000005}, {"time_stamp": 11, "origin": 0, "destination": 0, "demand": 8526, "price": 7.5520000000000005}, {"time_stamp": 12, "origin": 0, "destination": 0, "demand": 7718, "price": 7.5520000000000005}, {"time_stamp": 13, "origin": 0, "destination": 0, "demand": 7718, "price": 7.5520000000000005}, {"time_stamp": 14, "origin": 0, "destination": 0, "demand": 5494, "price": 7.5520000000000005}, {"time_stamp": 15, "origin": 0, "destination": 0, "demand": 5494, "price": 7.5520000000000005}, {"time_stamp": 0, "origin": 0, "destination": 1, "demand": 1262, "price": 10.191}, {"time_stamp": 1, "origin": 0, "destination": 1, "demand": 1262, "price": 10.191}, {"time_stamp": 2, "origin": 0, "destination": 1, "demand": 1322, "price": 10.191}, {"time_stamp": 3, "origin": 0, "destination": 1, "demand": 1322, "price": 10.191}, {"time_stamp": 4, "origin": 0, "destination": 1, "demand": 1602, "price": 10.191}, {"time_stamp": 5, "origin": 0, "destination": 1, "demand": 1602, "price": 10.191}, {"time_stamp": 6, "origin": 0, "destination": 1, "demand": 1978, "price": 10.191}, {"time_stamp": 7, "origin": 0, "destination": 1, "demand": 1978, "price": 10.191}, {"time_stamp": 8, "origin": 0, "destination": 1, "demand": 1690, "price": 10.191}, {"time_stamp": 9, "origin": 0, "destination": 1, "demand": 1690, "price": 10.191}, {"time_stamp": 10, "origin": 0, "destination": 1, "demand": 1918, "price": 10.100000000000001}, {"time_stamp": 11, "origin": 0, "destination": 1, "demand": 1918, "price": 10.100000000000001}, {"time_stamp": 12, "origin": 0, "destination": 1, "demand": 1670, "price": 10.100000000000001}, {"time_stamp": 13, "origin": 0, "destination": 1, "demand": 1670, "price": 10.100000000000001}, {"time_stamp": 14, "origin": 0, "destination": 1, "demand": 1266, "price": 10.100000000000001}, {"time_stamp": 15, "origin": 0, "destination": 1, "demand": 1266, "price": 10.100000000000001}, {"time_stamp": 0, "origin": 0, "destination": 2, "demand": 1042, "price": 12.556999999999999}, {"time_stamp": 1, "origin": 0, "destination": 2, "demand": 1042, "price": 12.556999999999999}, {"time_stamp": 2, "origin": 0, "destination": 2, "demand": 1073, "price": 12.843}, {"time_stamp": 3, "origin": 0, "destination": 2, "demand": 1073, "price": 12.843}, {"time_stamp": 4, "origin": 0, "destination": 2, "demand": 1248, "price": 12.843}, {"time_stamp": 5, "origin": 0, "destination": 2, "demand": 1248, "price": 12.843}, {"time_stamp": 6, "origin": 0, "destination": 2, "demand": 1345, "price": 12.934000000000001}, {"time_stamp": 7, "origin": 0, "destination": 2, "demand": 1345, "price": 12.934000000000001}, {"time_stamp": 8, "origin": 0, "destination": 2, "demand": 1160, "price": 12.934000000000001}, {"time_stamp": 9, "origin": 0, "destination": 2, "demand": 1160, "price": 12.934000000000001}, {"time_stamp": 10, "origin": 0, "destination": 2, "demand": 1118, "price": 12.648}, {"time_stamp": 11, "origin": 0, "destination": 2, "demand": 1118, "price": 12.648}, {"time_stamp": 12, "origin": 0, "destination": 2, "demand": 1014, "price": 12.739}, {"time_stamp": 13, "origin": 0, "destination": 2, "demand": 1014, "price": 12.739}, {"time_stamp": 14, "origin": 0, "destination": 2, "demand": 708, "price": 12.739}, {"time_stamp": 15, "origin": 0, "destination": 2, "demand": 708, "price": 12.739}, {"time_stamp": 0, "origin": 0, "destination": 3, "demand": 761, "price": 9.372}, {"time_stamp": 1, "origin": 0, "destination": 3, "demand": 761, "price": 9.372}, {"time_stamp": 2, "origin": 0, "destination": 3, "demand": 782, "price": 9.463000000000001}, {"time_stamp": 3, "origin": 0, "destination": 3, "demand": 782, "price": 9.463000000000001}, {"time_stamp": 4, "origin": 0, "destination": 3, "demand": 990, "price": 9.372}, {"time_stamp": 5, "origin": 0, "destination": 3, "demand": 990, "price": 9.372}, {"time_stamp": 6, "origin": 0, "destination": 3, "demand": 1156, "price": 9.372}, {"time_stamp": 7, "origin": 0, "destination": 3, "demand": 1156, "price": 9.372}, {"time_stamp": 8, "origin": 0, "destination": 3, "demand": 978, "price": 9.281}, {"time_stamp": 9, "origin": 0, "destination": 3, "demand": 978, "price": 9.281}, {"time_stamp": 10, "origin": 0, "destination": 3, "demand": 1122, "price": 9.281}, {"time_stamp": 11, "origin": 0, "destination": 3, "demand": 1122, "price": 9.281}, {"time_stamp": 12, "origin": 0, "destination": 3, "demand": 919, "price": 9.281}, {"time_stamp": 13, "origin": 0, "destination": 3, "demand": 919, "price": 9.281}, {"time_stamp": 14, "origin": 0, "destination": 3, "demand": 642, "price": 9.190000000000001}, {"time_stamp": 15, "origin": 0, "destination": 3, "demand": 642, "price": 9.190000000000001}, {"time_stamp": 0, "origin": 0, "destination": 4, "demand": 1004, "price": 10.191}, {"time_stamp": 1, "origin": 0, "destination": 4, "demand": 1004, "price": 10.191}, {"time_stamp": 2, "origin": 0, "destination": 4, "demand": 1087, "price": 10.100000000000001}, {"time_stamp": 3, "origin": 0, "destination": 4, "demand": 1087, "price": 10.100000000000001}, {"time_stamp": 4, "origin": 0, "destination": 4, "demand": 1390, "price": 10.100000000000001}, {"time_stamp": 5, "origin": 0, "destination": 4, "demand": 1390, "price": 10.100000000000001}, {"time_stamp": 6, "origin": 0, "destination": 4, "demand": 1872, "price": 10.100000000000001}, {"time_stamp": 7, "origin": 0, "destination": 4, "demand": 1872, "price": 10.100000000000001}, {"time_stamp": 8, "origin": 0, "destination": 4, "demand": 1700, "price": 10.100000000000001}, {"time_stamp": 9, "origin": 0, "destination": 4, "demand": 1700, "price": 10.100000000000001}, {"time_stamp": 10, "origin": 0, "destination": 4, "demand": 1866, "price": 10.100000000000001}, {"time_stamp": 11, "origin": 0, "destination": 4, "demand": 1866, "price": 10.100000000000001}, {"time_stamp": 12, "origin": 0, "destination": 4, "demand": 1588, "price": 10.100000000000001}, {"time_stamp": 13, "origin": 0, "destination": 4, "demand": 1588, "price": 10.100000000000001}, {"time_stamp": 14, "origin": 0, "destination": 4, "demand": 1086, "price": 10.100000000000001}, {"time_stamp": 15, "origin": 0, "destination": 4, "demand": 1086, "price": 10.100000000000001}, {"time_stamp": 0, "origin": 1, "destination": 0, "demand": 1207, "price": 10.100000000000001}, {"time_stamp": 1, "origin": 1, "destination": 0, "demand": 1207, "price": 10.100000000000001}, {"time_stamp": 2, "origin": 1, "destination": 0, "demand": 1354, "price": 10.282}, {"time_stamp": 3, "origin": 1, "destination": 0, "demand": 1354, "price": 10.282}, {"time_stamp": 4, "origin": 1, "destination": 0, "demand": 1533, "price": 10.191}, {"time_stamp": 5, "origin": 1, "destination": 0, "demand": 1533, "price": 10.191}, {"time_stamp": 6, "origin": 1, "destination": 0, "demand": 2004, "price": 10.191}, {"time_stamp": 7, "origin": 1, "destination": 0, "demand": 2004, "price": 10.191}, {"time_stamp": 8, "origin": 1, "destination": 0, "demand": 1974, "price": 10.100000000000001}, {"time_stamp": 9, "origin": 1, "destination": 0, "demand": 1974, "price": 10.100000000000001}, {"time_stamp": 10, "origin": 1, "destination": 0, "demand": 2314, "price": 10.100000000000001}, {"time_stamp": 11, "origin": 1, "destination": 0, "demand": 2314, "price": 10.100000000000001}, {"time_stamp": 12, "origin": 1, "destination": 0, "demand": 1852, "price": 10.100000000000001}, {"time_stamp": 13, "origin": 1, "destination": 0, "demand": 1852, "price": 10.100000000000001}, {"time_stamp": 14, "origin": 1, "destination": 0, "demand": 1402, "price": 10.100000000000001}, {"time_stamp": 15, "origin": 1, "destination": 0, "demand": 1402, "price": 10.100000000000001}, {"time_stamp": 0, "origin": 1, "destination": 1, "demand": 4124, "price": 7.37}, {"time_stamp": 1, "origin": 1, "destination": 1, "demand": 4124, "price": 7.37}, {"time_stamp": 2, "origin": 1, "destination": 1, "demand": 4246, "price": 7.37}, {"time_stamp": 3, "origin": 1, "destination": 1, "demand": 4246, "price": 7.37}, {"time_stamp": 4, "origin": 1, "destination": 1, "demand": 4584, "price": 7.37}, {"time_stamp": 5, "origin": 1, "destination": 1, "demand": 4584, "price": 7.37}, {"time_stamp": 6, "origin": 1, "destination": 1, "demand": 5252, "price": 7.37}, {"time_stamp": 7, "origin": 1, "destination": 1, "demand": 5252, "price": 7.37}, {"time_stamp": 8, "origin": 1, "destination": 1, "demand": 5110, "price": 7.37}, {"time_stamp": 9, "origin": 1, "destination": 1, "demand": 5110, "price": 7.37}, {"time_stamp": 10, "origin": 1, "destination": 1, "demand": 5423, "price": 7.279000000000001}, {"time_stamp": 11, "origin": 1, "destination": 1, "demand": 5423, "price": 7.279000000000001}, {"time_stamp": 12, "origin": 1, "destination": 1, "demand": 4438, "price": 7.279000000000001}, {"time_stamp": 13, "origin": 1, "destination": 1, "demand": 4438, "price": 7.279000000000001}, {"time_stamp": 14, "origin": 1, "destination": 1, "demand": 3328, "price": 7.279000000000001}, {"time_stamp": 15, "origin": 1, "destination": 1, "demand": 3328, "price": 7.279000000000001}, {"time_stamp": 0, "origin": 1, "destination": 2, "demand": 2324, "price": 10.282}, {"time_stamp": 1, "origin": 1, "destination": 2, "demand": 2324, "price": 10.282}, {"time_stamp": 2, "origin": 1, "destination": 2, "demand": 2374, "price": 10.282}, {"time_stamp": 3, "origin": 1, "destination": 2, "demand": 2374, "price": 10.282}, {"time_stamp": 4, "origin": 1, "destination": 2, "demand": 2567, "price": 10.282}, {"time_stamp": 5, "origin": 1, "destination": 2, "demand": 2567, "price": 10.282}, {"time_stamp": 6, "origin": 1, "destination": 2, "demand": 2955, "price": 10.373000000000001}, {"time_stamp": 7, "origin": 1, "destination": 2, "demand": 2955, "price": 10.373000000000001}, {"time_stamp": 8, "origin": 1, "destination": 2, "demand": 2940, "price": 10.282}, {"time_stamp": 9, "origin": 1, "destination": 2, "demand": 2940, "price": 10.282}, {"time_stamp": 10, "origin": 1, "destination": 2, "demand": 2896, "price": 10.282}, {"time_stamp": 11, "origin": 1, "destination": 2, "demand": 2896, "price": 10.282}, {"time_stamp": 12, "origin": 1, "destination": 2, "demand": 2165, "price": 10.282}, {"time_stamp": 13, "origin": 1, "destination": 2, "demand": 2165, "price": 10.282}, {"time_stamp": 14, "origin": 1, "destination": 2, "demand": 1599, "price": 10.191}, {"time_stamp": 15, "origin": 1, "destination": 2, "demand": 1599, "price": 10.191}, {"time_stamp": 0, "origin": 1, "destination": 3, "demand": 846, "price": 9.372}, {"time_stamp": 1, "origin": 1, "destination": 3, "demand": 846, "price": 9.372}, {"time_stamp": 2, "origin": 1, "destination": 3, "demand": 800, "price": 9.372}, {"time_stamp": 3, "origin": 1, "destination": 3, "demand": 800, "price": 9.372}, {"time_stamp": 4, "origin": 1, "destination": 3, "demand": 894, "price": 9.372}, {"time_stamp": 5, "origin": 1, "destination": 3, "demand": 894, "price": 9.372}, {"time_stamp": 6, "origin": 1, "destination": 3, "demand": 1101, "price": 9.372}, {"time_stamp": 7, "origin": 1, "destination": 3, "demand": 1101, "price": 9.372}, {"time_stamp": 8, "origin": 1, "destination": 3, "demand": 1098, "price": 9.281}, {"time_stamp": 9, "origin": 1, "destination": 3, "demand": 1098, "price": 9.281}, {"time_stamp": 10, "origin": 1, "destination": 3, "demand": 1128, "price": 9.281}, {"time_stamp": 11, "origin": 1, "destination": 3, "demand": 1128, "price": 9.281}, {"time_stamp": 12, "origin": 1, "destination": 3, "demand": 962, "price": 9.281}, {"time_stamp": 13, "origin": 1, "destination": 3, "demand": 962, "price": 9.281}, {"time_stamp": 14, "origin": 1, "destination": 3, "demand": 711, "price": 9.281}, {"time_stamp": 15, "origin": 1, "destination": 3, "demand": 711, "price": 9.281}, {"time_stamp": 0, "origin": 1, "destination": 4, "demand": 259, "price": 13.48}, {"time_stamp": 1, "origin": 1, "destination": 4, "demand": 259, "price": 13.48}, {"time_stamp": 2, "origin": 1, "destination": 4, "demand": 294, "price": 13.571000000000002}, {"time_stamp": 3, "origin": 1, "destination": 4, "demand": 294, "price": 13.571000000000002}, {"time_stamp": 4, "origin": 1, "destination": 4, "demand": 330, "price": 13.571000000000002}, {"time_stamp": 5, "origin": 1, "destination": 4, "demand": 330, "price": 13.571000000000002}, {"time_stamp": 6, "origin": 1, "destination": 4, "demand": 446, "price": 13.571000000000002}, {"time_stamp": 7, "origin": 1, "destination": 4, "demand": 446, "price": 13.571000000000002}, {"time_stamp": 8, "origin": 1, "destination": 4, "demand": 518, "price": 13.571000000000002}, {"time_stamp": 9, "origin": 1, "destination": 4, "demand": 518, "price": 13.571000000000002}, {"time_stamp": 10, "origin": 1, "destination": 4, "demand": 544, "price": 13.48}, {"time_stamp": 11, "origin": 1, "destination": 4, "demand": 544, "price": 13.48}, {"time_stamp": 12, "origin": 1, "destination": 4, "demand": 427, "price": 13.285}, {"time_stamp": 13, "origin": 1, "destination": 4, "demand": 427, "price": 13.285}, {"time_stamp": 14, "origin": 1, "destination": 4, "demand": 310, "price": 13.285}, {"time_stamp": 15, "origin": 1, "destination": 4, "demand": 310, "price": 13.285}, {"time_stamp": 0, "origin": 2, "destination": 0, "demand": 959, "price": 12.739}, {"time_stamp": 1, "origin": 2, "destination": 0, "demand": 959, "price": 12.739}, {"time_stamp": 2, "origin": 2, "destination": 0, "demand": 1112, "price": 12.843}, {"time_stamp": 3, "origin": 2, "destination": 0, "demand": 1112, "price": 12.843}, {"time_stamp": 4, "origin": 2, "destination": 0, "demand": 1536, "price": 12.751999999999999}, {"time_stamp": 5, "origin": 2, "destination": 0, "demand": 1536, "price": 12.751999999999999}, {"time_stamp": 6, "origin": 2, "destination": 0, "demand": 1956, "price": 12.660999999999998}, {"time_stamp": 7, "origin": 2, "destination": 0, "demand": 1956, "price": 12.660999999999998}, {"time_stamp": 8, "origin": 2, "destination": 0, "demand": 2482, "price": 12.660999999999998}, {"time_stamp": 9, "origin": 2, "destination": 0, "demand": 2482, "price": 12.660999999999998}, {"time_stamp": 10, "origin": 2, "destination": 0, "demand": 2740, "price": 12.556999999999999}, {"time_stamp": 11, "origin": 2, "destination": 0, "demand": 2740, "price": 12.556999999999999}, {"time_stamp": 12, "origin": 2, "destination": 0, "demand": 1868, "price": 12.648}, {"time_stamp": 13, "origin": 2, "destination": 0, "demand": 1868, "price": 12.648}, {"time_stamp": 14, "origin": 2, "destination": 0, "demand": 1398, "price": 12.648}, {"time_stamp": 15, "origin": 2, "destination": 0, "demand": 1398, "price": 12.648}, {"time_stamp": 0, "origin": 2, "destination": 1, "demand": 2312, "price": 10.282}, {"time_stamp": 1, "origin": 2, "destination": 1, "demand": 2312, "price": 10.282}, {"time_stamp": 2, "origin": 2, "destination": 1, "demand": 2576, "price": 10.282}, {"time_stamp": 3, "origin": 2, "destination": 1, "demand": 2576, "price": 10.282}, {"time_stamp": 4, "origin": 2, "destination": 1, "demand": 2974, "price": 10.282}, {"time_stamp": 5, "origin": 2, "destination": 1, "demand": 2974, "price": 10.282}, {"time_stamp": 6, "origin": 2, "destination": 1, "demand": 3441, "price": 10.191}, {"time_stamp": 7, "origin": 2, "destination": 1, "demand": 3441, "price": 10.191}, {"time_stamp": 8, "origin": 2, "destination": 1, "demand": 4560, "price": 10.191}, {"time_stamp": 9, "origin": 2, "destination": 1, "demand": 4560, "price": 10.191}, {"time_stamp": 10, "origin": 2, "destination": 1, "demand": 4940, "price": 10.191}, {"time_stamp": 11, "origin": 2, "destination": 1, "demand": 4940, "price": 10.191}, {"time_stamp": 12, "origin": 2, "destination": 1, "demand": 3506, "price": 10.191}, {"time_stamp": 13, "origin": 2, "destination": 1, "demand": 3506, "price": 10.191}, {"time_stamp": 14, "origin": 2, "destination": 1, "demand": 2434, "price": 10.282}, {"time_stamp": 15, "origin": 2, "destination": 1, "demand": 2434, "price": 10.282}, {"time_stamp": 0, "origin": 2, "destination": 2, "demand": 22857, "price": 7.37}, {"time_stamp": 1, "origin": 2, "destination": 2, "demand": 22857, "price": 7.37}, {"time_stamp": 2, "origin": 2, "destination": 2, "demand": 22718, "price": 7.37}, {"time_stamp": 3, "origin": 2, "destination": 2, "demand": 22718, "price": 7.37}, {"time_stamp": 4, "origin": 2, "destination": 2, "demand": 23598, "price": 7.37}, {"time_stamp": 5, "origin": 2, "destination": 2, "demand": 23598, "price": 7.37}, {"time_stamp": 6, "origin": 2, "destination": 2, "demand": 25659, "price": 7.37}, {"time_stamp": 7, "origin": 2, "destination": 2, "demand": 25659, "price": 7.37}, {"time_stamp": 8, "origin": 2, "destination": 2, "demand": 29494, "price": 7.279000000000001}, {"time_stamp": 9, "origin": 2, "destination": 2, "demand": 29494, "price": 7.279000000000001}, {"time_stamp": 10, "origin": 2, "destination": 2, "demand": 33104, "price": 7.279000000000001}, {"time_stamp": 11, "origin": 2, "destination": 2, "demand": 33104, "price": 7.279000000000001}, {"time_stamp": 12, "origin": 2, "destination": 2, "demand": 25100, "price": 7.279000000000001}, {"time_stamp": 13, "origin": 2, "destination": 2, "demand": 25100, "price": 7.279000000000001}, {"time_stamp": 14, "origin": 2, "destination": 2, "demand": 17986, "price": 7.279000000000001}, {"time_stamp": 15, "origin": 2, "destination": 2, "demand": 17986, "price": 7.279000000000001}, {"time_stamp": 0, "origin": 2, "destination": 3, "demand": 2798, "price": 8.735}, {"time_stamp": 1, "origin": 2, "destination": 3, "demand": 2798, "price": 8.735}, {"time_stamp": 2, "origin": 2, "destination": 3, "demand": 2858, "price": 8.735}, {"time_stamp": 3, "origin": 2, "destination": 3, "demand": 2858, "price": 8.735}, {"time_stamp": 4, "origin": 2, "destination": 3, "demand": 3294, "price": 8.644}, {"time_stamp": 5, "origin": 2, "destination": 3, "demand": 3294, "price": 8.644}, {"time_stamp": 6, "origin": 2, "destination": 3, "demand": 3942, "price": 8.644}, {"time_stamp": 7, "origin": 2, "destination": 3, "demand": 3942, "price": 8.644}, {"time_stamp": 8, "origin": 2, "destination": 3, "demand": 4495, "price": 8.644}, {"time_stamp": 9, "origin": 2, "destination": 3, "demand": 4495, "price": 8.644}, {"time_stamp": 10, "origin": 2, "destination": 3, "demand": 5121, "price": 8.644}, {"time_stamp": 11, "origin": 2, "destination": 3, "demand": 5121, "price": 8.644}, {"time_stamp": 12, "origin": 2, "destination": 3, "demand": 4038, "price": 8.644}, {"time_stamp": 13, "origin": 2, "destination": 3, "demand": 4038, "price": 8.644}, {"time_stamp": 14, "origin": 2, "destination": 3, "demand": 3046, "price": 8.644}, {"time_stamp": 15, "origin": 2, "destination": 3, "demand": 3046, "price": 8.644}, {"time_stamp": 0, "origin": 2, "destination": 4, "demand": 1889, "price": 11.010000000000002}, {"time_stamp": 1, "origin": 2, "destination": 4, "demand": 1889, "price": 11.010000000000002}, {"time_stamp": 2, "origin": 2, "destination": 4, "demand": 2074, "price": 11.010000000000002}, {"time_stamp": 3, "origin": 2, "destination": 4, "demand": 2074, "price": 11.010000000000002}, {"time_stamp": 4, "origin": 2, "destination": 4, "demand": 2497, "price": 10.919}, {"time_stamp": 5, "origin": 2, "destination": 4, "demand": 2497, "price": 10.919}, {"time_stamp": 6, "origin": 2, "destination": 4, "demand": 3130, "price": 10.828}, {"time_stamp": 7, "origin": 2, "destination": 4, "demand": 3130, "price": 10.828}, {"time_stamp": 8, "origin": 2, "destination": 4, "demand": 3422, "price": 10.919}, {"time_stamp": 9, "origin": 2, "destination": 4, "demand": 3422, "price": 10.919}, {"time_stamp": 10, "origin": 2, "destination": 4, "demand": 3827, "price": 10.919}, {"time_stamp": 11, "origin": 2, "destination": 4, "demand": 3827, "price": 10.919}, {"time_stamp": 12, "origin": 2, "destination": 4, "demand": 2810, "price": 10.919}, {"time_stamp": 13, "origin": 2, "destination": 4, "demand": 2810, "price": 10.919}, {"time_stamp": 14, "origin": 2, "destination": 4, "demand": 2110, "price": 10.919}, {"time_stamp": 15, "origin": 2, "destination": 4, "demand": 2110, "price": 10.919}, {"time_stamp": 0, "origin": 3, "destination": 0, "demand": 744, "price": 9.372}, {"time_stamp": 1, "origin": 3, "destination": 0, "demand": 744, "price": 9.372}, {"time_stamp": 2, "origin": 3, "destination": 0, "demand": 774, "price": 9.372}, {"time_stamp": 3, "origin": 3, "destination": 0, "demand": 774, "price": 9.372}, {"time_stamp": 4, "origin": 3, "destination": 0, "demand": 936, "price": 9.372}, {"time_stamp": 5, "origin": 3, "destination": 0, "demand": 936, "price": 9.372}, {"time_stamp": 6, "origin": 3, "destination": 0, "demand": 1359, "price": 9.281}, {"time_stamp": 7, "origin": 3, "destination": 0, "demand": 1359, "price": 9.281}, {"time_stamp": 8, "origin": 3, "destination": 0, "demand": 1376, "price": 9.190000000000001}, {"time_stamp": 9, "origin": 3, "destination": 0, "demand": 1376, "price": 9.190000000000001}, {"time_stamp": 10, "origin": 3, "destination": 0, "demand": 1539, "price": 9.281}, {"time_stamp": 11, "origin": 3, "destination": 0, "demand": 1539, "price": 9.281}, {"time_stamp": 12, "origin": 3, "destination": 0, "demand": 1282, "price": 9.281}, {"time_stamp": 13, "origin": 3, "destination": 0, "demand": 1282, "price": 9.281}, {"time_stamp": 14, "origin": 3, "destination": 0, "demand": 928, "price": 9.281}, {"time_stamp": 15, "origin": 3, "destination": 0, "demand": 928, "price": 9.281}, {"time_stamp": 0, "origin": 3, "destination": 1, "demand": 744, "price": 9.372}, {"time_stamp": 1, "origin": 3, "destination": 1, "demand": 744, "price": 9.372}, {"time_stamp": 2, "origin": 3, "destination": 1, "demand": 828, "price": 9.372}, {"time_stamp": 3, "origin": 3, "destination": 1, "demand": 828, "price": 9.372}, {"time_stamp": 4, "origin": 3, "destination": 1, "demand": 1026, "price": 9.281}, {"time_stamp": 5, "origin": 3, "destination": 1, "demand": 1026, "price": 9.281}, {"time_stamp": 6, "origin": 3, "destination": 1, "demand": 1136, "price": 9.281}, {"time_stamp": 7, "origin": 3, "destination": 1, "demand": 1136, "price": 9.281}, {"time_stamp": 8, "origin": 3, "destination": 1, "demand": 1250, "price": 9.281}, {"time_stamp": 9, "origin": 3, "destination": 1, "demand": 1250, "price": 9.281}, {"time_stamp": 10, "origin": 3, "destination": 1, "demand": 1330, "price": 9.190000000000001}, {"time_stamp": 11, "origin": 3, "destination": 1, "demand": 1330, "price": 9.190000000000001}, {"time_stamp": 12, "origin": 3, "destination": 1, "demand": 1144, "price": 9.281}, {"time_stamp": 13, "origin": 3, "destination": 1, "demand": 1144, "price": 9.281}, {"time_stamp": 14, "origin": 3, "destination": 1, "demand": 854, "price": 9.281}, {"time_stamp": 15, "origin": 3, "destination": 1, "demand": 854, "price": 9.281}, {"time_stamp": 0, "origin": 3, "destination": 2, "demand": 2838, "price": 8.735}, {"time_stamp": 1, "origin": 3, "destination": 2, "demand": 2838, "price": 8.735}, {"time_stamp": 2, "origin": 3, "destination": 2, "demand": 2889, "price": 8.735}, {"time_stamp": 3, "origin": 3, "destination": 2, "demand": 2889, "price": 8.735}, {"time_stamp": 4, "origin": 3, "destination": 2, "demand": 2908, "price": 8.735}, {"time_stamp": 5, "origin": 3, "destination": 2, "demand": 2908, "price": 8.735}, {"time_stamp": 6, "origin": 3, "destination": 2, "demand": 3151, "price": 8.735}, {"time_stamp": 7, "origin": 3, "destination": 2, "demand": 3151, "price": 8.735}, {"time_stamp": 8, "origin": 3, "destination": 2, "demand": 3178, "price": 8.735}, {"time_stamp": 9, "origin": 3, "destination": 2, "demand": 3178, "price": 8.735}, {"time_stamp": 10, "origin": 3, "destination": 2, "demand": 3234, "price": 8.735}, {"time_stamp": 11, "origin": 3, "destination": 2, "demand": 3234, "price": 8.735}, {"time_stamp": 12, "origin": 3, "destination": 2, "demand": 2782, "price": 8.735}, {"time_stamp": 13, "origin": 3, "destination": 2, "demand": 2782, "price": 8.735}, {"time_stamp": 14, "origin": 3, "destination": 2, "demand": 2298, "price": 8.735}, {"time_stamp": 15, "origin": 3, "destination": 2, "demand": 2298, "price": 8.735}, {"time_stamp": 0, "origin": 3, "destination": 3, "demand": 2902, "price": 6.824000000000001}, {"time_stamp": 1, "origin": 3, "destination": 3, "demand": 2902, "price": 6.824000000000001}, {"time_stamp": 2, "origin": 3, "destination": 3, "demand": 2848, "price": 6.7330000000000005}, {"time_stamp": 3, "origin": 3, "destination": 3, "demand": 2848, "price": 6.7330000000000005}, {"time_stamp": 4, "origin": 3, "destination": 3, "demand": 3094, "price": 6.7330000000000005}, {"time_stamp": 5, "origin": 3, "destination": 3, "demand": 3094, "price": 6.7330000000000005}, {"time_stamp": 6, "origin": 3, "destination": 3, "demand": 3802, "price": 6.7330000000000005}, {"time_stamp": 7, "origin": 3, "destination": 3, "demand": 3802, "price": 6.7330000000000005}, {"time_stamp": 8, "origin": 3, "destination": 3, "demand": 3947, "price": 6.7330000000000005}, {"time_stamp": 9, "origin": 3, "destination": 3, "demand": 3947, "price": 6.7330000000000005}, {"time_stamp": 10, "origin": 3, "destination": 3, "demand": 4316, "price": 6.7330000000000005}, {"time_stamp": 11, "origin": 3, "destination": 3, "demand": 4316, "price": 6.7330000000000005}, {"time_stamp": 12, "origin": 3, "destination": 3, "demand": 3753, "price": 6.7330000000000005}, {"time_stamp": 13, "origin": 3, "destination": 3, "demand": 3753, "price": 6.7330000000000005}, {"time_stamp": 14, "origin": 3, "destination": 3, "demand": 2914, "price": 6.7330000000000005}, {"time_stamp": 15, "origin": 3, "destination": 3, "demand": 2914, "price": 6.7330000000000005}, {"time_stamp": 0, "origin": 3, "destination": 4, "demand": 750, "price": 9.554000000000002}, {"time_stamp": 1, "origin": 3, "destination": 4, "demand": 750, "price": 9.554000000000002}, {"time_stamp": 2, "origin": 3, "destination": 4, "demand": 826, "price": 9.554000000000002}, {"time_stamp": 3, "origin": 3, "destination": 4, "demand": 826, "price": 9.554000000000002}, {"time_stamp": 4, "origin": 3, "destination": 4, "demand": 1029, "price": 9.463000000000001}, {"time_stamp": 5, "origin": 3, "destination": 4, "demand": 1029, "price": 9.463000000000001}, {"time_stamp": 6, "origin": 3, "destination": 4, "demand": 1307, "price": 9.463000000000001}, {"time_stamp": 7, "origin": 3, "destination": 4, "demand": 1307, "price": 9.463000000000001}, {"time_stamp": 8, "origin": 3, "destination": 4, "demand": 1436, "price": 9.463000000000001}, {"time_stamp": 9, "origin": 3, "destination": 4, "demand": 1436, "price": 9.463000000000001}, {"time_stamp": 10, "origin": 3, "destination": 4, "demand": 1384, "price": 9.463000000000001}, {"time_stamp": 11, "origin": 3, "destination": 4, "demand": 1384, "price": 9.463000000000001}, {"time_stamp": 12, "origin": 3, "destination": 4, "demand": 1137, "price": 9.463000000000001}, {"time_stamp": 13, "origin": 3, "destination": 4, "demand": 1137, "price": 9.463000000000001}, {"time_stamp": 14, "origin": 3, "destination": 4, "demand": 782, "price": 9.463000000000001}, {"time_stamp": 15, "origin": 3, "destination": 4, "demand": 782, "price": 9.463000000000001}, {"time_stamp": 0, "origin": 4, "destination": 0, "demand": 948, "price": 10.282}, {"time_stamp": 1, "origin": 4, "destination": 0, "demand": 948, "price": 10.282}, {"time_stamp": 2, "origin": 4, "destination": 0, "demand": 1048, "price": 10.282}, {"time_stamp": 3, "origin": 4, "destination": 0, "demand": 1048, "price": 10.282}, {"time_stamp": 4, "origin": 4, "destination": 0, "demand": 1298, "price": 10.282}, {"time_stamp": 5, "origin": 4, "destination": 0, "demand": 1298, "price": 10.282}, {"time_stamp": 6, "origin": 4, "destination": 0, "demand": 1458, "price": 10.191}, {"time_stamp": 7, "origin": 4, "destination": 0, "demand": 1458, "price": 10.191}, {"time_stamp": 8, "origin": 4, "destination": 0, "demand": 1506, "price": 10.100000000000001}, {"time_stamp": 9, "origin": 4, "destination": 0, "demand": 1506, "price": 10.100000000000001}, {"time_stamp": 10, "origin": 4, "destination": 0, "demand": 1656, "price": 10.100000000000001}, {"time_stamp": 11, "origin": 4, "destination": 0, "demand": 1656, "price": 10.100000000000001}, {"time_stamp": 12, "origin": 4, "destination": 0, "demand": 1274, "price": 10.100000000000001}, {"time_stamp": 13, "origin": 4, "destination": 0, "demand": 1274, "price": 10.100000000000001}, {"time_stamp": 14, "origin": 4, "destination": 0, "demand": 998, "price": 10.100000000000001}, {"time_stamp": 15, "origin": 4, "destination": 0, "demand": 998, "price": 10.100000000000001}, {"time_stamp": 0, "origin": 4, "destination": 1, "demand": 277, "price": 13.571000000000002}, {"time_stamp": 1, "origin": 4, "destination": 1, "demand": 277, "price": 13.571000000000002}, {"time_stamp": 2, "origin": 4, "destination": 1, "demand": 306, "price": 13.571000000000002}, {"time_stamp": 3, "origin": 4, "destination": 1, "demand": 306, "price": 13.571000000000002}, {"time_stamp": 4, "origin": 4, "destination": 1, "demand": 286, "price": 13.571000000000002}, {"time_stamp": 5, "origin": 4, "destination": 1, "demand": 286, "price": 13.571000000000002}, {"time_stamp": 6, "origin": 4, "destination": 1, "demand": 358, "price": 13.48}, {"time_stamp": 7, "origin": 4, "destination": 1, "demand": 358, "price": 13.48}, {"time_stamp": 8, "origin": 4, "destination": 1, "demand": 334, "price": 13.571000000000002}, {"time_stamp": 9, "origin": 4, "destination": 1, "demand": 334, "price": 13.571000000000002}, {"time_stamp": 10, "origin": 4, "destination": 1, "demand": 307, "price": 13.48}, {"time_stamp": 11, "origin": 4, "destination": 1, "demand": 307, "price": 13.48}, {"time_stamp": 12, "origin": 4, "destination": 1, "demand": 256, "price": 13.285}, {"time_stamp": 13, "origin": 4, "destination": 1, "demand": 256, "price": 13.285}, {"time_stamp": 14, "origin": 4, "destination": 1, "demand": 186, "price": 13.285}, {"time_stamp": 15, "origin": 4, "destination": 1, "demand": 186, "price": 13.285}, {"time_stamp": 0, "origin": 4, "destination": 2, "demand": 2124, "price": 10.919}, {"time_stamp": 1, "origin": 4, "destination": 2, "demand": 2124, "price": 10.919}, {"time_stamp": 2, "origin": 4, "destination": 2, "demand": 2244, "price": 11.010000000000002}, {"time_stamp": 3, "origin": 4, "destination": 2, "demand": 2244, "price": 11.010000000000002}, {"time_stamp": 4, "origin": 4, "destination": 2, "demand": 2386, "price": 10.919}, {"time_stamp": 5, "origin": 4, "destination": 2, "demand": 2386, "price": 10.919}, {"time_stamp": 6, "origin": 4, "destination": 2, "demand": 2238, "price": 11.010000000000002}, {"time_stamp": 7, "origin": 4, "destination": 2, "demand": 2238, "price": 11.010000000000002}, {"time_stamp": 8, "origin": 4, "destination": 2, "demand": 2168, "price": 11.010000000000002}, {"time_stamp": 9, "origin": 4, "destination": 2, "demand": 2168, "price": 11.010000000000002}, {"time_stamp": 10, "origin": 4, "destination": 2, "demand": 2041, "price": 11.010000000000002}, {"time_stamp": 11, "origin": 4, "destination": 2, "demand": 2041, "price": 11.010000000000002}, {"time_stamp": 12, "origin": 4, "destination": 2, "demand": 1604, "price": 11.010000000000002}, {"time_stamp": 13, "origin": 4, "destination": 2, "demand": 1604, "price": 11.010000000000002}, {"time_stamp": 14, "origin": 4, "destination": 2, "demand": 1246, "price": 11.100999999999999}, {"time_stamp": 15, "origin": 4, "destination": 2, "demand": 1246, "price": 11.100999999999999}, {"time_stamp": 0, "origin": 4, "destination": 3, "demand": 768, "price": 9.463000000000001}, {"time_stamp": 1, "origin": 4, "destination": 3, "demand": 768, "price": 9.463000000000001}, {"time_stamp": 2, "origin": 4, "destination": 3, "demand": 830, "price": 9.463000000000001}, {"time_stamp": 3, "origin": 4, "destination": 3, "demand": 830, "price": 9.463000000000001}, {"time_stamp": 4, "origin": 4, "destination": 3, "demand": 900, "price": 9.372}, {"time_stamp": 5, "origin": 4, "destination": 3, "demand": 900, "price": 9.372}, {"time_stamp": 6, "origin": 4, "destination": 3, "demand": 1006, "price": 9.372}, {"time_stamp": 7, "origin": 4, "destination": 3, "demand": 1006, "price": 9.372}, {"time_stamp": 8, "origin": 4, "destination": 3, "demand": 990, "price": 9.372}, {"time_stamp": 9, "origin": 4, "destination": 3, "demand": 990, "price": 9.372}, {"time_stamp": 10, "origin": 4, "destination": 3, "demand": 984, "price": 9.372}, {"time_stamp": 11, "origin": 4, "destination": 3, "demand": 984, "price": 9.372}, {"time_stamp": 12, "origin": 4, "destination": 3, "demand": 758, "price": 9.463000000000001}, {"time_stamp": 13, "origin": 4, "destination": 3, "demand": 758, "price": 9.463000000000001}, {"time_stamp": 14, "origin": 4, "destination": 3, "demand": 530, "price": 9.554000000000002}, {"time_stamp": 15, "origin": 4, "destination": 3, "demand": 530, "price": 9.554000000000002}, {"time_stamp": 0, "origin": 4, "destination": 4, "demand": 3839, "price": 7.37}, {"time_stamp": 1, "origin": 4, "destination": 4, "demand": 3839, "price": 7.37}, {"time_stamp": 2, "origin": 4, "destination": 4, "demand": 4070, "price": 7.279000000000001}, {"time_stamp": 3, "origin": 4, "destination": 4, "demand": 4070, "price": 7.279000000000001}, {"time_stamp": 4, "origin": 4, "destination": 4, "demand": 4351, "price": 7.279000000000001}, {"time_stamp": 5, "origin": 4, "destination": 4, "demand": 4351, "price": 7.279000000000001}, {"time_stamp": 6, "origin": 4, "destination": 4, "demand": 4652, "price": 7.279000000000001}, {"time_stamp": 7, "origin": 4, "destination": 4, "demand": 4652, "price": 7.279000000000001}, {"time_stamp": 8, "origin": 4, "destination": 4, "demand": 4944, "price": 7.279000000000001}, {"time_stamp": 9, "origin": 4, "destination": 4, "demand": 4944, "price": 7.279000000000001}, {"time_stamp": 10, "origin": 4, "destination": 4, "demand": 5084, "price": 7.279000000000001}, {"time_stamp": 11, "origin": 4, "destination": 4, "demand": 5084, "price": 7.279000000000001}, {"time_stamp": 12, "origin": 4, "destination": 4, "demand": 4296, "price": 7.279000000000001}, {"time_stamp": 13, "origin": 4, "destination": 4, "demand": 4296, "price": 7.279000000000001}, {"time_stamp": 14, "origin": 4, "destination": 4, "demand": 3176, "price": 7.279000000000001}, {"time_stamp": 15, "origin": 4, "destination": 4, "demand": 3176, "price": 7.279000000000001}], "rebTime": [{"time_stamp": 0, "origin": 0, "destination": 0, "reb_time": 1}, {"time_stamp": 1, "origin": 0, "destination": 0, "reb_time": 1}, {"time_stamp": 2, "origin": 0, "destination": 0, "reb_time": 1}, {"time_stamp": 3, "origin": 0, "destination": 0, "reb_time": 1}, {"time_stamp": 4, "origin": 0, "destination": 0, "reb_time": 1}, {"time_stamp": 5, "origin": 0, "destination": 0, "reb_time": 1}, {"time_stamp": 6, "origin": 0, "destination": 0, "reb_time": 1}, {"time_stamp": 7, "origin": 0, "destination": 0, "reb_time": 1}, {"time_stamp": 8, "origin": 0, "destination": 0, "reb_time": 1}, {"time_stamp": 9, "origin": 0, "destination": 0, "reb_time": 1}, {"time_stamp": 10, "origin": 0, "destination": 0, "reb_time": 1}, {"time_stamp": 11, "origin": 0, "destination": 0, "reb_time": 1}, {"time_stamp": 12, "origin": 0, "destination": 0, "reb_time": 1}, {"time_stamp": 13, "origin": 0, "destination": 0, "reb_time": 1}, {"time_stamp": 14, "origin": 0, "destination": 0, "reb_time": 1}, {"time_stamp": 15, "origin": 0, "destination": 0, "reb_time": 1}, {"time_stamp": 0, "origin": 0, "destination": 1, "reb_time": 1}, {"time_stamp": 1, "origin": 0, "destination": 1, "reb_time": 1}, {"time_stamp": 2, "origin": 0, "destination": 1, "reb_time": 1}, {"time_stamp": 3, "origin": 0, "destination": 1, "reb_time": 1}, {"time_stamp": 4, "origin": 0, "destination": 1, "reb_time": 1}, {"time_stamp": 5, "origin": 0, "destination": 1, "reb_time": 1}, {"time_stamp": 6, "origin": 0, "destination": 1, "reb_time": 1}, {"time_stamp": 7, "origin": 0, "destination": 1, "reb_time": 1}, {"time_stamp": 8, "origin": 0, "destination": 1, "reb_time": 1}, {"time_stamp": 9, "origin": 0, "destination": 1, "reb_time": 1}, {"time_stamp": 10, "origin": 0, "destination": 1, "reb_time": 1}, {"time_stamp": 11, "origin": 0, "destination": 1, "reb_time": 1}, {"time_stamp": 12, "origin": 0, "destination": 1, "reb_time": 1}, {"time_stamp": 13, "origin": 0, "destination": 1, "reb_time": 1}, {"time_stamp": 14, "origin": 0, "destination": 1, "reb_time": 1}, {"time_stamp": 15, "origin": 0, "destination": 1, "reb_time": 1}, {"time_stamp": 0, "origin": 0, "destination": 2, "reb_time": 1}, {"time_stamp": 1, "origin": 0, "destination": 2, "reb_time": 1}, {"time_stamp": 2, "origin": 0, "destination": 2, "reb_time": 2}, {"time_stamp": 3, "origin": 0, "destination": 2, "reb_time": 2}, {"time_stamp": 4, "origin": 0, "destination": 2, "reb_time": 2}, {"time_stamp": 5, "origin": 0, "destination": 2, "reb_time": 2}, {"time_stamp": 6, "origin": 0, "destination": 2, "reb_time": 2}, {"time_stamp": 7, "origin": 0, "destination": 2, "reb_time": 2}, {"time_stamp": 8, "origin": 0, "destination": 2, "reb_time": 2}, {"time_stamp": 9, "origin": 0, "destination": 2, "reb_time": 2}, {"time_stamp": 10, "origin": 0, "destination": 2, "reb_time": 1}, {"time_stamp": 11, "origin": 0, "destination": 2, "reb_time": 1}, {"time_stamp": 12, "origin": 0, "destination": 2, "reb_time": 1}, {"time_stamp": 13, "origin": 0, "destination": 2, "reb_time": 1}, {"time_stamp": 14, "origin": 0, "destination": 2, "reb_time": 1}, {"time_stamp": 15, "origin": 0, "destination": 2, "reb_time": 1}, {"time_stamp": 0, "origin": 0, "destination": 3, "reb_time": 1}, {"time_stamp": 1, "origin": 0, "destination": 3, "reb_time": 1}, {"time_stamp": 2, "origin": 0, "destination": 3, "reb_time": 1}, {"time_stamp": 3, "origin": 0, "destination": 3, "reb_time": 1}, {"time_stamp": 4, "origin": 0, "destination": 3, "reb_time": 1}, {"time_stamp": 5, "origin": 0, "destination": 3, "reb_time": 1}, {"time_stamp": 6, "origin": 0, "destination": 3, "reb_time": 1}, {"time_stamp": 7, "origin": 0, "destination": 3, "reb_time": 1}, {"time_stamp": 8, "origin": 0, "destination": 3, "reb_time": 1}, {"time_stamp": 9, "origin": 0, "destination": 3, "reb_time": 1}, {"time_stamp": 10, "origin": 0, "destination": 3, "reb_time": 1}, {"time_stamp": 11, "origin": 0, "destination": 3, "reb_time": 1}, {"time_stamp": 12, "origin": 0, "destination": 3, "reb_time": 1}, {"time_stamp": 13, "origin": 0, "destination": 3, "reb_time": 1}, {"time_stamp": 14, "origin": 0, "destination": 3, "reb_time": 1}, {"time_stamp": 15, "origin": 0, "destination": 3, "reb_time": 1}, {"time_stamp": 0, "origin": 0, "destination": 4, "reb_time": 1}, {"time_stamp": 1, "origin": 0, "destination": 4, "reb_time": 1}, {"time_stamp": 2, "origin": 0, "destination": 4, "reb_time": 1}, {"time_stamp": 3, "origin": 0, "destination": 4, "reb_time": 1}, {"time_stamp": 4, "origin": 0, "destination": 4, "reb_time": 1}, {"time_stamp": 5, "origin": 0, "destination": 4, "reb_time": 1}, {"time_stamp": 6, "origin": 0, "destination": 4, "reb_time": 1}, {"time_stamp": 7, "origin": 0, "destination": 4, "reb_time": 1}, {"time_stamp": 8, "origin": 0, "destination": 4, "reb_time": 1}, {"time_stamp": 9, "origin": 0, "destination": 4, "reb_time": 1}, {"time_stamp": 10, "origin": 0, "destination": 4, "reb_time": 1}, {"time_stamp": 11, "origin": 0, "destination": 4, "reb_time": 1}, {"time_stamp": 12, "origin": 0, "destination": 4, "reb_time": 1}, {"time_stamp": 13, "origin": 0, "destination": 4, "reb_time": 1}, {"time_stamp": 14, "origin": 0, "destination": 4, "reb_time": 1}, {"time_stamp": 15, "origin": 0, "destination": 4, "reb_time": 1}, {"time_stamp": 0, "origin": 1, "destination": 0, "reb_time": 1}, {"time_stamp": 1, "origin": 1, "destination": 0, "reb_time": 1}, {"time_stamp": 2, "origin": 1, "destination": 0, "reb_time": 1}, {"time_stamp": 3, "origin": 1, "destination": 0, "reb_time": 1}, {"time_stamp": 4, "origin": 1, "destination": 0, "reb_time": 1}, {"time_stamp": 5, "origin": 1, "destination": 0, "reb_time": 1}, {"time_stamp": 6, "origin": 1, "destination": 0, "reb_time": 1}, {"time_stamp": 7, "origin": 1, "destination": 0, "reb_time": 1}, {"time_stamp": 8, "origin": 1, "destination": 0, "reb_time": 1}, {"time_stamp": 9, "origin": 1, "destination": 0, "reb_time": 1}, {"time_stamp": 10, "origin": 1, "destination": 0, "reb_time": 1}, {"time_stamp": 11, "origin": 1, "destination": 0, "reb_time": 1}, {"time_stamp": 12, "origin": 1, "destination": 0, "reb_time": 1}, {"time_stamp": 13, "origin": 1, "destination": 0, "reb_time": 1}, {"time_stamp": 14, "origin": 1, "destination": 0, "reb_time": 1}, {"time_stamp": 15, "origin": 1, "destination": 0, "reb_time": 1}, {"time_stamp": 0, "origin": 1, "destination": 1, "reb_time": 1}, {"time_stamp": 1, "origin": 1, "destination": 1, "reb_time": 1}, {"time_stamp": 2, "origin": 1, "destination": 1, "reb_time": 1}, {"time_stamp": 3, "origin": 1, "destination": 1, "reb_time": 1}, {"time_stamp": 4, "origin": 1, "destination": 1, "reb_time": 1}, {"time_stamp": 5, "origin": 1, "destination": 1, "reb_time": 1}, {"time_stamp": 6, "origin": 1, "destination": 1, "reb_time": 1}, {"time_stamp": 7, "origin": 1, "destination": 1, "reb_time": 1}, {"time_stamp": 8, "origin": 1, "destination": 1, "reb_time": 1}, {"time_stamp": 9, "origin": 1, "destination": 1, "reb_time": 1}, {"time_stamp": 10, "origin": 1, "destination": 1, "reb_time": 1}, {"time_stamp": 11, "origin": 1, "destination": 1, "reb_time": 1}, {"time_stamp": 12, "origin": 1, "destination": 1, "reb_time": 1}, {"time_stamp": 13, "origin": 1, "destination": 1, "reb_time": 1}, {"time_stamp": 14, "origin": 1, "destination": 1, "reb_time": 1}, {"time_stamp": 15, "origin": 1, "destination": 1, "reb_time": 1}, {"time_stamp": 0, "origin": 1, "destination": 2, "reb_time": 1}, {"time_stamp": 1, "origin": 1, "destination": 2, "reb_time": 1}, {"time_stamp": 2, "origin": 1, "destination": 2, "reb_time": 1}, {"time_stamp": 3, "origin": 1, "destination": 2, "reb_time": 1}, {"time_stamp": 4, "origin": 1, "destination": 2, "reb_time": 1}, {"time_stamp": 5, "origin": 1, "destination": 2, "reb_time": 1}, {"time_stamp": 6, "origin": 1, "destination": 2, "reb_time": 1}, {"time_stamp": 7, "origin": 1, "destination": 2, "reb_time": 1}, {"time_stamp": 8, "origin": 1, "destination": 2, "reb_time": 1}, {"time_stamp": 9, "origin": 1, "destination": 2, "reb_time": 1}, {"time_stamp": 10, "origin": 1, "destination": 2, "reb_time": 1}, {"time_stamp": 11, "origin": 1, "destination": 2, "reb_time": 1}, {"time_stamp": 12, "origin": 1, "destination": 2, "reb_time": 1}, {"time_stamp": 13, "origin": 1, "destination": 2, "reb_time": 1}, {"time_stamp": 14, "origin": 1, "destination": 2, "reb_time": 1}, {"time_stamp": 15, "origin": 1, "destination": 2, "reb_time": 1}, {"time_stamp": 0, "origin": 1, "destination": 3, "reb_time": 1}, {"time_stamp": 1, "origin": 1, "destination": 3, "reb_time": 1}, {"time_stamp": 2, "origin": 1, "destination": 3, "reb_time": 1}, {"time_stamp": 3, "origin": 1, "destination": 3, "reb_time": 1}, {"time_stamp": 4, "origin": 1, "destination": 3, "reb_time": 1}, {"time_stamp": 5, "origin": 1, "destination": 3, "reb_time": 1}, {"time_stamp": 6, "origin": 1, "destination": 3, "reb_time": 1}, {"time_stamp": 7, "origin": 1, "destination": 3, "reb_time": 1}, {"time_stamp": 8, "origin": 1, "destination": 3, "reb_time": 1}, {"time_stamp": 9, "origin": 1, "destination": 3, "reb_time": 1}, {"time_stamp": 10, "origin": 1, "destination": 3, "reb_time": 1}, {"time_stamp": 11, "origin": 1, "destination": 3, "reb_time": 1}, {"time_stamp": 12, "origin": 1, "destination": 3, "reb_time": 1}, {"time_stamp": 13, "origin": 1, "destination": 3, "reb_time": 1}, {"time_stamp": 14, "origin": 1, "destination": 3, "reb_time": 1}, {"time_stamp": 15, "origin": 1, "destination": 3, "reb_time": 1}, {"time_stamp": 0, "origin": 1, "destination": 4, "reb_time": 2}, {"time_stamp": 1, "origin": 1, "destination": 4, "reb_time": 2}, {"time_stamp": 2, "origin": 1, "destination": 4, "reb_time": 2}, {"time_stamp": 3, "origin": 1, "destination": 4, "reb_time": 2}, {"time_stamp": 4, "origin": 1, "destination": 4, "reb_time": 2}, {"time_stamp": 5, "origin": 1, "destination": 4, "reb_time": 2}, {"time_stamp": 6, "origin": 1, "destination": 4, "reb_time": 2}, {"time_stamp": 7, "origin": 1, "destination": 4, "reb_time": 2}, {"time_stamp": 8, "origin": 1, "destination": 4, "reb_time": 2}, {"time_stamp": 9, "origin": 1, "destination": 4, "reb_time": 2}, {"time_stamp": 10, "origin": 1, "destination": 4, "reb_time": 2}, {"time_stamp": 11, "origin": 1, "destination": 4, "reb_time": 2}, {"time_stamp": 12, "origin": 1, "destination": 4, "reb_time": 1}, {"time_stamp": 13, "origin": 1, "destination": 4, "reb_time": 1}, {"time_stamp": 14, "origin": 1, "destination": 4, "reb_time": 1}, {"time_stamp": 15, "origin": 1, "destination": 4, "reb_time": 1}, {"time_stamp": 0, "origin": 2, "destination": 0, "reb_time": 1}, {"time_stamp": 1, "origin": 2, "destination": 0, "reb_time": 1}, {"time_stamp": 2, "origin": 2, "destination": 0, "reb_time": 2}, {"time_stamp": 3, "origin": 2, "destination": 0, "reb_time": 2}, {"time_stamp": 4, "origin": 2, "destination": 0, "reb_time": 2}, {"time_stamp": 5, "origin": 2, "destination": 0, "reb_time": 2}, {"time_stamp": 6, "origin": 2, "destination": 0, "reb_time": 2}, {"time_stamp": 7, "origin": 2, "destination": 0, "reb_time": 2}, {"time_stamp": 8, "origin": 2, "destination": 0, "reb_time": 2}, {"time_stamp": 9, "origin": 2, "destination": 0, "reb_time": 2}, {"time_stamp": 10, "origin": 2, "destination": 0, "reb_time": 1}, {"time_stamp": 11, "origin": 2, "destination": 0, "reb_time": 1}, {"time_stamp": 12, "origin": 2, "destination": 0, "reb_time": 1}, {"time_stamp": 13, "origin": 2, "destination": 0, "reb_time": 1}, {"time_stamp": 14, "origin": 2, "destination": 0, "reb_time": 1}, {"time_stamp": 15, "origin": 2, "destination": 0, "reb_time": 1}, {"time_stamp": 0, "origin": 2, "destination": 1, "reb_time": 1}, {"time_stamp": 1, "origin": 2, "destination": 1, "reb_time": 1}, {"time_stamp": 2, "origin": 2, "destination": 1, "reb_time": 1}, {"time_stamp": 3, "origin": 2, "destination": 1, "reb_time": 1}, {"time_stamp": 4, "origin": 2, "destination": 1, "reb_time": 1}, {"time_stamp": 5, "origin": 2, "destination": 1, "reb_time": 1}, {"time_stamp": 6, "origin": 2, "destination": 1, "reb_time": 1}, {"time_stamp": 7, "origin": 2, "destination": 1, "reb_time": 1}, {"time_stamp": 8, "origin": 2, "destination": 1, "reb_time": 1}, {"time_stamp": 9, "origin": 2, "destination": 1, "reb_time": 1}, {"time_stamp": 10, "origin": 2, "destination": 1, "reb_time": 1}, {"time_stamp": 11, "origin": 2, "destination": 1, "reb_time": 1}, {"time_stamp": 12, "origin": 2, "destination": 1, "reb_time": 1}, {"time_stamp": 13, "origin": 2, "destination": 1, "reb_time": 1}, {"time_stamp": 14, "origin": 2, "destination": 1, "reb_time": 1}, {"time_stamp": 15, "origin": 2, "destination": 1, "reb_time": 1}, {"time_stamp": 0, "origin": 2, "destination": 2, "reb_time": 1}, {"time_stamp": 1, "origin": 2, "destination": 2, "reb_time": 1}, {"time_stamp": 2, "origin": 2, "destination": 2, "reb_time": 1}, {"time_stamp": 3, "origin": 2, "destination": 2, "reb_time": 1}, {"time_stamp": 4, "origin": 2, "destination": 2, "reb_time": 1}, {"time_stamp": 5, "origin": 2, "destination": 2, "reb_time": 1}, {"time_stamp": 6, "origin": 2, "destination": 2, "reb_time": 1}, {"time_stamp": 7, "origin": 2, "destination": 2, "reb_time": 1}, {"time_stamp": 8, "origin": 2, "destination": 2, "reb_time": 1}, {"time_stamp": 9, "origin": 2, "destination": 2, "reb_time": 1}, {"time_stamp": 10, "origin": 2, "destination": 2, "reb_time": 1}, {"time_stamp": 11, "origin": 2, "destination": 2, "reb_time": 1}, {"time_stamp": 12, "origin": 2, "destination": 2, "reb_time": 1}, {"time_stamp": 13, "origin": 2, "destination": 2, "reb_time": 1}, {"time_stamp": 14, "origin": 2, "destination": 2, "reb_time": 1}, {"time_stamp": 15, "origin": 2, "destination": 2, "reb_time": 1}, {"time_stamp": 0, "origin": 2, "destination": 3, "reb_time": 1}, {"time_stamp": 1, "origin": 2, "destination": 3, "reb_time": 1}, {"time_stamp": 2, "origin": 2, "destination": 3, "reb_time": 1}, {"time_stamp": 3, "origin": 2, "destination": 3, "reb_time": 1}, {"time_stamp": 4, "origin": 2, "destination": 3, "reb_time": 1}, {"time_stamp": 5, "origin": 2, "destination": 3, "reb_time": 1}, {"time_stamp": 6, "origin": 2, "destination": 3, "reb_time": 1}, {"time_stamp": 7, "origin": 2, "destination": 3, "reb_time": 1}, {"time_stamp": 8, "origin": 2, "destination": 3, "reb_time": 1}, {"time_stamp": 9, "origin": 2, "destination": 3, "reb_time": 1}, {"time_stamp": 10, "origin": 2, "destination": 3, "reb_time": 1}, {"time_stamp": 11, "origin": 2, "destination": 3, "reb_time": 1}, {"time_stamp": 12, "origin": 2, "destination": 3, "reb_time": 1}, {"time_stamp": 13, "origin": 2, "destination": 3, "reb_time": 1}, {"time_stamp": 14, "origin": 2, "destination": 3, "reb_time": 1}, {"time_stamp": 15, "origin": 2, "destination": 3, "reb_time": 1}, {"time_stamp": 0, "origin": 2, "destination": 4, "reb_time": 1}, {"time_stamp": 1, "origin": 2, "destination": 4, "reb_time": 1}, {"time_stamp": 2, "origin": 2, "destination": 4, "reb_time": 1}, {"time_stamp": 3, "origin": 2, "destination": 4, "reb_time": 1}, {"time_stamp": 4, "origin": 2, "destination": 4, "reb_time": 1}, {"time_stamp": 5, "origin": 2, "destination": 4, "reb_time": 1}, {"time_stamp": 6, "origin": 2, "destination": 4, "reb_time": 1}, {"time_stamp": 7, "origin": 2, "destination": 4, "reb_time": 1}, {"time_stamp": 8, "origin": 2, "destination": 4, "reb_time": 1}, {"time_stamp": 9, "origin": 2, "destination": 4, "reb_time": 1}, {"time_stamp": 10, "origin": 2, "destination": 4, "reb_time": 1}, {"time_stamp": 11, "origin": 2, "destination": 4, "reb_time": 1}, {"time_stamp": 12, "origin": 2, "destination": 4, "reb_time": 1}, {"time_stamp": 13, "origin": 2, "destination": 4, "reb_time": 1}, {"time_stamp": 14, "origin": 2, "destination": 4, "reb_time": 1}, {"time_stamp": 15, "origin": 2, "destination": 4, "reb_time": 1}, {"time_stamp": 0, "origin": 3, "destination": 0, "reb_time": 1}, {"time_stamp": 1, "origin": 3, "destination": 0, "reb_time": 1}, {"time_stamp": 2, "origin": 3, "destination": 0, "reb_time": 1}, {"time_stamp": 3, "origin": 3, "destination": 0, "reb_time": 1}, {"time_stamp": 4, "origin": 3, "destination": 0, "reb_time": 1}, {"time_stamp": 5, "origin": 3, "destination": 0, "reb_time": 1}, {"time_stamp": 6, "origin": 3, "destination": 0, "reb_time": 1}, {"time_stamp": 7, "origin": 3, "destination": 0, "reb_time": 1}, {"time_stamp": 8, "origin": 3, "destination": 0, "reb_time": 1}, {"time_stamp": 9, "origin": 3, "destination": 0, "reb_time": 1}, {"time_stamp": 10, "origin": 3, "destination": 0, "reb_time": 1}, {"time_stamp": 11, "origin": 3, "destination": 0, "reb_time": 1}, {"time_stamp": 12, "origin": 3, "destination": 0, "reb_time": 1}, {"time_stamp": 13, "origin": 3, "destination": 0, "reb_time": 1}, {"time_stamp": 14, "origin": 3, "destination": 0, "reb_time": 1}, {"time_stamp": 15, "origin": 3, "destination": 0, "reb_time": 1}, {"time_stamp": 0, "origin": 3, "destination": 1, "reb_time": 1}, {"time_stamp": 1, "origin": 3, "destination": 1, "reb_time": 1}, {"time_stamp": 2, "origin": 3, "destination": 1, "reb_time": 1}, {"time_stamp": 3, "origin": 3, "destination": 1, "reb_time": 1}, {"time_stamp": 4, "origin": 3, "destination": 1, "reb_time": 1}, {"time_stamp": 5, "origin": 3, "destination": 1, "reb_time": 1}, {"time_stamp": 6, "origin": 3, "destination": 1, "reb_time": 1}, {"time_stamp": 7, "origin": 3, "destination": 1, "reb_time": 1}, {"time_stamp": 8, "origin": 3, "destination": 1, "reb_time": 1}, {"time_stamp": 9, "origin": 3, "destination": 1, "reb_time": 1}, {"time_stamp": 10, "origin": 3, "destination": 1, "reb_time": 1}, {"time_stamp": 11, "origin": 3, "destination": 1, "reb_time": 1}, {"time_stamp": 12, "origin": 3, "destination": 1, "reb_time": 1}, {"time_stamp": 13, "origin": 3, "destination": 1, "reb_time": 1}, {"time_stamp": 14, "origin": 3, "destination": 1, "reb_time": 1}, {"time_stamp": 15, "origin": 3, "destination": 1, "reb_time": 1}, {"time_stamp": 0, "origin": 3, "destination": 2, "reb_time": 1}, {"time_stamp": 1, "origin": 3, "destination": 2, "reb_time": 1}, {"time_stamp": 2, "origin": 3, "destination": 2, "reb_time": 1}, {"time_stamp": 3, "origin": 3, "destination": 2, "reb_time": 1}, {"time_stamp": 4, "origin": 3, "destination": 2, "reb_time": 1}, {"time_stamp": 5, "origin": 3, "destination": 2, "reb_time": 1}, {"time_stamp": 6, "origin": 3, "destination": 2, "reb_time": 1}, {"time_stamp": 7, "origin": 3, "destination": 2, "reb_time": 1}, {"time_stamp": 8, "origin": 3, "destination": 2, "reb_time": 1}, {"time_stamp": 9, "origin": 3, "destination": 2, "reb_time": 1}, {"time_stamp": 10, "origin": 3, "destination": 2, "reb_time": 1}, {"time_stamp": 11, "origin": 3, "destination": 2, "reb_time": 1}, {"time_stamp": 12, "origin": 3, "destination": 2, "reb_time": 1}, {"time_stamp": 13, "origin": 3, "destination": 2, "reb_time": 1}, {"time_stamp": 14, "origin": 3, "destination": 2, "reb_time": 1}, {"time_stamp": 15, "origin": 3, "destination": 2, "reb_time": 1}, {"time_stamp": 0, "origin": 3, "destination": 3, "reb_time": 1}, {"time_stamp": 1, "origin": 3, "destination": 3, "reb_time": 1}, {"time_stamp": 2, "origin": 3, "destination": 3, "reb_time": 1}, {"time_stamp": 3, "origin": 3, "destination": 3, "reb_time": 1}, {"time_stamp": 4, "origin": 3, "destination": 3, "reb_time": 1}, {"time_stamp": 5, "origin": 3, "destination": 3, "reb_time": 1}, {"time_stamp": 6, "origin": 3, "destination": 3, "reb_time": 1}, {"time_stamp": 7, "origin": 3, "destination": 3, "reb_time": 1}, {"time_stamp": 8, "origin": 3, "destination": 3, "reb_time": 1}, {"time_stamp": 9, "origin": 3, "destination": 3, "reb_time": 1}, {"time_stamp": 10, "origin": 3, "destination": 3, "reb_time": 1}, {"time_stamp": 11, "origin": 3, "destination": 3, "reb_time": 1}, {"time_stamp": 12, "origin": 3, "destination": 3, "reb_time": 1}, {"time_stamp": 13, "origin": 3, "destination": 3, "reb_time": 1}, {"time_stamp": 14, "origin": 3, "destination": 3, "reb_time": 1}, {"time_stamp": 15, "origin": 3, "destination": 3, "reb_time": 1}, {"time_stamp": 0, "origin": 3, "destination": 4, "reb_time": 1}, {"time_stamp": 1, "origin": 3, "destination": 4, "reb_time": 1}, {"time_stamp": 2, "origin": 3, "destination": 4, "reb_time": 1}, {"time_stamp": 3, "origin": 3, "destination": 4, "reb_time": 1}, {"time_stamp": 4, "origin": 3, "destination": 4, "reb_time": 1}, {"time_stamp": 5, "origin": 3, "destination": 4, "reb_time": 1}, {"time_stamp": 6, "origin": 3, "destination": 4, "reb_time": 1}, {"time_stamp": 7, "origin": 3, "destination": 4, "reb_time": 1}, {"time_stamp": 8, "origin": 3, "destination": 4, "reb_time": 1}, {"time_stamp": 9, "origin": 3, "destination": 4, "reb_time": 1}, {"time_stamp": 10, "origin": 3, "destination": 4, "reb_time": 1}, {"time_stamp": 11, "origin": 3, "destination": 4, "reb_time": 1}, {"time_stamp": 12, "origin": 3, "destination": 4, "reb_time": 1}, {"time_stamp": 13, "origin": 3, "destination": 4, "reb_time": 1}, {"time_stamp": 14, "origin": 3, "destination": 4, "reb_time": 1}, {"time_stamp": 15, "origin": 3, "destination": 4, "reb_time": 1}, {"time_stamp": 0, "origin": 4, "destination": 0, "reb_time": 1}, {"time_stamp": 1, "origin": 4, "destination": 0, "reb_time": 1}, {"time_stamp": 2, "origin": 4, "destination": 0, "reb_time": 1}, {"time_stamp": 3, "origin": 4, "destination": 0, "reb_time": 1}, {"time_stamp": 4, "origin": 4, "destination": 0, "reb_time": 1}, {"time_stamp": 5, "origin": 4, "destination": 0, "reb_time": 1}, {"time_stamp": 6, "origin": 4, "destination": 0, "reb_time": 1}, {"time_stamp": 7, "origin": 4, "destination": 0, "reb_time": 1}, {"time_stamp": 8, "origin": 4, "destination": 0, "reb_time": 1}, {"time_stamp": 9, "origin": 4, "destination": 0, "reb_time": 1}, {"time_stamp": 10, "origin": 4, "destination": 0, "reb_time": 1}, {"time_stamp": 11, "origin": 4, "destination": 0, "reb_time": 1}, {"time_stamp": 12, "origin": 4, "destination": 0, "reb_time": 1}, {"time_stamp": 13, "origin": 4, "destination": 0, "reb_time": 1}, {"time_stamp": 14, "origin": 4, "destination": 0, "reb_time": 1}, {"time_stamp": 15, "origin": 4, "destination": 0, "reb_time": 1}, {"time_stamp": 0, "origin": 4, "destination": 1, "reb_time": 2}, {"time_stamp": 1, "origin": 4, "destination": 1, "reb_time": 2}, {"time_stamp": 2, "origin": 4, "destination": 1, "reb_time": 2}, {"time_stamp": 3, "origin": 4, "destination": 1, "reb_time": 2}, {"time_stamp": 4, "origin": 4, "destination": 1, "reb_time": 2}, {"time_stamp": 5, "origin": 4, "destination": 1, "reb_time": 2}, {"time_stamp": 6, "origin": 4, "destination": 1, "reb_time": 2}, {"time_stamp": 7, "origin": 4, "destination": 1, "reb_time": 2}, {"time_stamp": 8, "origin": 4, "destination": 1, "reb_time": 2}, {"time_stamp": 9, "origin": 4, "destination": 1, "reb_time": 2}, {"time_stamp": 10, "origin": 4, "destination": 1, "reb_time": 2}, {"time_stamp": 11, "origin": 4, "destination": 1, "reb_time": 2}, {"time_stamp": 12, "origin": 4, "destination": 1, "reb_time": 1}, {"time_stamp": 13, "origin": 4, "destination": 1, "reb_time": 1}, {"time_stamp": 14, "origin": 4, "destination": 1, "reb_time": 1}, {"time_stamp": 15, "origin": 4, "destination": 1, "reb_time": 1}, {"time_stamp": 0, "origin": 4, "destination": 2, "reb_time": 1}, {"time_stamp": 1, "origin": 4, "destination": 2, "reb_time": 1}, {"time_stamp": 2, "origin": 4, "destination": 2, "reb_time": 1}, {"time_stamp": 3, "origin": 4, "destination": 2, "reb_time": 1}, {"time_stamp": 4, "origin": 4, "destination": 2, "reb_time": 1}, {"time_stamp": 5, "origin": 4, "destination": 2, "reb_time": 1}, {"time_stamp": 6, "origin": 4, "destination": 2, "reb_time": 1}, {"time_stamp": 7, "origin": 4, "destination": 2, "reb_time": 1}, {"time_stamp": 8, "origin": 4, "destination": 2, "reb_time": 1}, {"time_stamp": 9, "origin": 4, "destination": 2, "reb_time": 1}, {"time_stamp": 10, "origin": 4, "destination": 2, "reb_time": 1}, {"time_stamp": 11, "origin": 4, "destination": 2, "reb_time": 1}, {"time_stamp": 12, "origin": 4, "destination": 2, "reb_time": 1}, {"time_stamp": 13, "origin": 4, "destination": 2, "reb_time": 1}, {"time_stamp": 14, "origin": 4, "destination": 2, "reb_time": 1}, {"time_stamp": 15, "origin": 4, "destination": 2, "reb_time": 1}, {"time_stamp": 0, "origin": 4, "destination": 3, "reb_time": 1}, {"time_stamp": 1, "origin": 4, "destination": 3, "reb_time": 1}, {"time_stamp": 2, "origin": 4, "destination": 3, "reb_time": 1}, {"time_stamp": 3, "origin": 4, "destination": 3, "reb_time": 1}, {"time_stamp": 4, "origin": 4, "destination": 3, "reb_time": 1}, {"time_stamp": 5, "origin": 4, "destination": 3, "reb_time": 1}, {"time_stamp": 6, "origin": 4, "destination": 3, "reb_time": 1}, {"time_stamp": 7, "origin": 4, "destination": 3, "reb_time": 1}, {"time_stamp": 8, "origin": 4, "destination": 3, "reb_time": 1}, {"time_stamp": 9, "origin": 4, "destination": 3, "reb_time": 1}, {"time_stamp": 10, "origin": 4, "destination": 3, "reb_time": 1}, {"time_stamp": 11, "origin": 4, "destination": 3, "reb_time": 1}, {"time_stamp": 12, "origin": 4, "destination": 3, "reb_time": 1}, {"time_stamp": 13, "origin": 4, "destination": 3, "reb_time": 1}, {"time_stamp": 14, "origin": 4, "destination": 3, "reb_time": 1}, {"time_stamp": 15, "origin": 4, "destination": 3, "reb_time": 1}, {"time_stamp": 0, "origin": 4, "destination": 4, "reb_time": 1}, {"time_stamp": 1, "origin": 4, "destination": 4, "reb_time": 1}, {"time_stamp": 2, "origin": 4, "destination": 4, "reb_time": 1}, {"time_stamp": 3, "origin": 4, "destination": 4, "reb_time": 1}, {"time_stamp": 4, "origin": 4, "destination": 4, "reb_time": 1}, {"time_stamp": 5, "origin": 4, "destination": 4, "reb_time": 1}, {"time_stamp": 6, "origin": 4, "destination": 4, "reb_time": 1}, {"time_stamp": 7, "origin": 4, "destination": 4, "reb_time": 1}, {"time_stamp": 8, "origin": 4, "destination": 4, "reb_time": 1}, {"time_stamp": 9, "origin": 4, "destination": 4, "reb_time": 1}, {"time_stamp": 10, "origin": 4, "destination": 4, "reb_time": 1}, {"time_stamp": 11, "origin": 4, "destination": 4, "reb_time": 1}, {"time_stamp": 12, "origin": 4, "destination": 4, "reb_time": 1}, {"time_stamp": 13, "origin": 4, "destination": 4, "reb_time": 1}, {"time_stamp": 14, "origin": 4, "destination": 4, "reb_time": 1}, {"time_stamp": 15, "origin": 4, "destination": 4, "reb_time": 1}], "totalAcc": [{"hour": 0, "acc": 174924}, {"hour": 1, "acc": 174924}, {"hour": 2, "acc": 174924}, {"hour": 3, "acc": 174924}, {"hour": 4, "acc": 174924}, {"hour": 5, "acc": 174924}, {"hour": 6, "acc": 174924}, {"hour": 7, "acc": 174924}, {"hour": 8, "acc": 174924}, {"hour": 9, "acc": 174924}, {"hour": 10, "acc": 174924}, {"hour": 11, "acc": 174924}, {"hour": 12, "acc": 174924}, {"hour": 13, "acc": 174924}, {"hour": 14, "acc": 174924}, {"hour": 15, "acc": 174924}, {"hour": 16, "acc": 174924}, {"hour": 17, "acc": 174924}, {"hour": 18, "acc": 174924}, {"hour": 19, "acc": 174924}, {"hour": 20, "acc": 174924}, {"hour": 21, "acc": 174924}, {"hour": 22, "acc": 174924}, {"hour": 23, "acc": 174924}], "chargelevels": 26, "spatialNodes": 5, "chargeLevelsPerChargeStep": 16, "episodeLength": 16, "energy_prices": [0.25308, 0.25308, 0.25308, 0.25308, 0.25308, 0.25308, 0.25308, 0.25308, 0.25308, 0.25308, 0.25308, 0.25308, 0.25308, 0.25308, 0.25308, 0.25308], "chargeLocations": [true, true, true, true, true], "carsPerStationCapacity": [575.0, 1472.0, 2124.0, 785.0, 950.0], "timeGranularity": 0.5, "operationalCostPerTimestep": 0.3696}