{"demand": [{"time_stamp": 0, "origin": 0, "destination": 0, "demand": 4059, "price": 7.5520000000000005}, {"time_stamp": 1, "origin": 0, "destination": 0, "demand": 4059, "price": 7.5520000000000005}, {"time_stamp": 2, "origin": 0, "destination": 0, "demand": 4118, "price": 7.5520000000000005}, {"time_stamp": 3, "origin": 0, "destination": 0, "demand": 4118, "price": 7.5520000000000005}, {"time_stamp": 4, "origin": 0, "destination": 0, "demand": 3877, "price": 7.5520000000000005}, {"time_stamp": 5, "origin": 0, "destination": 0, "demand": 3877, "price": 7.5520000000000005}, {"time_stamp": 6, "origin": 0, "destination": 0, "demand": 3986, "price": 7.5520000000000005}, {"time_stamp": 7, "origin": 0, "destination": 0, "demand": 3986, "price": 7.5520000000000005}, {"time_stamp": 8, "origin": 0, "destination": 0, "demand": 4101, "price": 7.5520000000000005}, {"time_stamp": 9, "origin": 0, "destination": 0, "demand": 4101, "price": 7.5520000000000005}, {"time_stamp": 10, "origin": 0, "destination": 0, "demand": 4011, "price": 7.5520000000000005}, {"time_stamp": 11, "origin": 0, "destination": 0, "demand": 4011, "price": 7.5520000000000005}, {"time_stamp": 12, "origin": 0, "destination": 0, "demand": 4108, "price": 7.5520000000000005}, {"time_stamp": 13, "origin": 0, "destination": 0, "demand": 4108, "price": 7.5520000000000005}, {"time_stamp": 14, "origin": 0, "destination": 0, "demand": 4200, "price": 7.5520000000000005}, {"time_stamp": 15, "origin": 0, "destination": 0, "demand": 4200, "price": 7.5520000000000005}, {"time_stamp": 16, "origin": 0, "destination": 0, "demand": 4561, "price": 7.5520000000000005}, {"time_stamp": 17, "origin": 0, "destination": 0, "demand": 4561, "price": 7.5520000000000005}, {"time_stamp": 18, "origin": 0, "destination": 0, "demand": 5523, "price": 7.5520000000000005}, {"time_stamp": 19, "origin": 0, "destination": 0, "demand": 5523, "price": 7.5520000000000005}, {"time_stamp": 20, "origin": 0, "destination": 0, "demand": 6068, "price": 7.5520000000000005}, {"time_stamp": 21, "origin": 0, "destination": 0, "demand": 6068, "price": 7.5520000000000005}, {"time_stamp": 22, "origin": 0, "destination": 0, "demand": 5750, "price": 7.5520000000000005}, {"time_stamp": 23, "origin": 0, "destination": 0, "demand": 5750, "price": 7.5520000000000005}, {"time_stamp": 0, "origin": 0, "destination": 1, "demand": 213, "price": 11.647000000000002}, {"time_stamp": 1, "origin": 0, "destination": 1, "demand": 213, "price": 11.647000000000002}, {"time_stamp": 2, "origin": 0, "destination": 1, "demand": 256, "price": 11.647000000000002}, {"time_stamp": 3, "origin": 0, "destination": 1, "demand": 256, "price": 11.647000000000002}, {"time_stamp": 4, "origin": 0, "destination": 1, "demand": 290, "price": 11.647000000000002}, {"time_stamp": 5, "origin": 0, "destination": 1, "demand": 290, "price": 11.647000000000002}, {"time_stamp": 6, "origin": 0, "destination": 1, "demand": 322, "price": 11.647000000000002}, {"time_stamp": 7, "origin": 0, "destination": 1, "demand": 322, "price": 11.647000000000002}, {"time_stamp": 8, "origin": 0, "destination": 1, "demand": 348, "price": 11.647000000000002}, {"time_stamp": 9, "origin": 0, "destination": 1, "demand": 348, "price": 11.647000000000002}, {"time_stamp": 10, "origin": 0, "destination": 1, "demand": 366, "price": 11.647000000000002}, {"time_stamp": 11, "origin": 0, "destination": 1, "demand": 366, "price": 11.647000000000002}, {"time_stamp": 12, "origin": 0, "destination": 1, "demand": 388, "price": 11.647000000000002}, {"time_stamp": 13, "origin": 0, "destination": 1, "demand": 388, "price": 11.647000000000002}, {"time_stamp": 14, "origin": 0, "destination": 1, "demand": 417, "price": 11.647000000000002}, {"time_stamp": 15, "origin": 0, "destination": 1, "demand": 417, "price": 11.647000000000002}, {"time_stamp": 16, "origin": 0, "destination": 1, "demand": 450, "price": 11.647000000000002}, {"time_stamp": 17, "origin": 0, "destination": 1, "demand": 450, "price": 11.647000000000002}, {"time_stamp": 18, "origin": 0, "destination": 1, "demand": 532, "price": 11.647000000000002}, {"time_stamp": 19, "origin": 0, "destination": 1, "demand": 532, "price": 11.647000000000002}, {"time_stamp": 20, "origin": 0, "destination": 1, "demand": 612, "price": 11.647000000000002}, {"time_stamp": 21, "origin": 0, "destination": 1, "demand": 612, "price": 11.647000000000002}, {"time_stamp": 22, "origin": 0, "destination": 1, "demand": 658, "price": 11.647000000000002}, {"time_stamp": 23, "origin": 0, "destination": 1, "demand": 658, "price": 11.647000000000002}, {"time_stamp": 0, "origin": 0, "destination": 2, "demand": 234, "price": 11.192}, {"time_stamp": 1, "origin": 0, "destination": 2, "demand": 234, "price": 11.192}, {"time_stamp": 2, "origin": 0, "destination": 2, "demand": 204, "price": 11.192}, {"time_stamp": 3, "origin": 0, "destination": 2, "demand": 204, "price": 11.192}, {"time_stamp": 4, "origin": 0, "destination": 2, "demand": 197, "price": 11.192}, {"time_stamp": 5, "origin": 0, "destination": 2, "demand": 197, "price": 11.192}, {"time_stamp": 6, "origin": 0, "destination": 2, "demand": 206, "price": 11.192}, {"time_stamp": 7, "origin": 0, "destination": 2, "demand": 206, "price": 11.192}, {"time_stamp": 8, "origin": 0, "destination": 2, "demand": 225, "price": 11.192}, {"time_stamp": 9, "origin": 0, "destination": 2, "demand": 225, "price": 11.192}, {"time_stamp": 10, "origin": 0, "destination": 2, "demand": 227, "price": 11.192}, {"time_stamp": 11, "origin": 0, "destination": 2, "demand": 227, "price": 11.192}, {"time_stamp": 12, "origin": 0, "destination": 2, "demand": 251, "price": 11.192}, {"time_stamp": 13, "origin": 0, "destination": 2, "demand": 251, "price": 11.192}, {"time_stamp": 14, "origin": 0, "destination": 2, "demand": 272, "price": 11.192}, {"time_stamp": 15, "origin": 0, "destination": 2, "demand": 272, "price": 11.192}, {"time_stamp": 16, "origin": 0, "destination": 2, "demand": 280, "price": 11.192}, {"time_stamp": 17, "origin": 0, "destination": 2, "demand": 280, "price": 11.192}, {"time_stamp": 18, "origin": 0, "destination": 2, "demand": 310, "price": 11.192}, {"time_stamp": 19, "origin": 0, "destination": 2, "demand": 310, "price": 11.192}, {"time_stamp": 20, "origin": 0, "destination": 2, "demand": 339, "price": 11.192}, {"time_stamp": 21, "origin": 0, "destination": 2, "demand": 339, "price": 11.192}, {"time_stamp": 22, "origin": 0, "destination": 2, "demand": 324, "price": 11.192}, {"time_stamp": 23, "origin": 0, "destination": 2, "demand": 324, "price": 11.192}, {"time_stamp": 0, "origin": 0, "destination": 3, "demand": 449, "price": 15.286999999999999}, {"time_stamp": 1, "origin": 0, "destination": 3, "demand": 449, "price": 15.286999999999999}, {"time_stamp": 2, "origin": 0, "destination": 3, "demand": 438, "price": 15.286999999999999}, {"time_stamp": 3, "origin": 0, "destination": 3, "demand": 438, "price": 15.286999999999999}, {"time_stamp": 4, "origin": 0, "destination": 3, "demand": 442, "price": 15.286999999999999}, {"time_stamp": 5, "origin": 0, "destination": 3, "demand": 442, "price": 15.286999999999999}, {"time_stamp": 6, "origin": 0, "destination": 3, "demand": 478, "price": 15.286999999999999}, {"time_stamp": 7, "origin": 0, "destination": 3, "demand": 478, "price": 15.286999999999999}, {"time_stamp": 8, "origin": 0, "destination": 3, "demand": 526, "price": 15.286999999999999}, {"time_stamp": 9, "origin": 0, "destination": 3, "demand": 526, "price": 15.286999999999999}, {"time_stamp": 10, "origin": 0, "destination": 3, "demand": 577, "price": 15.286999999999999}, {"time_stamp": 11, "origin": 0, "destination": 3, "demand": 577, "price": 15.286999999999999}, {"time_stamp": 12, "origin": 0, "destination": 3, "demand": 603, "price": 15.286999999999999}, {"time_stamp": 13, "origin": 0, "destination": 3, "demand": 603, "price": 15.286999999999999}, {"time_stamp": 14, "origin": 0, "destination": 3, "demand": 597, "price": 15.286999999999999}, {"time_stamp": 15, "origin": 0, "destination": 3, "demand": 597, "price": 15.286999999999999}, {"time_stamp": 16, "origin": 0, "destination": 3, "demand": 570, "price": 15.286999999999999}, {"time_stamp": 17, "origin": 0, "destination": 3, "demand": 570, "price": 15.286999999999999}, {"time_stamp": 18, "origin": 0, "destination": 3, "demand": 518, "price": 15.286999999999999}, {"time_stamp": 19, "origin": 0, "destination": 3, "demand": 518, "price": 15.286999999999999}, {"time_stamp": 20, "origin": 0, "destination": 3, "demand": 457, "price": 15.286999999999999}, {"time_stamp": 21, "origin": 0, "destination": 3, "demand": 457, "price": 15.286999999999999}, {"time_stamp": 22, "origin": 0, "destination": 3, "demand": 416, "price": 15.286999999999999}, {"time_stamp": 23, "origin": 0, "destination": 3, "demand": 416, "price": 15.286999999999999}, {"time_stamp": 0, "origin": 0, "destination": 4, "demand": 3, "price": 23.477}, {"time_stamp": 1, "origin": 0, "destination": 4, "demand": 3, "price": 23.477}, {"time_stamp": 2, "origin": 0, "destination": 4, "demand": 4, "price": 23.477}, {"time_stamp": 3, "origin": 0, "destination": 4, "demand": 4, "price": 23.477}, {"time_stamp": 4, "origin": 0, "destination": 4, "demand": 5, "price": 23.477}, {"time_stamp": 5, "origin": 0, "destination": 4, "demand": 5, "price": 23.477}, {"time_stamp": 6, "origin": 0, "destination": 4, "demand": 6, "price": 23.477}, {"time_stamp": 7, "origin": 0, "destination": 4, "demand": 6, "price": 23.477}, {"time_stamp": 8, "origin": 0, "destination": 4, "demand": 6, "price": 23.477}, {"time_stamp": 9, "origin": 0, "destination": 4, "demand": 6, "price": 23.477}, {"time_stamp": 10, "origin": 0, "destination": 4, "demand": 6, "price": 23.477}, {"time_stamp": 11, "origin": 0, "destination": 4, "demand": 6, "price": 23.477}, {"time_stamp": 12, "origin": 0, "destination": 4, "demand": 6, "price": 23.477}, {"time_stamp": 13, "origin": 0, "destination": 4, "demand": 6, "price": 23.477}, {"time_stamp": 14, "origin": 0, "destination": 4, "demand": 6, "price": 23.477}, {"time_stamp": 15, "origin": 0, "destination": 4, "demand": 6, "price": 23.477}, {"time_stamp": 16, "origin": 0, "destination": 4, "demand": 6, "price": 23.477}, {"time_stamp": 17, "origin": 0, "destination": 4, "demand": 6, "price": 23.477}, {"time_stamp": 18, "origin": 0, "destination": 4, "demand": 7, "price": 23.477}, {"time_stamp": 19, "origin": 0, "destination": 4, "demand": 7, "price": 23.477}, {"time_stamp": 20, "origin": 0, "destination": 4, "demand": 7, "price": 23.477}, {"time_stamp": 21, "origin": 0, "destination": 4, "demand": 7, "price": 23.477}, {"time_stamp": 22, "origin": 0, "destination": 4, "demand": 10, "price": 23.477}, {"time_stamp": 23, "origin": 0, "destination": 4, "demand": 10, "price": 23.477}, {"time_stamp": 0, "origin": 1, "destination": 0, "demand": 521, "price": 11.556000000000001}, {"time_stamp": 1, "origin": 1, "destination": 0, "demand": 521, "price": 11.556000000000001}, {"time_stamp": 2, "origin": 1, "destination": 0, "demand": 549, "price": 11.556000000000001}, {"time_stamp": 3, "origin": 1, "destination": 0, "demand": 549, "price": 11.556000000000001}, {"time_stamp": 4, "origin": 1, "destination": 0, "demand": 495, "price": 11.556000000000001}, {"time_stamp": 5, "origin": 1, "destination": 0, "demand": 495, "price": 11.556000000000001}, {"time_stamp": 6, "origin": 1, "destination": 0, "demand": 460, "price": 11.556000000000001}, {"time_stamp": 7, "origin": 1, "destination": 0, "demand": 460, "price": 11.556000000000001}, {"time_stamp": 8, "origin": 1, "destination": 0, "demand": 438, "price": 11.556000000000001}, {"time_stamp": 9, "origin": 1, "destination": 0, "demand": 438, "price": 11.556000000000001}, {"time_stamp": 10, "origin": 1, "destination": 0, "demand": 410, "price": 11.556000000000001}, {"time_stamp": 11, "origin": 1, "destination": 0, "demand": 410, "price": 11.556000000000001}, {"time_stamp": 12, "origin": 1, "destination": 0, "demand": 390, "price": 11.556000000000001}, {"time_stamp": 13, "origin": 1, "destination": 0, "demand": 390, "price": 11.556000000000001}, {"time_stamp": 14, "origin": 1, "destination": 0, "demand": 372, "price": 11.556000000000001}, {"time_stamp": 15, "origin": 1, "destination": 0, "demand": 372, "price": 11.556000000000001}, {"time_stamp": 16, "origin": 1, "destination": 0, "demand": 408, "price": 11.556000000000001}, {"time_stamp": 17, "origin": 1, "destination": 0, "demand": 408, "price": 11.556000000000001}, {"time_stamp": 18, "origin": 1, "destination": 0, "demand": 503, "price": 11.556000000000001}, {"time_stamp": 19, "origin": 1, "destination": 0, "demand": 503, "price": 11.556000000000001}, {"time_stamp": 20, "origin": 1, "destination": 0, "demand": 548, "price": 11.556000000000001}, {"time_stamp": 21, "origin": 1, "destination": 0, "demand": 548, "price": 11.556000000000001}, {"time_stamp": 22, "origin": 1, "destination": 0, "demand": 504, "price": 11.556000000000001}, {"time_stamp": 23, "origin": 1, "destination": 0, "demand": 504, "price": 11.556000000000001}, {"time_stamp": 0, "origin": 1, "destination": 1, "demand": 2498, "price": 7.643}, {"time_stamp": 1, "origin": 1, "destination": 1, "demand": 2498, "price": 7.643}, {"time_stamp": 2, "origin": 1, "destination": 1, "demand": 2482, "price": 7.643}, {"time_stamp": 3, "origin": 1, "destination": 1, "demand": 2482, "price": 7.643}, {"time_stamp": 4, "origin": 1, "destination": 1, "demand": 2377, "price": 7.643}, {"time_stamp": 5, "origin": 1, "destination": 1, "demand": 2377, "price": 7.643}, {"time_stamp": 6, "origin": 1, "destination": 1, "demand": 2367, "price": 7.643}, {"time_stamp": 7, "origin": 1, "destination": 1, "demand": 2367, "price": 7.643}, {"time_stamp": 8, "origin": 1, "destination": 1, "demand": 2459, "price": 7.643}, {"time_stamp": 9, "origin": 1, "destination": 1, "demand": 2459, "price": 7.643}, {"time_stamp": 10, "origin": 1, "destination": 1, "demand": 2538, "price": 7.643}, {"time_stamp": 11, "origin": 1, "destination": 1, "demand": 2538, "price": 7.643}, {"time_stamp": 12, "origin": 1, "destination": 1, "demand": 2839, "price": 7.643}, {"time_stamp": 13, "origin": 1, "destination": 1, "demand": 2839, "price": 7.643}, {"time_stamp": 14, "origin": 1, "destination": 1, "demand": 2926, "price": 7.643}, {"time_stamp": 15, "origin": 1, "destination": 1, "demand": 2926, "price": 7.643}, {"time_stamp": 16, "origin": 1, "destination": 1, "demand": 3020, "price": 7.643}, {"time_stamp": 17, "origin": 1, "destination": 1, "demand": 3020, "price": 7.643}, {"time_stamp": 18, "origin": 1, "destination": 1, "demand": 3297, "price": 7.643}, {"time_stamp": 19, "origin": 1, "destination": 1, "demand": 3297, "price": 7.643}, {"time_stamp": 20, "origin": 1, "destination": 1, "demand": 3376, "price": 7.643}, {"time_stamp": 21, "origin": 1, "destination": 1, "demand": 3376, "price": 7.643}, {"time_stamp": 22, "origin": 1, "destination": 1, "demand": 3186, "price": 7.643}, {"time_stamp": 23, "origin": 1, "destination": 1, "demand": 3186, "price": 7.643}, {"time_stamp": 0, "origin": 1, "destination": 2, "demand": 17, "price": 21.657}, {"time_stamp": 1, "origin": 1, "destination": 2, "demand": 17, "price": 21.657}, {"time_stamp": 2, "origin": 1, "destination": 2, "demand": 17, "price": 21.657}, {"time_stamp": 3, "origin": 1, "destination": 2, "demand": 17, "price": 21.657}, {"time_stamp": 4, "origin": 1, "destination": 2, "demand": 18, "price": 21.657}, {"time_stamp": 5, "origin": 1, "destination": 2, "demand": 18, "price": 21.657}, {"time_stamp": 6, "origin": 1, "destination": 2, "demand": 21, "price": 21.657}, {"time_stamp": 7, "origin": 1, "destination": 2, "demand": 21, "price": 21.657}, {"time_stamp": 8, "origin": 1, "destination": 2, "demand": 18, "price": 21.657}, {"time_stamp": 9, "origin": 1, "destination": 2, "demand": 18, "price": 21.657}, {"time_stamp": 10, "origin": 1, "destination": 2, "demand": 20, "price": 21.657}, {"time_stamp": 11, "origin": 1, "destination": 2, "demand": 20, "price": 21.657}, {"time_stamp": 12, "origin": 1, "destination": 2, "demand": 18, "price": 21.657}, {"time_stamp": 13, "origin": 1, "destination": 2, "demand": 18, "price": 21.657}, {"time_stamp": 14, "origin": 1, "destination": 2, "demand": 19, "price": 21.657}, {"time_stamp": 15, "origin": 1, "destination": 2, "demand": 19, "price": 21.657}, {"time_stamp": 16, "origin": 1, "destination": 2, "demand": 18, "price": 21.657}, {"time_stamp": 17, "origin": 1, "destination": 2, "demand": 18, "price": 21.657}, {"time_stamp": 18, "origin": 1, "destination": 2, "demand": 22, "price": 21.657}, {"time_stamp": 19, "origin": 1, "destination": 2, "demand": 22, "price": 21.657}, {"time_stamp": 20, "origin": 1, "destination": 2, "demand": 24, "price": 21.657}, {"time_stamp": 21, "origin": 1, "destination": 2, "demand": 24, "price": 21.657}, {"time_stamp": 22, "origin": 1, "destination": 2, "demand": 25, "price": 21.657}, {"time_stamp": 23, "origin": 1, "destination": 2, "demand": 25, "price": 21.657}, {"time_stamp": 0, "origin": 1, "destination": 3, "demand": 359, "price": 13.285}, {"time_stamp": 1, "origin": 1, "destination": 3, "demand": 359, "price": 13.285}, {"time_stamp": 2, "origin": 1, "destination": 3, "demand": 331, "price": 13.285}, {"time_stamp": 3, "origin": 1, "destination": 3, "demand": 331, "price": 13.285}, {"time_stamp": 4, "origin": 1, "destination": 3, "demand": 304, "price": 13.285}, {"time_stamp": 5, "origin": 1, "destination": 3, "demand": 304, "price": 13.285}, {"time_stamp": 6, "origin": 1, "destination": 3, "demand": 315, "price": 13.285}, {"time_stamp": 7, "origin": 1, "destination": 3, "demand": 315, "price": 13.285}, {"time_stamp": 8, "origin": 1, "destination": 3, "demand": 327, "price": 13.285}, {"time_stamp": 9, "origin": 1, "destination": 3, "demand": 327, "price": 13.285}, {"time_stamp": 10, "origin": 1, "destination": 3, "demand": 356, "price": 13.285}, {"time_stamp": 11, "origin": 1, "destination": 3, "demand": 356, "price": 13.285}, {"time_stamp": 12, "origin": 1, "destination": 3, "demand": 369, "price": 13.285}, {"time_stamp": 13, "origin": 1, "destination": 3, "demand": 369, "price": 13.285}, {"time_stamp": 14, "origin": 1, "destination": 3, "demand": 372, "price": 13.285}, {"time_stamp": 15, "origin": 1, "destination": 3, "demand": 372, "price": 13.285}, {"time_stamp": 16, "origin": 1, "destination": 3, "demand": 383, "price": 13.285}, {"time_stamp": 17, "origin": 1, "destination": 3, "demand": 383, "price": 13.285}, {"time_stamp": 18, "origin": 1, "destination": 3, "demand": 381, "price": 13.285}, {"time_stamp": 19, "origin": 1, "destination": 3, "demand": 381, "price": 13.285}, {"time_stamp": 20, "origin": 1, "destination": 3, "demand": 361, "price": 13.285}, {"time_stamp": 21, "origin": 1, "destination": 3, "demand": 361, "price": 13.285}, {"time_stamp": 22, "origin": 1, "destination": 3, "demand": 334, "price": 13.285}, {"time_stamp": 23, "origin": 1, "destination": 3, "demand": 334, "price": 13.285}, {"time_stamp": 0, "origin": 1, "destination": 4, "demand": 12, "price": 16.47}, {"time_stamp": 1, "origin": 1, "destination": 4, "demand": 12, "price": 16.47}, {"time_stamp": 2, "origin": 1, "destination": 4, "demand": 13, "price": 16.47}, {"time_stamp": 3, "origin": 1, "destination": 4, "demand": 13, "price": 16.47}, {"time_stamp": 4, "origin": 1, "destination": 4, "demand": 12, "price": 16.47}, {"time_stamp": 5, "origin": 1, "destination": 4, "demand": 12, "price": 16.47}, {"time_stamp": 6, "origin": 1, "destination": 4, "demand": 14, "price": 16.47}, {"time_stamp": 7, "origin": 1, "destination": 4, "demand": 14, "price": 16.47}, {"time_stamp": 8, "origin": 1, "destination": 4, "demand": 13, "price": 16.47}, {"time_stamp": 9, "origin": 1, "destination": 4, "demand": 13, "price": 16.47}, {"time_stamp": 10, "origin": 1, "destination": 4, "demand": 15, "price": 16.47}, {"time_stamp": 11, "origin": 1, "destination": 4, "demand": 15, "price": 16.47}, {"time_stamp": 12, "origin": 1, "destination": 4, "demand": 16, "price": 16.47}, {"time_stamp": 13, "origin": 1, "destination": 4, "demand": 16, "price": 16.47}, {"time_stamp": 14, "origin": 1, "destination": 4, "demand": 15, "price": 16.47}, {"time_stamp": 15, "origin": 1, "destination": 4, "demand": 15, "price": 16.47}, {"time_stamp": 16, "origin": 1, "destination": 4, "demand": 17, "price": 16.47}, {"time_stamp": 17, "origin": 1, "destination": 4, "demand": 17, "price": 16.47}, {"time_stamp": 18, "origin": 1, "destination": 4, "demand": 18, "price": 16.47}, {"time_stamp": 19, "origin": 1, "destination": 4, "demand": 18, "price": 16.47}, {"time_stamp": 20, "origin": 1, "destination": 4, "demand": 18, "price": 16.47}, {"time_stamp": 21, "origin": 1, "destination": 4, "demand": 18, "price": 16.47}, {"time_stamp": 22, "origin": 1, "destination": 4, "demand": 16, "price": 16.47}, {"time_stamp": 23, "origin": 1, "destination": 4, "demand": 16, "price": 16.47}, {"time_stamp": 0, "origin": 2, "destination": 0, "demand": 365, "price": 11.100999999999999}, {"time_stamp": 1, "origin": 2, "destination": 0, "demand": 365, "price": 11.100999999999999}, {"time_stamp": 2, "origin": 2, "destination": 0, "demand": 333, "price": 11.100999999999999}, {"time_stamp": 3, "origin": 2, "destination": 0, "demand": 333, "price": 11.100999999999999}, {"time_stamp": 4, "origin": 2, "destination": 0, "demand": 289, "price": 11.100999999999999}, {"time_stamp": 5, "origin": 2, "destination": 0, "demand": 289, "price": 11.100999999999999}, {"time_stamp": 6, "origin": 2, "destination": 0, "demand": 260, "price": 11.100999999999999}, {"time_stamp": 7, "origin": 2, "destination": 0, "demand": 260, "price": 11.100999999999999}, {"time_stamp": 8, "origin": 2, "destination": 0, "demand": 260, "price": 11.100999999999999}, {"time_stamp": 9, "origin": 2, "destination": 0, "demand": 260, "price": 11.100999999999999}, {"time_stamp": 10, "origin": 2, "destination": 0, "demand": 272, "price": 11.100999999999999}, {"time_stamp": 11, "origin": 2, "destination": 0, "demand": 272, "price": 11.100999999999999}, {"time_stamp": 12, "origin": 2, "destination": 0, "demand": 298, "price": 11.100999999999999}, {"time_stamp": 13, "origin": 2, "destination": 0, "demand": 298, "price": 11.100999999999999}, {"time_stamp": 14, "origin": 2, "destination": 0, "demand": 304, "price": 11.100999999999999}, {"time_stamp": 15, "origin": 2, "destination": 0, "demand": 304, "price": 11.100999999999999}, {"time_stamp": 16, "origin": 2, "destination": 0, "demand": 288, "price": 11.100999999999999}, {"time_stamp": 17, "origin": 2, "destination": 0, "demand": 288, "price": 11.100999999999999}, {"time_stamp": 18, "origin": 2, "destination": 0, "demand": 295, "price": 11.100999999999999}, {"time_stamp": 19, "origin": 2, "destination": 0, "demand": 295, "price": 11.100999999999999}, {"time_stamp": 20, "origin": 2, "destination": 0, "demand": 289, "price": 11.100999999999999}, {"time_stamp": 21, "origin": 2, "destination": 0, "demand": 289, "price": 11.100999999999999}, {"time_stamp": 22, "origin": 2, "destination": 0, "demand": 274, "price": 11.100999999999999}, {"time_stamp": 23, "origin": 2, "destination": 0, "demand": 274, "price": 11.100999999999999}, {"time_stamp": 0, "origin": 2, "destination": 1, "demand": 21, "price": 21.761}, {"time_stamp": 1, "origin": 2, "destination": 1, "demand": 21, "price": 21.761}, {"time_stamp": 2, "origin": 2, "destination": 1, "demand": 22, "price": 21.761}, {"time_stamp": 3, "origin": 2, "destination": 1, "demand": 22, "price": 21.761}, {"time_stamp": 4, "origin": 2, "destination": 1, "demand": 20, "price": 21.761}, {"time_stamp": 5, "origin": 2, "destination": 1, "demand": 20, "price": 21.761}, {"time_stamp": 6, "origin": 2, "destination": 1, "demand": 21, "price": 21.761}, {"time_stamp": 7, "origin": 2, "destination": 1, "demand": 21, "price": 21.761}, {"time_stamp": 8, "origin": 2, "destination": 1, "demand": 20, "price": 21.761}, {"time_stamp": 9, "origin": 2, "destination": 1, "demand": 20, "price": 21.761}, {"time_stamp": 10, "origin": 2, "destination": 1, "demand": 21, "price": 21.761}, {"time_stamp": 11, "origin": 2, "destination": 1, "demand": 21, "price": 21.761}, {"time_stamp": 12, "origin": 2, "destination": 1, "demand": 21, "price": 21.761}, {"time_stamp": 13, "origin": 2, "destination": 1, "demand": 21, "price": 21.761}, {"time_stamp": 14, "origin": 2, "destination": 1, "demand": 21, "price": 21.761}, {"time_stamp": 15, "origin": 2, "destination": 1, "demand": 21, "price": 21.761}, {"time_stamp": 16, "origin": 2, "destination": 1, "demand": 21, "price": 21.761}, {"time_stamp": 17, "origin": 2, "destination": 1, "demand": 21, "price": 21.761}, {"time_stamp": 18, "origin": 2, "destination": 1, "demand": 23, "price": 21.761}, {"time_stamp": 19, "origin": 2, "destination": 1, "demand": 23, "price": 21.761}, {"time_stamp": 20, "origin": 2, "destination": 1, "demand": 24, "price": 21.761}, {"time_stamp": 21, "origin": 2, "destination": 1, "demand": 24, "price": 21.761}, {"time_stamp": 22, "origin": 2, "destination": 1, "demand": 28, "price": 21.761}, {"time_stamp": 23, "origin": 2, "destination": 1, "demand": 28, "price": 21.761}, {"time_stamp": 0, "origin": 2, "destination": 2, "demand": 1533, "price": 7.734}, {"time_stamp": 1, "origin": 2, "destination": 2, "demand": 1533, "price": 7.734}, {"time_stamp": 2, "origin": 2, "destination": 2, "demand": 1256, "price": 7.734}, {"time_stamp": 3, "origin": 2, "destination": 2, "demand": 1256, "price": 7.734}, {"time_stamp": 4, "origin": 2, "destination": 2, "demand": 1118, "price": 7.734}, {"time_stamp": 5, "origin": 2, "destination": 2, "demand": 1118, "price": 7.734}, {"time_stamp": 6, "origin": 2, "destination": 2, "demand": 1077, "price": 7.734}, {"time_stamp": 7, "origin": 2, "destination": 2, "demand": 1077, "price": 7.734}, {"time_stamp": 8, "origin": 2, "destination": 2, "demand": 1116, "price": 7.734}, {"time_stamp": 9, "origin": 2, "destination": 2, "demand": 1116, "price": 7.734}, {"time_stamp": 10, "origin": 2, "destination": 2, "demand": 1192, "price": 7.734}, {"time_stamp": 11, "origin": 2, "destination": 2, "demand": 1192, "price": 7.734}, {"time_stamp": 12, "origin": 2, "destination": 2, "demand": 1393, "price": 7.734}, {"time_stamp": 13, "origin": 2, "destination": 2, "demand": 1393, "price": 7.734}, {"time_stamp": 14, "origin": 2, "destination": 2, "demand": 1420, "price": 7.734}, {"time_stamp": 15, "origin": 2, "destination": 2, "demand": 1420, "price": 7.734}, {"time_stamp": 16, "origin": 2, "destination": 2, "demand": 1422, "price": 7.734}, {"time_stamp": 17, "origin": 2, "destination": 2, "demand": 1422, "price": 7.734}, {"time_stamp": 18, "origin": 2, "destination": 2, "demand": 1459, "price": 7.734}, {"time_stamp": 19, "origin": 2, "destination": 2, "demand": 1459, "price": 7.734}, {"time_stamp": 20, "origin": 2, "destination": 2, "demand": 1359, "price": 7.734}, {"time_stamp": 21, "origin": 2, "destination": 2, "demand": 1359, "price": 7.734}, {"time_stamp": 22, "origin": 2, "destination": 2, "demand": 1218, "price": 7.734}, {"time_stamp": 23, "origin": 2, "destination": 2, "demand": 1218, "price": 7.734}, {"time_stamp": 0, "origin": 2, "destination": 3, "demand": 67, "price": 16.561}, {"time_stamp": 1, "origin": 2, "destination": 3, "demand": 67, "price": 16.561}, {"time_stamp": 2, "origin": 2, "destination": 3, "demand": 63, "price": 16.561}, {"time_stamp": 3, "origin": 2, "destination": 3, "demand": 63, "price": 16.561}, {"time_stamp": 4, "origin": 2, "destination": 3, "demand": 57, "price": 16.561}, {"time_stamp": 5, "origin": 2, "destination": 3, "demand": 57, "price": 16.561}, {"time_stamp": 6, "origin": 2, "destination": 3, "demand": 57, "price": 16.561}, {"time_stamp": 7, "origin": 2, "destination": 3, "demand": 57, "price": 16.561}, {"time_stamp": 8, "origin": 2, "destination": 3, "demand": 57, "price": 16.561}, {"time_stamp": 9, "origin": 2, "destination": 3, "demand": 57, "price": 16.561}, {"time_stamp": 10, "origin": 2, "destination": 3, "demand": 59, "price": 16.561}, {"time_stamp": 11, "origin": 2, "destination": 3, "demand": 59, "price": 16.561}, {"time_stamp": 12, "origin": 2, "destination": 3, "demand": 59, "price": 16.561}, {"time_stamp": 13, "origin": 2, "destination": 3, "demand": 59, "price": 16.561}, {"time_stamp": 14, "origin": 2, "destination": 3, "demand": 59, "price": 16.561}, {"time_stamp": 15, "origin": 2, "destination": 3, "demand": 59, "price": 16.561}, {"time_stamp": 16, "origin": 2, "destination": 3, "demand": 58, "price": 16.561}, {"time_stamp": 17, "origin": 2, "destination": 3, "demand": 58, "price": 16.561}, {"time_stamp": 18, "origin": 2, "destination": 3, "demand": 59, "price": 16.561}, {"time_stamp": 19, "origin": 2, "destination": 3, "demand": 59, "price": 16.561}, {"time_stamp": 20, "origin": 2, "destination": 3, "demand": 56, "price": 16.561}, {"time_stamp": 21, "origin": 2, "destination": 3, "demand": 56, "price": 16.561}, {"time_stamp": 22, "origin": 2, "destination": 3, "demand": 52, "price": 16.561}, {"time_stamp": 23, "origin": 2, "destination": 3, "demand": 52, "price": 16.561}, {"time_stamp": 0, "origin": 2, "destination": 4, "demand": 0, "price": 33.318000000000005}, {"time_stamp": 1, "origin": 2, "destination": 4, "demand": 0, "price": 33.318000000000005}, {"time_stamp": 2, "origin": 2, "destination": 4, "demand": 0, "price": 33.318000000000005}, {"time_stamp": 3, "origin": 2, "destination": 4, "demand": 0, "price": 33.318000000000005}, {"time_stamp": 4, "origin": 2, "destination": 4, "demand": 0, "price": 33.318000000000005}, {"time_stamp": 5, "origin": 2, "destination": 4, "demand": 0, "price": 33.318000000000005}, {"time_stamp": 6, "origin": 2, "destination": 4, "demand": 0, "price": 33.318000000000005}, {"time_stamp": 7, "origin": 2, "destination": 4, "demand": 0, "price": 33.318000000000005}, {"time_stamp": 8, "origin": 2, "destination": 4, "demand": 0, "price": 33.318000000000005}, {"time_stamp": 9, "origin": 2, "destination": 4, "demand": 0, "price": 33.318000000000005}, {"time_stamp": 10, "origin": 2, "destination": 4, "demand": 1, "price": 33.318000000000005}, {"time_stamp": 11, "origin": 2, "destination": 4, "demand": 1, "price": 33.318000000000005}, {"time_stamp": 12, "origin": 2, "destination": 4, "demand": 0, "price": 33.318000000000005}, {"time_stamp": 13, "origin": 2, "destination": 4, "demand": 0, "price": 33.318000000000005}, {"time_stamp": 14, "origin": 2, "destination": 4, "demand": 1, "price": 33.318000000000005}, {"time_stamp": 15, "origin": 2, "destination": 4, "demand": 1, "price": 33.318000000000005}, {"time_stamp": 16, "origin": 2, "destination": 4, "demand": 1, "price": 33.318000000000005}, {"time_stamp": 17, "origin": 2, "destination": 4, "demand": 1, "price": 33.318000000000005}, {"time_stamp": 18, "origin": 2, "destination": 4, "demand": 0, "price": 33.318000000000005}, {"time_stamp": 19, "origin": 2, "destination": 4, "demand": 0, "price": 33.318000000000005}, {"time_stamp": 20, "origin": 2, "destination": 4, "demand": 1, "price": 33.318000000000005}, {"time_stamp": 21, "origin": 2, "destination": 4, "demand": 1, "price": 33.318000000000005}, {"time_stamp": 22, "origin": 2, "destination": 4, "demand": 1, "price": 33.318000000000005}, {"time_stamp": 23, "origin": 2, "destination": 4, "demand": 1, "price": 33.318000000000005}, {"time_stamp": 0, "origin": 3, "destination": 0, "demand": 442, "price": 14.649999999999999}, {"time_stamp": 1, "origin": 3, "destination": 0, "demand": 442, "price": 14.649999999999999}, {"time_stamp": 2, "origin": 3, "destination": 0, "demand": 480, "price": 14.649999999999999}, {"time_stamp": 3, "origin": 3, "destination": 0, "demand": 480, "price": 14.649999999999999}, {"time_stamp": 4, "origin": 3, "destination": 0, "demand": 492, "price": 14.649999999999999}, {"time_stamp": 5, "origin": 3, "destination": 0, "demand": 492, "price": 14.649999999999999}, {"time_stamp": 6, "origin": 3, "destination": 0, "demand": 461, "price": 14.649999999999999}, {"time_stamp": 7, "origin": 3, "destination": 0, "demand": 461, "price": 14.649999999999999}, {"time_stamp": 8, "origin": 3, "destination": 0, "demand": 456, "price": 14.649999999999999}, {"time_stamp": 9, "origin": 3, "destination": 0, "demand": 456, "price": 14.649999999999999}, {"time_stamp": 10, "origin": 3, "destination": 0, "demand": 438, "price": 14.649999999999999}, {"time_stamp": 11, "origin": 3, "destination": 0, "demand": 438, "price": 14.649999999999999}, {"time_stamp": 12, "origin": 3, "destination": 0, "demand": 470, "price": 14.649999999999999}, {"time_stamp": 13, "origin": 3, "destination": 0, "demand": 470, "price": 14.649999999999999}, {"time_stamp": 14, "origin": 3, "destination": 0, "demand": 501, "price": 14.649999999999999}, {"time_stamp": 15, "origin": 3, "destination": 0, "demand": 501, "price": 14.649999999999999}, {"time_stamp": 16, "origin": 3, "destination": 0, "demand": 474, "price": 14.649999999999999}, {"time_stamp": 17, "origin": 3, "destination": 0, "demand": 474, "price": 14.649999999999999}, {"time_stamp": 18, "origin": 3, "destination": 0, "demand": 485, "price": 14.649999999999999}, {"time_stamp": 19, "origin": 3, "destination": 0, "demand": 485, "price": 14.649999999999999}, {"time_stamp": 20, "origin": 3, "destination": 0, "demand": 485, "price": 14.649999999999999}, {"time_stamp": 21, "origin": 3, "destination": 0, "demand": 485, "price": 14.649999999999999}, {"time_stamp": 22, "origin": 3, "destination": 0, "demand": 495, "price": 14.649999999999999}, {"time_stamp": 23, "origin": 3, "destination": 0, "demand": 495, "price": 14.649999999999999}, {"time_stamp": 0, "origin": 3, "destination": 1, "demand": 279, "price": 13.012}, {"time_stamp": 1, "origin": 3, "destination": 1, "demand": 279, "price": 13.012}, {"time_stamp": 2, "origin": 3, "destination": 1, "demand": 287, "price": 13.012}, {"time_stamp": 3, "origin": 3, "destination": 1, "demand": 287, "price": 13.012}, {"time_stamp": 4, "origin": 3, "destination": 1, "demand": 290, "price": 13.012}, {"time_stamp": 5, "origin": 3, "destination": 1, "demand": 290, "price": 13.012}, {"time_stamp": 6, "origin": 3, "destination": 1, "demand": 281, "price": 13.012}, {"time_stamp": 7, "origin": 3, "destination": 1, "demand": 281, "price": 13.012}, {"time_stamp": 8, "origin": 3, "destination": 1, "demand": 281, "price": 13.012}, {"time_stamp": 9, "origin": 3, "destination": 1, "demand": 281, "price": 13.012}, {"time_stamp": 10, "origin": 3, "destination": 1, "demand": 298, "price": 13.012}, {"time_stamp": 11, "origin": 3, "destination": 1, "demand": 298, "price": 13.012}, {"time_stamp": 12, "origin": 3, "destination": 1, "demand": 325, "price": 13.012}, {"time_stamp": 13, "origin": 3, "destination": 1, "demand": 325, "price": 13.012}, {"time_stamp": 14, "origin": 3, "destination": 1, "demand": 355, "price": 13.012}, {"time_stamp": 15, "origin": 3, "destination": 1, "demand": 355, "price": 13.012}, {"time_stamp": 16, "origin": 3, "destination": 1, "demand": 353, "price": 13.012}, {"time_stamp": 17, "origin": 3, "destination": 1, "demand": 353, "price": 13.012}, {"time_stamp": 18, "origin": 3, "destination": 1, "demand": 380, "price": 13.012}, {"time_stamp": 19, "origin": 3, "destination": 1, "demand": 380, "price": 13.012}, {"time_stamp": 20, "origin": 3, "destination": 1, "demand": 403, "price": 13.012}, {"time_stamp": 21, "origin": 3, "destination": 1, "demand": 403, "price": 13.012}, {"time_stamp": 22, "origin": 3, "destination": 1, "demand": 408, "price": 13.012}, {"time_stamp": 23, "origin": 3, "destination": 1, "demand": 408, "price": 13.012}, {"time_stamp": 0, "origin": 3, "destination": 2, "demand": 52, "price": 16.652}, {"time_stamp": 1, "origin": 3, "destination": 2, "demand": 52, "price": 16.652}, {"time_stamp": 2, "origin": 3, "destination": 2, "demand": 50, "price": 16.652}, {"time_stamp": 3, "origin": 3, "destination": 2, "demand": 50, "price": 16.652}, {"time_stamp": 4, "origin": 3, "destination": 2, "demand": 52, "price": 16.652}, {"time_stamp": 5, "origin": 3, "destination": 2, "demand": 52, "price": 16.652}, {"time_stamp": 6, "origin": 3, "destination": 2, "demand": 49, "price": 16.652}, {"time_stamp": 7, "origin": 3, "destination": 2, "demand": 49, "price": 16.652}, {"time_stamp": 8, "origin": 3, "destination": 2, "demand": 48, "price": 16.652}, {"time_stamp": 9, "origin": 3, "destination": 2, "demand": 48, "price": 16.652}, {"time_stamp": 10, "origin": 3, "destination": 2, "demand": 48, "price": 16.652}, {"time_stamp": 11, "origin": 3, "destination": 2, "demand": 48, "price": 16.652}, {"time_stamp": 12, "origin": 3, "destination": 2, "demand": 49, "price": 16.652}, {"time_stamp": 13, "origin": 3, "destination": 2, "demand": 49, "price": 16.652}, {"time_stamp": 14, "origin": 3, "destination": 2, "demand": 54, "price": 16.652}, {"time_stamp": 15, "origin": 3, "destination": 2, "demand": 54, "price": 16.652}, {"time_stamp": 16, "origin": 3, "destination": 2, "demand": 52, "price": 16.652}, {"time_stamp": 17, "origin": 3, "destination": 2, "demand": 52, "price": 16.652}, {"time_stamp": 18, "origin": 3, "destination": 2, "demand": 59, "price": 16.652}, {"time_stamp": 19, "origin": 3, "destination": 2, "demand": 59, "price": 16.652}, {"time_stamp": 20, "origin": 3, "destination": 2, "demand": 62, "price": 16.652}, {"time_stamp": 21, "origin": 3, "destination": 2, "demand": 62, "price": 16.652}, {"time_stamp": 22, "origin": 3, "destination": 2, "demand": 61, "price": 16.652}, {"time_stamp": 23, "origin": 3, "destination": 2, "demand": 61, "price": 16.652}, {"time_stamp": 0, "origin": 3, "destination": 3, "demand": 2028, "price": 8.462}, {"time_stamp": 1, "origin": 3, "destination": 3, "demand": 2028, "price": 8.462}, {"time_stamp": 2, "origin": 3, "destination": 3, "demand": 1776, "price": 8.462}, {"time_stamp": 3, "origin": 3, "destination": 3, "demand": 1776, "price": 8.462}, {"time_stamp": 4, "origin": 3, "destination": 3, "demand": 1651, "price": 8.462}, {"time_stamp": 5, "origin": 3, "destination": 3, "demand": 1651, "price": 8.462}, {"time_stamp": 6, "origin": 3, "destination": 3, "demand": 1607, "price": 8.462}, {"time_stamp": 7, "origin": 3, "destination": 3, "demand": 1607, "price": 8.462}, {"time_stamp": 8, "origin": 3, "destination": 3, "demand": 1616, "price": 8.462}, {"time_stamp": 9, "origin": 3, "destination": 3, "demand": 1616, "price": 8.462}, {"time_stamp": 10, "origin": 3, "destination": 3, "demand": 1756, "price": 8.462}, {"time_stamp": 11, "origin": 3, "destination": 3, "demand": 1756, "price": 8.462}, {"time_stamp": 12, "origin": 3, "destination": 3, "demand": 1948, "price": 8.462}, {"time_stamp": 13, "origin": 3, "destination": 3, "demand": 1948, "price": 8.462}, {"time_stamp": 14, "origin": 3, "destination": 3, "demand": 1916, "price": 8.462}, {"time_stamp": 15, "origin": 3, "destination": 3, "demand": 1916, "price": 8.462}, {"time_stamp": 16, "origin": 3, "destination": 3, "demand": 1879, "price": 8.462}, {"time_stamp": 17, "origin": 3, "destination": 3, "demand": 1879, "price": 8.462}, {"time_stamp": 18, "origin": 3, "destination": 3, "demand": 1952, "price": 8.462}, {"time_stamp": 19, "origin": 3, "destination": 3, "demand": 1952, "price": 8.462}, {"time_stamp": 20, "origin": 3, "destination": 3, "demand": 1934, "price": 8.462}, {"time_stamp": 21, "origin": 3, "destination": 3, "demand": 1934, "price": 8.462}, {"time_stamp": 22, "origin": 3, "destination": 3, "demand": 1756, "price": 8.462}, {"time_stamp": 23, "origin": 3, "destination": 3, "demand": 1756, "price": 8.462}, {"time_stamp": 0, "origin": 3, "destination": 4, "demand": 2, "price": 28.586000000000002}, {"time_stamp": 1, "origin": 3, "destination": 4, "demand": 2, "price": 28.586000000000002}, {"time_stamp": 2, "origin": 3, "destination": 4, "demand": 2, "price": 28.586000000000002}, {"time_stamp": 3, "origin": 3, "destination": 4, "demand": 2, "price": 28.586000000000002}, {"time_stamp": 4, "origin": 3, "destination": 4, "demand": 2, "price": 28.586000000000002}, {"time_stamp": 5, "origin": 3, "destination": 4, "demand": 2, "price": 28.586000000000002}, {"time_stamp": 6, "origin": 3, "destination": 4, "demand": 2, "price": 28.586000000000002}, {"time_stamp": 7, "origin": 3, "destination": 4, "demand": 2, "price": 28.586000000000002}, {"time_stamp": 8, "origin": 3, "destination": 4, "demand": 2, "price": 28.586000000000002}, {"time_stamp": 9, "origin": 3, "destination": 4, "demand": 2, "price": 28.586000000000002}, {"time_stamp": 10, "origin": 3, "destination": 4, "demand": 2, "price": 28.586000000000002}, {"time_stamp": 11, "origin": 3, "destination": 4, "demand": 2, "price": 28.586000000000002}, {"time_stamp": 12, "origin": 3, "destination": 4, "demand": 2, "price": 28.586000000000002}, {"time_stamp": 13, "origin": 3, "destination": 4, "demand": 2, "price": 28.586000000000002}, {"time_stamp": 14, "origin": 3, "destination": 4, "demand": 3, "price": 28.586000000000002}, {"time_stamp": 15, "origin": 3, "destination": 4, "demand": 3, "price": 28.586000000000002}, {"time_stamp": 16, "origin": 3, "destination": 4, "demand": 3, "price": 28.586000000000002}, {"time_stamp": 17, "origin": 3, "destination": 4, "demand": 3, "price": 28.586000000000002}, {"time_stamp": 18, "origin": 3, "destination": 4, "demand": 3, "price": 28.586000000000002}, {"time_stamp": 19, "origin": 3, "destination": 4, "demand": 3, "price": 28.586000000000002}, {"time_stamp": 20, "origin": 3, "destination": 4, "demand": 3, "price": 28.586000000000002}, {"time_stamp": 21, "origin": 3, "destination": 4, "demand": 3, "price": 28.586000000000002}, {"time_stamp": 22, "origin": 3, "destination": 4, "demand": 3, "price": 28.586000000000002}, {"time_stamp": 23, "origin": 3, "destination": 4, "demand": 3, "price": 28.586000000000002}, {"time_stamp": 0, "origin": 4, "destination": 0, "demand": 7, "price": 23.581}, {"time_stamp": 1, "origin": 4, "destination": 0, "demand": 7, "price": 23.581}, {"time_stamp": 2, "origin": 4, "destination": 0, "demand": 7, "price": 23.581}, {"time_stamp": 3, "origin": 4, "destination": 0, "demand": 7, "price": 23.581}, {"time_stamp": 4, "origin": 4, "destination": 0, "demand": 5, "price": 23.581}, {"time_stamp": 5, "origin": 4, "destination": 0, "demand": 5, "price": 23.581}, {"time_stamp": 6, "origin": 4, "destination": 0, "demand": 5, "price": 23.581}, {"time_stamp": 7, "origin": 4, "destination": 0, "demand": 5, "price": 23.581}, {"time_stamp": 8, "origin": 4, "destination": 0, "demand": 6, "price": 23.581}, {"time_stamp": 9, "origin": 4, "destination": 0, "demand": 6, "price": 23.581}, {"time_stamp": 10, "origin": 4, "destination": 0, "demand": 5, "price": 23.581}, {"time_stamp": 11, "origin": 4, "destination": 0, "demand": 5, "price": 23.581}, {"time_stamp": 12, "origin": 4, "destination": 0, "demand": 5, "price": 23.581}, {"time_stamp": 13, "origin": 4, "destination": 0, "demand": 5, "price": 23.581}, {"time_stamp": 14, "origin": 4, "destination": 0, "demand": 5, "price": 23.581}, {"time_stamp": 15, "origin": 4, "destination": 0, "demand": 5, "price": 23.581}, {"time_stamp": 16, "origin": 4, "destination": 0, "demand": 5, "price": 23.581}, {"time_stamp": 17, "origin": 4, "destination": 0, "demand": 5, "price": 23.581}, {"time_stamp": 18, "origin": 4, "destination": 0, "demand": 6, "price": 23.581}, {"time_stamp": 19, "origin": 4, "destination": 0, "demand": 6, "price": 23.581}, {"time_stamp": 20, "origin": 4, "destination": 0, "demand": 6, "price": 23.581}, {"time_stamp": 21, "origin": 4, "destination": 0, "demand": 6, "price": 23.581}, {"time_stamp": 22, "origin": 4, "destination": 0, "demand": 6, "price": 23.581}, {"time_stamp": 23, "origin": 4, "destination": 0, "demand": 6, "price": 23.581}, {"time_stamp": 0, "origin": 4, "destination": 1, "demand": 15, "price": 16.288}, {"time_stamp": 1, "origin": 4, "destination": 1, "demand": 15, "price": 16.288}, {"time_stamp": 2, "origin": 4, "destination": 1, "demand": 13, "price": 16.288}, {"time_stamp": 3, "origin": 4, "destination": 1, "demand": 13, "price": 16.288}, {"time_stamp": 4, "origin": 4, "destination": 1, "demand": 12, "price": 16.288}, {"time_stamp": 5, "origin": 4, "destination": 1, "demand": 12, "price": 16.288}, {"time_stamp": 6, "origin": 4, "destination": 1, "demand": 14, "price": 16.288}, {"time_stamp": 7, "origin": 4, "destination": 1, "demand": 14, "price": 16.288}, {"time_stamp": 8, "origin": 4, "destination": 1, "demand": 12, "price": 16.288}, {"time_stamp": 9, "origin": 4, "destination": 1, "demand": 12, "price": 16.288}, {"time_stamp": 10, "origin": 4, "destination": 1, "demand": 13, "price": 16.288}, {"time_stamp": 11, "origin": 4, "destination": 1, "demand": 13, "price": 16.288}, {"time_stamp": 12, "origin": 4, "destination": 1, "demand": 14, "price": 16.288}, {"time_stamp": 13, "origin": 4, "destination": 1, "demand": 14, "price": 16.288}, {"time_stamp": 14, "origin": 4, "destination": 1, "demand": 14, "price": 16.288}, {"time_stamp": 15, "origin": 4, "destination": 1, "demand": 14, "price": 16.288}, {"time_stamp": 16, "origin": 4, "destination": 1, "demand": 15, "price": 16.288}, {"time_stamp": 17, "origin": 4, "destination": 1, "demand": 15, "price": 16.288}, {"time_stamp": 18, "origin": 4, "destination": 1, "demand": 17, "price": 16.288}, {"time_stamp": 19, "origin": 4, "destination": 1, "demand": 17, "price": 16.288}, {"time_stamp": 20, "origin": 4, "destination": 1, "demand": 17, "price": 16.288}, {"time_stamp": 21, "origin": 4, "destination": 1, "demand": 17, "price": 16.288}, {"time_stamp": 22, "origin": 4, "destination": 1, "demand": 15, "price": 16.288}, {"time_stamp": 23, "origin": 4, "destination": 1, "demand": 15, "price": 16.288}, {"time_stamp": 0, "origin": 4, "destination": 2, "demand": 0, "price": 33.682}, {"time_stamp": 1, "origin": 4, "destination": 2, "demand": 0, "price": 33.682}, {"time_stamp": 2, "origin": 4, "destination": 2, "demand": 0, "price": 33.682}, {"time_stamp": 3, "origin": 4, "destination": 2, "demand": 0, "price": 33.682}, {"time_stamp": 4, "origin": 4, "destination": 2, "demand": 0, "price": 33.682}, {"time_stamp": 5, "origin": 4, "destination": 2, "demand": 0, "price": 33.682}, {"time_stamp": 6, "origin": 4, "destination": 2, "demand": 1, "price": 33.682}, {"time_stamp": 7, "origin": 4, "destination": 2, "demand": 1, "price": 33.682}, {"time_stamp": 8, "origin": 4, "destination": 2, "demand": 0, "price": 33.682}, {"time_stamp": 9, "origin": 4, "destination": 2, "demand": 0, "price": 33.682}, {"time_stamp": 10, "origin": 4, "destination": 2, "demand": 1, "price": 33.682}, {"time_stamp": 11, "origin": 4, "destination": 2, "demand": 1, "price": 33.682}, {"time_stamp": 12, "origin": 4, "destination": 2, "demand": 0, "price": 33.682}, {"time_stamp": 13, "origin": 4, "destination": 2, "demand": 0, "price": 33.682}, {"time_stamp": 14, "origin": 4, "destination": 2, "demand": 0, "price": 33.682}, {"time_stamp": 15, "origin": 4, "destination": 2, "demand": 0, "price": 33.682}, {"time_stamp": 16, "origin": 4, "destination": 2, "demand": 1, "price": 33.682}, {"time_stamp": 17, "origin": 4, "destination": 2, "demand": 1, "price": 33.682}, {"time_stamp": 18, "origin": 4, "destination": 2, "demand": 1, "price": 33.682}, {"time_stamp": 19, "origin": 4, "destination": 2, "demand": 1, "price": 33.682}, {"time_stamp": 20, "origin": 4, "destination": 2, "demand": 1, "price": 33.682}, {"time_stamp": 21, "origin": 4, "destination": 2, "demand": 1, "price": 33.682}, {"time_stamp": 22, "origin": 4, "destination": 2, "demand": 1, "price": 33.682}, {"time_stamp": 23, "origin": 4, "destination": 2, "demand": 1, "price": 33.682}, {"time_stamp": 0, "origin": 4, "destination": 3, "demand": 2, "price": 28.768}, {"time_stamp": 1, "origin": 4, "destination": 3, "demand": 2, "price": 28.768}, {"time_stamp": 2, "origin": 4, "destination": 3, "demand": 2, "price": 28.768}, {"time_stamp": 3, "origin": 4, "destination": 3, "demand": 2, "price": 28.768}, {"time_stamp": 4, "origin": 4, "destination": 3, "demand": 3, "price": 28.768}, {"time_stamp": 5, "origin": 4, "destination": 3, "demand": 3, "price": 28.768}, {"time_stamp": 6, "origin": 4, "destination": 3, "demand": 2, "price": 28.768}, {"time_stamp": 7, "origin": 4, "destination": 3, "demand": 2, "price": 28.768}, {"time_stamp": 8, "origin": 4, "destination": 3, "demand": 3, "price": 28.768}, {"time_stamp": 9, "origin": 4, "destination": 3, "demand": 3, "price": 28.768}, {"time_stamp": 10, "origin": 4, "destination": 3, "demand": 3, "price": 28.768}, {"time_stamp": 11, "origin": 4, "destination": 3, "demand": 3, "price": 28.768}, {"time_stamp": 12, "origin": 4, "destination": 3, "demand": 2, "price": 28.768}, {"time_stamp": 13, "origin": 4, "destination": 3, "demand": 2, "price": 28.768}, {"time_stamp": 14, "origin": 4, "destination": 3, "demand": 2, "price": 28.768}, {"time_stamp": 15, "origin": 4, "destination": 3, "demand": 2, "price": 28.768}, {"time_stamp": 16, "origin": 4, "destination": 3, "demand": 2, "price": 28.768}, {"time_stamp": 17, "origin": 4, "destination": 3, "demand": 2, "price": 28.768}, {"time_stamp": 18, "origin": 4, "destination": 3, "demand": 2, "price": 28.768}, {"time_stamp": 19, "origin": 4, "destination": 3, "demand": 2, "price": 28.768}, {"time_stamp": 20, "origin": 4, "destination": 3, "demand": 2, "price": 28.768}, {"time_stamp": 21, "origin": 4, "destination": 3, "demand": 2, "price": 28.768}, {"time_stamp": 22, "origin": 4, "destination": 3, "demand": 2, "price": 28.768}, {"time_stamp": 23, "origin": 4, "destination": 3, "demand": 2, "price": 28.768}, {"time_stamp": 0, "origin": 4, "destination": 4, "demand": 201, "price": 8.280000000000001}, {"time_stamp": 1, "origin": 4, "destination": 4, "demand": 201, "price": 8.280000000000001}, {"time_stamp": 2, "origin": 4, "destination": 4, "demand": 169, "price": 8.280000000000001}, {"time_stamp": 3, "origin": 4, "destination": 4, "demand": 169, "price": 8.280000000000001}, {"time_stamp": 4, "origin": 4, "destination": 4, "demand": 160, "price": 8.280000000000001}, {"time_stamp": 5, "origin": 4, "destination": 4, "demand": 160, "price": 8.280000000000001}, {"time_stamp": 6, "origin": 4, "destination": 4, "demand": 164, "price": 8.280000000000001}, {"time_stamp": 7, "origin": 4, "destination": 4, "demand": 164, "price": 8.280000000000001}, {"time_stamp": 8, "origin": 4, "destination": 4, "demand": 162, "price": 8.280000000000001}, {"time_stamp": 9, "origin": 4, "destination": 4, "demand": 162, "price": 8.280000000000001}, {"time_stamp": 10, "origin": 4, "destination": 4, "demand": 177, "price": 8.280000000000001}, {"time_stamp": 11, "origin": 4, "destination": 4, "demand": 177, "price": 8.280000000000001}, {"time_stamp": 12, "origin": 4, "destination": 4, "demand": 209, "price": 8.280000000000001}, {"time_stamp": 13, "origin": 4, "destination": 4, "demand": 209, "price": 8.280000000000001}, {"time_stamp": 14, "origin": 4, "destination": 4, "demand": 205, "price": 8.280000000000001}, {"time_stamp": 15, "origin": 4, "destination": 4, "demand": 205, "price": 8.280000000000001}, {"time_stamp": 16, "origin": 4, "destination": 4, "demand": 202, "price": 8.280000000000001}, {"time_stamp": 17, "origin": 4, "destination": 4, "demand": 202, "price": 8.280000000000001}, {"time_stamp": 18, "origin": 4, "destination": 4, "demand": 210, "price": 8.280000000000001}, {"time_stamp": 19, "origin": 4, "destination": 4, "demand": 210, "price": 8.280000000000001}, {"time_stamp": 20, "origin": 4, "destination": 4, "demand": 182, "price": 8.280000000000001}, {"time_stamp": 21, "origin": 4, "destination": 4, "demand": 182, "price": 8.280000000000001}, {"time_stamp": 22, "origin": 4, "destination": 4, "demand": 157, "price": 8.280000000000001}, {"time_stamp": 23, "origin": 4, "destination": 4, "demand": 157, "price": 8.280000000000001}], "rebTime": [{"time_stamp": 0, "origin": 0, "destination": 0, "reb_time": 1}, {"time_stamp": 1, "origin": 0, "destination": 0, "reb_time": 1}, {"time_stamp": 2, "origin": 0, "destination": 0, "reb_time": 1}, {"time_stamp": 3, "origin": 0, "destination": 0, "reb_time": 1}, {"time_stamp": 4, "origin": 0, "destination": 0, "reb_time": 1}, {"time_stamp": 5, "origin": 0, "destination": 0, "reb_time": 1}, {"time_stamp": 6, "origin": 0, "destination": 0, "reb_time": 1}, {"time_stamp": 7, "origin": 0, "destination": 0, "reb_time": 1}, {"time_stamp": 8, "origin": 0, "destination": 0, "reb_time": 1}, {"time_stamp": 9, "origin": 0, "destination": 0, "reb_time": 1}, {"time_stamp": 10, "origin": 0, "destination": 0, "reb_time": 1}, {"time_stamp": 11, "origin": 0, "destination": 0, "reb_time": 1}, {"time_stamp": 12, "origin": 0, "destination": 0, "reb_time": 1}, {"time_stamp": 13, "origin": 0, "destination": 0, "reb_time": 1}, {"time_stamp": 14, "origin": 0, "destination": 0, "reb_time": 1}, {"time_stamp": 15, "origin": 0, "destination": 0, "reb_time": 1}, {"time_stamp": 16, "origin": 0, "destination": 0, "reb_time": 1}, {"time_stamp": 17, "origin": 0, "destination": 0, "reb_time": 1}, {"time_stamp": 18, "origin": 0, "destination": 0, "reb_time": 1}, {"time_stamp": 19, "origin": 0, "destination": 0, "reb_time": 1}, {"time_stamp": 20, "origin": 0, "destination": 0, "reb_time": 1}, {"time_stamp": 21, "origin": 0, "destination": 0, "reb_time": 1}, {"time_stamp": 22, "origin": 0, "destination": 0, "reb_time": 1}, {"time_stamp": 23, "origin": 0, "destination": 0, "reb_time": 1}, {"time_stamp": 0, "origin": 0, "destination": 1, "reb_time": 1}, {"time_stamp": 1, "origin": 0, "destination": 1, "reb_time": 1}, {"time_stamp": 2, "origin": 0, "destination": 1, "reb_time": 1}, {"time_stamp": 3, "origin": 0, "destination": 1, "reb_time": 1}, {"time_stamp": 4, "origin": 0, "destination": 1, "reb_time": 1}, {"time_stamp": 5, "origin": 0, "destination": 1, "reb_time": 1}, {"time_stamp": 6, "origin": 0, "destination": 1, "reb_time": 1}, {"time_stamp": 7, "origin": 0, "destination": 1, "reb_time": 1}, {"time_stamp": 8, "origin": 0, "destination": 1, "reb_time": 1}, {"time_stamp": 9, "origin": 0, "destination": 1, "reb_time": 1}, {"time_stamp": 10, "origin": 0, "destination": 1, "reb_time": 1}, {"time_stamp": 11, "origin": 0, "destination": 1, "reb_time": 1}, {"time_stamp": 12, "origin": 0, "destination": 1, "reb_time": 1}, {"time_stamp": 13, "origin": 0, "destination": 1, "reb_time": 1}, {"time_stamp": 14, "origin": 0, "destination": 1, "reb_time": 1}, {"time_stamp": 15, "origin": 0, "destination": 1, "reb_time": 1}, {"time_stamp": 16, "origin": 0, "destination": 1, "reb_time": 1}, {"time_stamp": 17, "origin": 0, "destination": 1, "reb_time": 1}, {"time_stamp": 18, "origin": 0, "destination": 1, "reb_time": 1}, {"time_stamp": 19, "origin": 0, "destination": 1, "reb_time": 1}, {"time_stamp": 20, "origin": 0, "destination": 1, "reb_time": 1}, {"time_stamp": 21, "origin": 0, "destination": 1, "reb_time": 1}, {"time_stamp": 22, "origin": 0, "destination": 1, "reb_time": 1}, {"time_stamp": 23, "origin": 0, "destination": 1, "reb_time": 1}, {"time_stamp": 0, "origin": 0, "destination": 2, "reb_time": 1}, {"time_stamp": 1, "origin": 0, "destination": 2, "reb_time": 1}, {"time_stamp": 2, "origin": 0, "destination": 2, "reb_time": 1}, {"time_stamp": 3, "origin": 0, "destination": 2, "reb_time": 1}, {"time_stamp": 4, "origin": 0, "destination": 2, "reb_time": 1}, {"time_stamp": 5, "origin": 0, "destination": 2, "reb_time": 1}, {"time_stamp": 6, "origin": 0, "destination": 2, "reb_time": 1}, {"time_stamp": 7, "origin": 0, "destination": 2, "reb_time": 1}, {"time_stamp": 8, "origin": 0, "destination": 2, "reb_time": 1}, {"time_stamp": 9, "origin": 0, "destination": 2, "reb_time": 1}, {"time_stamp": 10, "origin": 0, "destination": 2, "reb_time": 1}, {"time_stamp": 11, "origin": 0, "destination": 2, "reb_time": 1}, {"time_stamp": 12, "origin": 0, "destination": 2, "reb_time": 1}, {"time_stamp": 13, "origin": 0, "destination": 2, "reb_time": 1}, {"time_stamp": 14, "origin": 0, "destination": 2, "reb_time": 1}, {"time_stamp": 15, "origin": 0, "destination": 2, "reb_time": 1}, {"time_stamp": 16, "origin": 0, "destination": 2, "reb_time": 1}, {"time_stamp": 17, "origin": 0, "destination": 2, "reb_time": 1}, {"time_stamp": 18, "origin": 0, "destination": 2, "reb_time": 1}, {"time_stamp": 19, "origin": 0, "destination": 2, "reb_time": 1}, {"time_stamp": 20, "origin": 0, "destination": 2, "reb_time": 1}, {"time_stamp": 21, "origin": 0, "destination": 2, "reb_time": 1}, {"time_stamp": 22, "origin": 0, "destination": 2, "reb_time": 1}, {"time_stamp": 23, "origin": 0, "destination": 2, "reb_time": 1}, {"time_stamp": 0, "origin": 0, "destination": 3, "reb_time": 1}, {"time_stamp": 1, "origin": 0, "destination": 3, "reb_time": 1}, {"time_stamp": 2, "origin": 0, "destination": 3, "reb_time": 1}, {"time_stamp": 3, "origin": 0, "destination": 3, "reb_time": 1}, {"time_stamp": 4, "origin": 0, "destination": 3, "reb_time": 1}, {"time_stamp": 5, "origin": 0, "destination": 3, "reb_time": 1}, {"time_stamp": 6, "origin": 0, "destination": 3, "reb_time": 1}, {"time_stamp": 7, "origin": 0, "destination": 3, "reb_time": 1}, {"time_stamp": 8, "origin": 0, "destination": 3, "reb_time": 1}, {"time_stamp": 9, "origin": 0, "destination": 3, "reb_time": 1}, {"time_stamp": 10, "origin": 0, "destination": 3, "reb_time": 1}, {"time_stamp": 11, "origin": 0, "destination": 3, "reb_time": 1}, {"time_stamp": 12, "origin": 0, "destination": 3, "reb_time": 1}, {"time_stamp": 13, "origin": 0, "destination": 3, "reb_time": 1}, {"time_stamp": 14, "origin": 0, "destination": 3, "reb_time": 1}, {"time_stamp": 15, "origin": 0, "destination": 3, "reb_time": 1}, {"time_stamp": 16, "origin": 0, "destination": 3, "reb_time": 1}, {"time_stamp": 17, "origin": 0, "destination": 3, "reb_time": 1}, {"time_stamp": 18, "origin": 0, "destination": 3, "reb_time": 1}, {"time_stamp": 19, "origin": 0, "destination": 3, "reb_time": 1}, {"time_stamp": 20, "origin": 0, "destination": 3, "reb_time": 1}, {"time_stamp": 21, "origin": 0, "destination": 3, "reb_time": 1}, {"time_stamp": 22, "origin": 0, "destination": 3, "reb_time": 1}, {"time_stamp": 23, "origin": 0, "destination": 3, "reb_time": 1}, {"time_stamp": 0, "origin": 0, "destination": 4, "reb_time": 1}, {"time_stamp": 1, "origin": 0, "destination": 4, "reb_time": 1}, {"time_stamp": 2, "origin": 0, "destination": 4, "reb_time": 1}, {"time_stamp": 3, "origin": 0, "destination": 4, "reb_time": 1}, {"time_stamp": 4, "origin": 0, "destination": 4, "reb_time": 1}, {"time_stamp": 5, "origin": 0, "destination": 4, "reb_time": 1}, {"time_stamp": 6, "origin": 0, "destination": 4, "reb_time": 1}, {"time_stamp": 7, "origin": 0, "destination": 4, "reb_time": 1}, {"time_stamp": 8, "origin": 0, "destination": 4, "reb_time": 1}, {"time_stamp": 9, "origin": 0, "destination": 4, "reb_time": 1}, {"time_stamp": 10, "origin": 0, "destination": 4, "reb_time": 1}, {"time_stamp": 11, "origin": 0, "destination": 4, "reb_time": 1}, {"time_stamp": 12, "origin": 0, "destination": 4, "reb_time": 1}, {"time_stamp": 13, "origin": 0, "destination": 4, "reb_time": 1}, {"time_stamp": 14, "origin": 0, "destination": 4, "reb_time": 1}, {"time_stamp": 15, "origin": 0, "destination": 4, "reb_time": 1}, {"time_stamp": 16, "origin": 0, "destination": 4, "reb_time": 1}, {"time_stamp": 17, "origin": 0, "destination": 4, "reb_time": 1}, {"time_stamp": 18, "origin": 0, "destination": 4, "reb_time": 1}, {"time_stamp": 19, "origin": 0, "destination": 4, "reb_time": 1}, {"time_stamp": 20, "origin": 0, "destination": 4, "reb_time": 1}, {"time_stamp": 21, "origin": 0, "destination": 4, "reb_time": 1}, {"time_stamp": 22, "origin": 0, "destination": 4, "reb_time": 1}, {"time_stamp": 23, "origin": 0, "destination": 4, "reb_time": 1}, {"time_stamp": 0, "origin": 1, "destination": 0, "reb_time": 1}, {"time_stamp": 1, "origin": 1, "destination": 0, "reb_time": 1}, {"time_stamp": 2, "origin": 1, "destination": 0, "reb_time": 1}, {"time_stamp": 3, "origin": 1, "destination": 0, "reb_time": 1}, {"time_stamp": 4, "origin": 1, "destination": 0, "reb_time": 1}, {"time_stamp": 5, "origin": 1, "destination": 0, "reb_time": 1}, {"time_stamp": 6, "origin": 1, "destination": 0, "reb_time": 1}, {"time_stamp": 7, "origin": 1, "destination": 0, "reb_time": 1}, {"time_stamp": 8, "origin": 1, "destination": 0, "reb_time": 1}, {"time_stamp": 9, "origin": 1, "destination": 0, "reb_time": 1}, {"time_stamp": 10, "origin": 1, "destination": 0, "reb_time": 1}, {"time_stamp": 11, "origin": 1, "destination": 0, "reb_time": 1}, {"time_stamp": 12, "origin": 1, "destination": 0, "reb_time": 1}, {"time_stamp": 13, "origin": 1, "destination": 0, "reb_time": 1}, {"time_stamp": 14, "origin": 1, "destination": 0, "reb_time": 1}, {"time_stamp": 15, "origin": 1, "destination": 0, "reb_time": 1}, {"time_stamp": 16, "origin": 1, "destination": 0, "reb_time": 1}, {"time_stamp": 17, "origin": 1, "destination": 0, "reb_time": 1}, {"time_stamp": 18, "origin": 1, "destination": 0, "reb_time": 1}, {"time_stamp": 19, "origin": 1, "destination": 0, "reb_time": 1}, {"time_stamp": 20, "origin": 1, "destination": 0, "reb_time": 1}, {"time_stamp": 21, "origin": 1, "destination": 0, "reb_time": 1}, {"time_stamp": 22, "origin": 1, "destination": 0, "reb_time": 1}, {"time_stamp": 23, "origin": 1, "destination": 0, "reb_time": 1}, {"time_stamp": 0, "origin": 1, "destination": 1, "reb_time": 1}, {"time_stamp": 1, "origin": 1, "destination": 1, "reb_time": 1}, {"time_stamp": 2, "origin": 1, "destination": 1, "reb_time": 1}, {"time_stamp": 3, "origin": 1, "destination": 1, "reb_time": 1}, {"time_stamp": 4, "origin": 1, "destination": 1, "reb_time": 1}, {"time_stamp": 5, "origin": 1, "destination": 1, "reb_time": 1}, {"time_stamp": 6, "origin": 1, "destination": 1, "reb_time": 1}, {"time_stamp": 7, "origin": 1, "destination": 1, "reb_time": 1}, {"time_stamp": 8, "origin": 1, "destination": 1, "reb_time": 1}, {"time_stamp": 9, "origin": 1, "destination": 1, "reb_time": 1}, {"time_stamp": 10, "origin": 1, "destination": 1, "reb_time": 1}, {"time_stamp": 11, "origin": 1, "destination": 1, "reb_time": 1}, {"time_stamp": 12, "origin": 1, "destination": 1, "reb_time": 1}, {"time_stamp": 13, "origin": 1, "destination": 1, "reb_time": 1}, {"time_stamp": 14, "origin": 1, "destination": 1, "reb_time": 1}, {"time_stamp": 15, "origin": 1, "destination": 1, "reb_time": 1}, {"time_stamp": 16, "origin": 1, "destination": 1, "reb_time": 1}, {"time_stamp": 17, "origin": 1, "destination": 1, "reb_time": 1}, {"time_stamp": 18, "origin": 1, "destination": 1, "reb_time": 1}, {"time_stamp": 19, "origin": 1, "destination": 1, "reb_time": 1}, {"time_stamp": 20, "origin": 1, "destination": 1, "reb_time": 1}, {"time_stamp": 21, "origin": 1, "destination": 1, "reb_time": 1}, {"time_stamp": 22, "origin": 1, "destination": 1, "reb_time": 1}, {"time_stamp": 23, "origin": 1, "destination": 1, "reb_time": 1}, {"time_stamp": 0, "origin": 1, "destination": 2, "reb_time": 1}, {"time_stamp": 1, "origin": 1, "destination": 2, "reb_time": 1}, {"time_stamp": 2, "origin": 1, "destination": 2, "reb_time": 1}, {"time_stamp": 3, "origin": 1, "destination": 2, "reb_time": 1}, {"time_stamp": 4, "origin": 1, "destination": 2, "reb_time": 1}, {"time_stamp": 5, "origin": 1, "destination": 2, "reb_time": 1}, {"time_stamp": 6, "origin": 1, "destination": 2, "reb_time": 1}, {"time_stamp": 7, "origin": 1, "destination": 2, "reb_time": 1}, {"time_stamp": 8, "origin": 1, "destination": 2, "reb_time": 1}, {"time_stamp": 9, "origin": 1, "destination": 2, "reb_time": 1}, {"time_stamp": 10, "origin": 1, "destination": 2, "reb_time": 1}, {"time_stamp": 11, "origin": 1, "destination": 2, "reb_time": 1}, {"time_stamp": 12, "origin": 1, "destination": 2, "reb_time": 1}, {"time_stamp": 13, "origin": 1, "destination": 2, "reb_time": 1}, {"time_stamp": 14, "origin": 1, "destination": 2, "reb_time": 1}, {"time_stamp": 15, "origin": 1, "destination": 2, "reb_time": 1}, {"time_stamp": 16, "origin": 1, "destination": 2, "reb_time": 1}, {"time_stamp": 17, "origin": 1, "destination": 2, "reb_time": 1}, {"time_stamp": 18, "origin": 1, "destination": 2, "reb_time": 1}, {"time_stamp": 19, "origin": 1, "destination": 2, "reb_time": 1}, {"time_stamp": 20, "origin": 1, "destination": 2, "reb_time": 1}, {"time_stamp": 21, "origin": 1, "destination": 2, "reb_time": 1}, {"time_stamp": 22, "origin": 1, "destination": 2, "reb_time": 1}, {"time_stamp": 23, "origin": 1, "destination": 2, "reb_time": 1}, {"time_stamp": 0, "origin": 1, "destination": 3, "reb_time": 1}, {"time_stamp": 1, "origin": 1, "destination": 3, "reb_time": 1}, {"time_stamp": 2, "origin": 1, "destination": 3, "reb_time": 1}, {"time_stamp": 3, "origin": 1, "destination": 3, "reb_time": 1}, {"time_stamp": 4, "origin": 1, "destination": 3, "reb_time": 1}, {"time_stamp": 5, "origin": 1, "destination": 3, "reb_time": 1}, {"time_stamp": 6, "origin": 1, "destination": 3, "reb_time": 1}, {"time_stamp": 7, "origin": 1, "destination": 3, "reb_time": 1}, {"time_stamp": 8, "origin": 1, "destination": 3, "reb_time": 1}, {"time_stamp": 9, "origin": 1, "destination": 3, "reb_time": 1}, {"time_stamp": 10, "origin": 1, "destination": 3, "reb_time": 1}, {"time_stamp": 11, "origin": 1, "destination": 3, "reb_time": 1}, {"time_stamp": 12, "origin": 1, "destination": 3, "reb_time": 1}, {"time_stamp": 13, "origin": 1, "destination": 3, "reb_time": 1}, {"time_stamp": 14, "origin": 1, "destination": 3, "reb_time": 1}, {"time_stamp": 15, "origin": 1, "destination": 3, "reb_time": 1}, {"time_stamp": 16, "origin": 1, "destination": 3, "reb_time": 1}, {"time_stamp": 17, "origin": 1, "destination": 3, "reb_time": 1}, {"time_stamp": 18, "origin": 1, "destination": 3, "reb_time": 1}, {"time_stamp": 19, "origin": 1, "destination": 3, "reb_time": 1}, {"time_stamp": 20, "origin": 1, "destination": 3, "reb_time": 1}, {"time_stamp": 21, "origin": 1, "destination": 3, "reb_time": 1}, {"time_stamp": 22, "origin": 1, "destination": 3, "reb_time": 1}, {"time_stamp": 23, "origin": 1, "destination": 3, "reb_time": 1}, {"time_stamp": 0, "origin": 1, "destination": 4, "reb_time": 1}, {"time_stamp": 1, "origin": 1, "destination": 4, "reb_time": 1}, {"time_stamp": 2, "origin": 1, "destination": 4, "reb_time": 1}, {"time_stamp": 3, "origin": 1, "destination": 4, "reb_time": 1}, {"time_stamp": 4, "origin": 1, "destination": 4, "reb_time": 1}, {"time_stamp": 5, "origin": 1, "destination": 4, "reb_time": 1}, {"time_stamp": 6, "origin": 1, "destination": 4, "reb_time": 1}, {"time_stamp": 7, "origin": 1, "destination": 4, "reb_time": 1}, {"time_stamp": 8, "origin": 1, "destination": 4, "reb_time": 1}, {"time_stamp": 9, "origin": 1, "destination": 4, "reb_time": 1}, {"time_stamp": 10, "origin": 1, "destination": 4, "reb_time": 1}, {"time_stamp": 11, "origin": 1, "destination": 4, "reb_time": 1}, {"time_stamp": 12, "origin": 1, "destination": 4, "reb_time": 1}, {"time_stamp": 13, "origin": 1, "destination": 4, "reb_time": 1}, {"time_stamp": 14, "origin": 1, "destination": 4, "reb_time": 1}, {"time_stamp": 15, "origin": 1, "destination": 4, "reb_time": 1}, {"time_stamp": 16, "origin": 1, "destination": 4, "reb_time": 1}, {"time_stamp": 17, "origin": 1, "destination": 4, "reb_time": 1}, {"time_stamp": 18, "origin": 1, "destination": 4, "reb_time": 1}, {"time_stamp": 19, "origin": 1, "destination": 4, "reb_time": 1}, {"time_stamp": 20, "origin": 1, "destination": 4, "reb_time": 1}, {"time_stamp": 21, "origin": 1, "destination": 4, "reb_time": 1}, {"time_stamp": 22, "origin": 1, "destination": 4, "reb_time": 1}, {"time_stamp": 23, "origin": 1, "destination": 4, "reb_time": 1}, {"time_stamp": 0, "origin": 2, "destination": 0, "reb_time": 1}, {"time_stamp": 1, "origin": 2, "destination": 0, "reb_time": 1}, {"time_stamp": 2, "origin": 2, "destination": 0, "reb_time": 1}, {"time_stamp": 3, "origin": 2, "destination": 0, "reb_time": 1}, {"time_stamp": 4, "origin": 2, "destination": 0, "reb_time": 1}, {"time_stamp": 5, "origin": 2, "destination": 0, "reb_time": 1}, {"time_stamp": 6, "origin": 2, "destination": 0, "reb_time": 1}, {"time_stamp": 7, "origin": 2, "destination": 0, "reb_time": 1}, {"time_stamp": 8, "origin": 2, "destination": 0, "reb_time": 1}, {"time_stamp": 9, "origin": 2, "destination": 0, "reb_time": 1}, {"time_stamp": 10, "origin": 2, "destination": 0, "reb_time": 1}, {"time_stamp": 11, "origin": 2, "destination": 0, "reb_time": 1}, {"time_stamp": 12, "origin": 2, "destination": 0, "reb_time": 1}, {"time_stamp": 13, "origin": 2, "destination": 0, "reb_time": 1}, {"time_stamp": 14, "origin": 2, "destination": 0, "reb_time": 1}, {"time_stamp": 15, "origin": 2, "destination": 0, "reb_time": 1}, {"time_stamp": 16, "origin": 2, "destination": 0, "reb_time": 1}, {"time_stamp": 17, "origin": 2, "destination": 0, "reb_time": 1}, {"time_stamp": 18, "origin": 2, "destination": 0, "reb_time": 1}, {"time_stamp": 19, "origin": 2, "destination": 0, "reb_time": 1}, {"time_stamp": 20, "origin": 2, "destination": 0, "reb_time": 1}, {"time_stamp": 21, "origin": 2, "destination": 0, "reb_time": 1}, {"time_stamp": 22, "origin": 2, "destination": 0, "reb_time": 1}, {"time_stamp": 23, "origin": 2, "destination": 0, "reb_time": 1}, {"time_stamp": 0, "origin": 2, "destination": 1, "reb_time": 2}, {"time_stamp": 1, "origin": 2, "destination": 1, "reb_time": 2}, {"time_stamp": 2, "origin": 2, "destination": 1, "reb_time": 2}, {"time_stamp": 3, "origin": 2, "destination": 1, "reb_time": 2}, {"time_stamp": 4, "origin": 2, "destination": 1, "reb_time": 2}, {"time_stamp": 5, "origin": 2, "destination": 1, "reb_time": 2}, {"time_stamp": 6, "origin": 2, "destination": 1, "reb_time": 2}, {"time_stamp": 7, "origin": 2, "destination": 1, "reb_time": 2}, {"time_stamp": 8, "origin": 2, "destination": 1, "reb_time": 2}, {"time_stamp": 9, "origin": 2, "destination": 1, "reb_time": 2}, {"time_stamp": 10, "origin": 2, "destination": 1, "reb_time": 2}, {"time_stamp": 11, "origin": 2, "destination": 1, "reb_time": 2}, {"time_stamp": 12, "origin": 2, "destination": 1, "reb_time": 2}, {"time_stamp": 13, "origin": 2, "destination": 1, "reb_time": 2}, {"time_stamp": 14, "origin": 2, "destination": 1, "reb_time": 2}, {"time_stamp": 15, "origin": 2, "destination": 1, "reb_time": 2}, {"time_stamp": 16, "origin": 2, "destination": 1, "reb_time": 2}, {"time_stamp": 17, "origin": 2, "destination": 1, "reb_time": 2}, {"time_stamp": 18, "origin": 2, "destination": 1, "reb_time": 2}, {"time_stamp": 19, "origin": 2, "destination": 1, "reb_time": 2}, {"time_stamp": 20, "origin": 2, "destination": 1, "reb_time": 2}, {"time_stamp": 21, "origin": 2, "destination": 1, "reb_time": 2}, {"time_stamp": 22, "origin": 2, "destination": 1, "reb_time": 2}, {"time_stamp": 23, "origin": 2, "destination": 1, "reb_time": 2}, {"time_stamp": 0, "origin": 2, "destination": 2, "reb_time": 1}, {"time_stamp": 1, "origin": 2, "destination": 2, "reb_time": 1}, {"time_stamp": 2, "origin": 2, "destination": 2, "reb_time": 1}, {"time_stamp": 3, "origin": 2, "destination": 2, "reb_time": 1}, {"time_stamp": 4, "origin": 2, "destination": 2, "reb_time": 1}, {"time_stamp": 5, "origin": 2, "destination": 2, "reb_time": 1}, {"time_stamp": 6, "origin": 2, "destination": 2, "reb_time": 1}, {"time_stamp": 7, "origin": 2, "destination": 2, "reb_time": 1}, {"time_stamp": 8, "origin": 2, "destination": 2, "reb_time": 1}, {"time_stamp": 9, "origin": 2, "destination": 2, "reb_time": 1}, {"time_stamp": 10, "origin": 2, "destination": 2, "reb_time": 1}, {"time_stamp": 11, "origin": 2, "destination": 2, "reb_time": 1}, {"time_stamp": 12, "origin": 2, "destination": 2, "reb_time": 1}, {"time_stamp": 13, "origin": 2, "destination": 2, "reb_time": 1}, {"time_stamp": 14, "origin": 2, "destination": 2, "reb_time": 1}, {"time_stamp": 15, "origin": 2, "destination": 2, "reb_time": 1}, {"time_stamp": 16, "origin": 2, "destination": 2, "reb_time": 1}, {"time_stamp": 17, "origin": 2, "destination": 2, "reb_time": 1}, {"time_stamp": 18, "origin": 2, "destination": 2, "reb_time": 1}, {"time_stamp": 19, "origin": 2, "destination": 2, "reb_time": 1}, {"time_stamp": 20, "origin": 2, "destination": 2, "reb_time": 1}, {"time_stamp": 21, "origin": 2, "destination": 2, "reb_time": 1}, {"time_stamp": 22, "origin": 2, "destination": 2, "reb_time": 1}, {"time_stamp": 23, "origin": 2, "destination": 2, "reb_time": 1}, {"time_stamp": 0, "origin": 2, "destination": 3, "reb_time": 1}, {"time_stamp": 1, "origin": 2, "destination": 3, "reb_time": 1}, {"time_stamp": 2, "origin": 2, "destination": 3, "reb_time": 1}, {"time_stamp": 3, "origin": 2, "destination": 3, "reb_time": 1}, {"time_stamp": 4, "origin": 2, "destination": 3, "reb_time": 1}, {"time_stamp": 5, "origin": 2, "destination": 3, "reb_time": 1}, {"time_stamp": 6, "origin": 2, "destination": 3, "reb_time": 1}, {"time_stamp": 7, "origin": 2, "destination": 3, "reb_time": 1}, {"time_stamp": 8, "origin": 2, "destination": 3, "reb_time": 1}, {"time_stamp": 9, "origin": 2, "destination": 3, "reb_time": 1}, {"time_stamp": 10, "origin": 2, "destination": 3, "reb_time": 1}, {"time_stamp": 11, "origin": 2, "destination": 3, "reb_time": 1}, {"time_stamp": 12, "origin": 2, "destination": 3, "reb_time": 1}, {"time_stamp": 13, "origin": 2, "destination": 3, "reb_time": 1}, {"time_stamp": 14, "origin": 2, "destination": 3, "reb_time": 1}, {"time_stamp": 15, "origin": 2, "destination": 3, "reb_time": 1}, {"time_stamp": 16, "origin": 2, "destination": 3, "reb_time": 1}, {"time_stamp": 17, "origin": 2, "destination": 3, "reb_time": 1}, {"time_stamp": 18, "origin": 2, "destination": 3, "reb_time": 1}, {"time_stamp": 19, "origin": 2, "destination": 3, "reb_time": 1}, {"time_stamp": 20, "origin": 2, "destination": 3, "reb_time": 1}, {"time_stamp": 21, "origin": 2, "destination": 3, "reb_time": 1}, {"time_stamp": 22, "origin": 2, "destination": 3, "reb_time": 1}, {"time_stamp": 23, "origin": 2, "destination": 3, "reb_time": 1}, {"time_stamp": 0, "origin": 2, "destination": 4, "reb_time": 2}, {"time_stamp": 1, "origin": 2, "destination": 4, "reb_time": 2}, {"time_stamp": 2, "origin": 2, "destination": 4, "reb_time": 2}, {"time_stamp": 3, "origin": 2, "destination": 4, "reb_time": 2}, {"time_stamp": 4, "origin": 2, "destination": 4, "reb_time": 2}, {"time_stamp": 5, "origin": 2, "destination": 4, "reb_time": 2}, {"time_stamp": 6, "origin": 2, "destination": 4, "reb_time": 2}, {"time_stamp": 7, "origin": 2, "destination": 4, "reb_time": 2}, {"time_stamp": 8, "origin": 2, "destination": 4, "reb_time": 2}, {"time_stamp": 9, "origin": 2, "destination": 4, "reb_time": 2}, {"time_stamp": 10, "origin": 2, "destination": 4, "reb_time": 2}, {"time_stamp": 11, "origin": 2, "destination": 4, "reb_time": 2}, {"time_stamp": 12, "origin": 2, "destination": 4, "reb_time": 2}, {"time_stamp": 13, "origin": 2, "destination": 4, "reb_time": 2}, {"time_stamp": 14, "origin": 2, "destination": 4, "reb_time": 2}, {"time_stamp": 15, "origin": 2, "destination": 4, "reb_time": 2}, {"time_stamp": 16, "origin": 2, "destination": 4, "reb_time": 2}, {"time_stamp": 17, "origin": 2, "destination": 4, "reb_time": 2}, {"time_stamp": 18, "origin": 2, "destination": 4, "reb_time": 2}, {"time_stamp": 19, "origin": 2, "destination": 4, "reb_time": 2}, {"time_stamp": 20, "origin": 2, "destination": 4, "reb_time": 2}, {"time_stamp": 21, "origin": 2, "destination": 4, "reb_time": 2}, {"time_stamp": 22, "origin": 2, "destination": 4, "reb_time": 2}, {"time_stamp": 23, "origin": 2, "destination": 4, "reb_time": 2}, {"time_stamp": 0, "origin": 3, "destination": 0, "reb_time": 1}, {"time_stamp": 1, "origin": 3, "destination": 0, "reb_time": 1}, {"time_stamp": 2, "origin": 3, "destination": 0, "reb_time": 1}, {"time_stamp": 3, "origin": 3, "destination": 0, "reb_time": 1}, {"time_stamp": 4, "origin": 3, "destination": 0, "reb_time": 1}, {"time_stamp": 5, "origin": 3, "destination": 0, "reb_time": 1}, {"time_stamp": 6, "origin": 3, "destination": 0, "reb_time": 1}, {"time_stamp": 7, "origin": 3, "destination": 0, "reb_time": 1}, {"time_stamp": 8, "origin": 3, "destination": 0, "reb_time": 1}, {"time_stamp": 9, "origin": 3, "destination": 0, "reb_time": 1}, {"time_stamp": 10, "origin": 3, "destination": 0, "reb_time": 1}, {"time_stamp": 11, "origin": 3, "destination": 0, "reb_time": 1}, {"time_stamp": 12, "origin": 3, "destination": 0, "reb_time": 1}, {"time_stamp": 13, "origin": 3, "destination": 0, "reb_time": 1}, {"time_stamp": 14, "origin": 3, "destination": 0, "reb_time": 1}, {"time_stamp": 15, "origin": 3, "destination": 0, "reb_time": 1}, {"time_stamp": 16, "origin": 3, "destination": 0, "reb_time": 1}, {"time_stamp": 17, "origin": 3, "destination": 0, "reb_time": 1}, {"time_stamp": 18, "origin": 3, "destination": 0, "reb_time": 1}, {"time_stamp": 19, "origin": 3, "destination": 0, "reb_time": 1}, {"time_stamp": 20, "origin": 3, "destination": 0, "reb_time": 1}, {"time_stamp": 21, "origin": 3, "destination": 0, "reb_time": 1}, {"time_stamp": 22, "origin": 3, "destination": 0, "reb_time": 1}, {"time_stamp": 23, "origin": 3, "destination": 0, "reb_time": 1}, {"time_stamp": 0, "origin": 3, "destination": 1, "reb_time": 1}, {"time_stamp": 1, "origin": 3, "destination": 1, "reb_time": 1}, {"time_stamp": 2, "origin": 3, "destination": 1, "reb_time": 1}, {"time_stamp": 3, "origin": 3, "destination": 1, "reb_time": 1}, {"time_stamp": 4, "origin": 3, "destination": 1, "reb_time": 1}, {"time_stamp": 5, "origin": 3, "destination": 1, "reb_time": 1}, {"time_stamp": 6, "origin": 3, "destination": 1, "reb_time": 1}, {"time_stamp": 7, "origin": 3, "destination": 1, "reb_time": 1}, {"time_stamp": 8, "origin": 3, "destination": 1, "reb_time": 1}, {"time_stamp": 9, "origin": 3, "destination": 1, "reb_time": 1}, {"time_stamp": 10, "origin": 3, "destination": 1, "reb_time": 1}, {"time_stamp": 11, "origin": 3, "destination": 1, "reb_time": 1}, {"time_stamp": 12, "origin": 3, "destination": 1, "reb_time": 1}, {"time_stamp": 13, "origin": 3, "destination": 1, "reb_time": 1}, {"time_stamp": 14, "origin": 3, "destination": 1, "reb_time": 1}, {"time_stamp": 15, "origin": 3, "destination": 1, "reb_time": 1}, {"time_stamp": 16, "origin": 3, "destination": 1, "reb_time": 1}, {"time_stamp": 17, "origin": 3, "destination": 1, "reb_time": 1}, {"time_stamp": 18, "origin": 3, "destination": 1, "reb_time": 1}, {"time_stamp": 19, "origin": 3, "destination": 1, "reb_time": 1}, {"time_stamp": 20, "origin": 3, "destination": 1, "reb_time": 1}, {"time_stamp": 21, "origin": 3, "destination": 1, "reb_time": 1}, {"time_stamp": 22, "origin": 3, "destination": 1, "reb_time": 1}, {"time_stamp": 23, "origin": 3, "destination": 1, "reb_time": 1}, {"time_stamp": 0, "origin": 3, "destination": 2, "reb_time": 1}, {"time_stamp": 1, "origin": 3, "destination": 2, "reb_time": 1}, {"time_stamp": 2, "origin": 3, "destination": 2, "reb_time": 1}, {"time_stamp": 3, "origin": 3, "destination": 2, "reb_time": 1}, {"time_stamp": 4, "origin": 3, "destination": 2, "reb_time": 1}, {"time_stamp": 5, "origin": 3, "destination": 2, "reb_time": 1}, {"time_stamp": 6, "origin": 3, "destination": 2, "reb_time": 1}, {"time_stamp": 7, "origin": 3, "destination": 2, "reb_time": 1}, {"time_stamp": 8, "origin": 3, "destination": 2, "reb_time": 1}, {"time_stamp": 9, "origin": 3, "destination": 2, "reb_time": 1}, {"time_stamp": 10, "origin": 3, "destination": 2, "reb_time": 1}, {"time_stamp": 11, "origin": 3, "destination": 2, "reb_time": 1}, {"time_stamp": 12, "origin": 3, "destination": 2, "reb_time": 1}, {"time_stamp": 13, "origin": 3, "destination": 2, "reb_time": 1}, {"time_stamp": 14, "origin": 3, "destination": 2, "reb_time": 1}, {"time_stamp": 15, "origin": 3, "destination": 2, "reb_time": 1}, {"time_stamp": 16, "origin": 3, "destination": 2, "reb_time": 1}, {"time_stamp": 17, "origin": 3, "destination": 2, "reb_time": 1}, {"time_stamp": 18, "origin": 3, "destination": 2, "reb_time": 1}, {"time_stamp": 19, "origin": 3, "destination": 2, "reb_time": 1}, {"time_stamp": 20, "origin": 3, "destination": 2, "reb_time": 1}, {"time_stamp": 21, "origin": 3, "destination": 2, "reb_time": 1}, {"time_stamp": 22, "origin": 3, "destination": 2, "reb_time": 1}, {"time_stamp": 23, "origin": 3, "destination": 2, "reb_time": 1}, {"time_stamp": 0, "origin": 3, "destination": 3, "reb_time": 1}, {"time_stamp": 1, "origin": 3, "destination": 3, "reb_time": 1}, {"time_stamp": 2, "origin": 3, "destination": 3, "reb_time": 1}, {"time_stamp": 3, "origin": 3, "destination": 3, "reb_time": 1}, {"time_stamp": 4, "origin": 3, "destination": 3, "reb_time": 1}, {"time_stamp": 5, "origin": 3, "destination": 3, "reb_time": 1}, {"time_stamp": 6, "origin": 3, "destination": 3, "reb_time": 1}, {"time_stamp": 7, "origin": 3, "destination": 3, "reb_time": 1}, {"time_stamp": 8, "origin": 3, "destination": 3, "reb_time": 1}, {"time_stamp": 9, "origin": 3, "destination": 3, "reb_time": 1}, {"time_stamp": 10, "origin": 3, "destination": 3, "reb_time": 1}, {"time_stamp": 11, "origin": 3, "destination": 3, "reb_time": 1}, {"time_stamp": 12, "origin": 3, "destination": 3, "reb_time": 1}, {"time_stamp": 13, "origin": 3, "destination": 3, "reb_time": 1}, {"time_stamp": 14, "origin": 3, "destination": 3, "reb_time": 1}, {"time_stamp": 15, "origin": 3, "destination": 3, "reb_time": 1}, {"time_stamp": 16, "origin": 3, "destination": 3, "reb_time": 1}, {"time_stamp": 17, "origin": 3, "destination": 3, "reb_time": 1}, {"time_stamp": 18, "origin": 3, "destination": 3, "reb_time": 1}, {"time_stamp": 19, "origin": 3, "destination": 3, "reb_time": 1}, {"time_stamp": 20, "origin": 3, "destination": 3, "reb_time": 1}, {"time_stamp": 21, "origin": 3, "destination": 3, "reb_time": 1}, {"time_stamp": 22, "origin": 3, "destination": 3, "reb_time": 1}, {"time_stamp": 23, "origin": 3, "destination": 3, "reb_time": 1}, {"time_stamp": 0, "origin": 3, "destination": 4, "reb_time": 2}, {"time_stamp": 1, "origin": 3, "destination": 4, "reb_time": 2}, {"time_stamp": 2, "origin": 3, "destination": 4, "reb_time": 2}, {"time_stamp": 3, "origin": 3, "destination": 4, "reb_time": 2}, {"time_stamp": 4, "origin": 3, "destination": 4, "reb_time": 2}, {"time_stamp": 5, "origin": 3, "destination": 4, "reb_time": 2}, {"time_stamp": 6, "origin": 3, "destination": 4, "reb_time": 2}, {"time_stamp": 7, "origin": 3, "destination": 4, "reb_time": 2}, {"time_stamp": 8, "origin": 3, "destination": 4, "reb_time": 2}, {"time_stamp": 9, "origin": 3, "destination": 4, "reb_time": 2}, {"time_stamp": 10, "origin": 3, "destination": 4, "reb_time": 2}, {"time_stamp": 11, "origin": 3, "destination": 4, "reb_time": 2}, {"time_stamp": 12, "origin": 3, "destination": 4, "reb_time": 2}, {"time_stamp": 13, "origin": 3, "destination": 4, "reb_time": 2}, {"time_stamp": 14, "origin": 3, "destination": 4, "reb_time": 2}, {"time_stamp": 15, "origin": 3, "destination": 4, "reb_time": 2}, {"time_stamp": 16, "origin": 3, "destination": 4, "reb_time": 2}, {"time_stamp": 17, "origin": 3, "destination": 4, "reb_time": 2}, {"time_stamp": 18, "origin": 3, "destination": 4, "reb_time": 2}, {"time_stamp": 19, "origin": 3, "destination": 4, "reb_time": 2}, {"time_stamp": 20, "origin": 3, "destination": 4, "reb_time": 2}, {"time_stamp": 21, "origin": 3, "destination": 4, "reb_time": 2}, {"time_stamp": 22, "origin": 3, "destination": 4, "reb_time": 2}, {"time_stamp": 23, "origin": 3, "destination": 4, "reb_time": 2}, {"time_stamp": 0, "origin": 4, "destination": 0, "reb_time": 2}, {"time_stamp": 1, "origin": 4, "destination": 0, "reb_time": 2}, {"time_stamp": 2, "origin": 4, "destination": 0, "reb_time": 2}, {"time_stamp": 3, "origin": 4, "destination": 0, "reb_time": 2}, {"time_stamp": 4, "origin": 4, "destination": 0, "reb_time": 2}, {"time_stamp": 5, "origin": 4, "destination": 0, "reb_time": 2}, {"time_stamp": 6, "origin": 4, "destination": 0, "reb_time": 2}, {"time_stamp": 7, "origin": 4, "destination": 0, "reb_time": 2}, {"time_stamp": 8, "origin": 4, "destination": 0, "reb_time": 2}, {"time_stamp": 9, "origin": 4, "destination": 0, "reb_time": 2}, {"time_stamp": 10, "origin": 4, "destination": 0, "reb_time": 2}, {"time_stamp": 11, "origin": 4, "destination": 0, "reb_time": 2}, {"time_stamp": 12, "origin": 4, "destination": 0, "reb_time": 2}, {"time_stamp": 13, "origin": 4, "destination": 0, "reb_time": 2}, {"time_stamp": 14, "origin": 4, "destination": 0, "reb_time": 2}, {"time_stamp": 15, "origin": 4, "destination": 0, "reb_time": 2}, {"time_stamp": 16, "origin": 4, "destination": 0, "reb_time": 2}, {"time_stamp": 17, "origin": 4, "destination": 0, "reb_time": 2}, {"time_stamp": 18, "origin": 4, "destination": 0, "reb_time": 2}, {"time_stamp": 19, "origin": 4, "destination": 0, "reb_time": 2}, {"time_stamp": 20, "origin": 4, "destination": 0, "reb_time": 2}, {"time_stamp": 21, "origin": 4, "destination": 0, "reb_time": 2}, {"time_stamp": 22, "origin": 4, "destination": 0, "reb_time": 2}, {"time_stamp": 23, "origin": 4, "destination": 0, "reb_time": 2}, {"time_stamp": 0, "origin": 4, "destination": 1, "reb_time": 1}, {"time_stamp": 1, "origin": 4, "destination": 1, "reb_time": 1}, {"time_stamp": 2, "origin": 4, "destination": 1, "reb_time": 1}, {"time_stamp": 3, "origin": 4, "destination": 1, "reb_time": 1}, {"time_stamp": 4, "origin": 4, "destination": 1, "reb_time": 1}, {"time_stamp": 5, "origin": 4, "destination": 1, "reb_time": 1}, {"time_stamp": 6, "origin": 4, "destination": 1, "reb_time": 1}, {"time_stamp": 7, "origin": 4, "destination": 1, "reb_time": 1}, {"time_stamp": 8, "origin": 4, "destination": 1, "reb_time": 1}, {"time_stamp": 9, "origin": 4, "destination": 1, "reb_time": 1}, {"time_stamp": 10, "origin": 4, "destination": 1, "reb_time": 1}, {"time_stamp": 11, "origin": 4, "destination": 1, "reb_time": 1}, {"time_stamp": 12, "origin": 4, "destination": 1, "reb_time": 1}, {"time_stamp": 13, "origin": 4, "destination": 1, "reb_time": 1}, {"time_stamp": 14, "origin": 4, "destination": 1, "reb_time": 1}, {"time_stamp": 15, "origin": 4, "destination": 1, "reb_time": 1}, {"time_stamp": 16, "origin": 4, "destination": 1, "reb_time": 1}, {"time_stamp": 17, "origin": 4, "destination": 1, "reb_time": 1}, {"time_stamp": 18, "origin": 4, "destination": 1, "reb_time": 1}, {"time_stamp": 19, "origin": 4, "destination": 1, "reb_time": 1}, {"time_stamp": 20, "origin": 4, "destination": 1, "reb_time": 1}, {"time_stamp": 21, "origin": 4, "destination": 1, "reb_time": 1}, {"time_stamp": 22, "origin": 4, "destination": 1, "reb_time": 1}, {"time_stamp": 23, "origin": 4, "destination": 1, "reb_time": 1}, {"time_stamp": 0, "origin": 4, "destination": 2, "reb_time": 2}, {"time_stamp": 1, "origin": 4, "destination": 2, "reb_time": 2}, {"time_stamp": 2, "origin": 4, "destination": 2, "reb_time": 2}, {"time_stamp": 3, "origin": 4, "destination": 2, "reb_time": 2}, {"time_stamp": 4, "origin": 4, "destination": 2, "reb_time": 2}, {"time_stamp": 5, "origin": 4, "destination": 2, "reb_time": 2}, {"time_stamp": 6, "origin": 4, "destination": 2, "reb_time": 2}, {"time_stamp": 7, "origin": 4, "destination": 2, "reb_time": 2}, {"time_stamp": 8, "origin": 4, "destination": 2, "reb_time": 2}, {"time_stamp": 9, "origin": 4, "destination": 2, "reb_time": 2}, {"time_stamp": 10, "origin": 4, "destination": 2, "reb_time": 2}, {"time_stamp": 11, "origin": 4, "destination": 2, "reb_time": 2}, {"time_stamp": 12, "origin": 4, "destination": 2, "reb_time": 2}, {"time_stamp": 13, "origin": 4, "destination": 2, "reb_time": 2}, {"time_stamp": 14, "origin": 4, "destination": 2, "reb_time": 2}, {"time_stamp": 15, "origin": 4, "destination": 2, "reb_time": 2}, {"time_stamp": 16, "origin": 4, "destination": 2, "reb_time": 2}, {"time_stamp": 17, "origin": 4, "destination": 2, "reb_time": 2}, {"time_stamp": 18, "origin": 4, "destination": 2, "reb_time": 2}, {"time_stamp": 19, "origin": 4, "destination": 2, "reb_time": 2}, {"time_stamp": 20, "origin": 4, "destination": 2, "reb_time": 2}, {"time_stamp": 21, "origin": 4, "destination": 2, "reb_time": 2}, {"time_stamp": 22, "origin": 4, "destination": 2, "reb_time": 2}, {"time_stamp": 23, "origin": 4, "destination": 2, "reb_time": 2}, {"time_stamp": 0, "origin": 4, "destination": 3, "reb_time": 2}, {"time_stamp": 1, "origin": 4, "destination": 3, "reb_time": 2}, {"time_stamp": 2, "origin": 4, "destination": 3, "reb_time": 2}, {"time_stamp": 3, "origin": 4, "destination": 3, "reb_time": 2}, {"time_stamp": 4, "origin": 4, "destination": 3, "reb_time": 2}, {"time_stamp": 5, "origin": 4, "destination": 3, "reb_time": 2}, {"time_stamp": 6, "origin": 4, "destination": 3, "reb_time": 2}, {"time_stamp": 7, "origin": 4, "destination": 3, "reb_time": 2}, {"time_stamp": 8, "origin": 4, "destination": 3, "reb_time": 2}, {"time_stamp": 9, "origin": 4, "destination": 3, "reb_time": 2}, {"time_stamp": 10, "origin": 4, "destination": 3, "reb_time": 2}, {"time_stamp": 11, "origin": 4, "destination": 3, "reb_time": 2}, {"time_stamp": 12, "origin": 4, "destination": 3, "reb_time": 2}, {"time_stamp": 13, "origin": 4, "destination": 3, "reb_time": 2}, {"time_stamp": 14, "origin": 4, "destination": 3, "reb_time": 2}, {"time_stamp": 15, "origin": 4, "destination": 3, "reb_time": 2}, {"time_stamp": 16, "origin": 4, "destination": 3, "reb_time": 2}, {"time_stamp": 17, "origin": 4, "destination": 3, "reb_time": 2}, {"time_stamp": 18, "origin": 4, "destination": 3, "reb_time": 2}, {"time_stamp": 19, "origin": 4, "destination": 3, "reb_time": 2}, {"time_stamp": 20, "origin": 4, "destination": 3, "reb_time": 2}, {"time_stamp": 21, "origin": 4, "destination": 3, "reb_time": 2}, {"time_stamp": 22, "origin": 4, "destination": 3, "reb_time": 2}, {"time_stamp": 23, "origin": 4, "destination": 3, "reb_time": 2}, {"time_stamp": 0, "origin": 4, "destination": 4, "reb_time": 1}, {"time_stamp": 1, "origin": 4, "destination": 4, "reb_time": 1}, {"time_stamp": 2, "origin": 4, "destination": 4, "reb_time": 1}, {"time_stamp": 3, "origin": 4, "destination": 4, "reb_time": 1}, {"time_stamp": 4, "origin": 4, "destination": 4, "reb_time": 1}, {"time_stamp": 5, "origin": 4, "destination": 4, "reb_time": 1}, {"time_stamp": 6, "origin": 4, "destination": 4, "reb_time": 1}, {"time_stamp": 7, "origin": 4, "destination": 4, "reb_time": 1}, {"time_stamp": 8, "origin": 4, "destination": 4, "reb_time": 1}, {"time_stamp": 9, "origin": 4, "destination": 4, "reb_time": 1}, {"time_stamp": 10, "origin": 4, "destination": 4, "reb_time": 1}, {"time_stamp": 11, "origin": 4, "destination": 4, "reb_time": 1}, {"time_stamp": 12, "origin": 4, "destination": 4, "reb_time": 1}, {"time_stamp": 13, "origin": 4, "destination": 4, "reb_time": 1}, {"time_stamp": 14, "origin": 4, "destination": 4, "reb_time": 1}, {"time_stamp": 15, "origin": 4, "destination": 4, "reb_time": 1}, {"time_stamp": 16, "origin": 4, "destination": 4, "reb_time": 1}, {"time_stamp": 17, "origin": 4, "destination": 4, "reb_time": 1}, {"time_stamp": 18, "origin": 4, "destination": 4, "reb_time": 1}, {"time_stamp": 19, "origin": 4, "destination": 4, "reb_time": 1}, {"time_stamp": 20, "origin": 4, "destination": 4, "reb_time": 1}, {"time_stamp": 21, "origin": 4, "destination": 4, "reb_time": 1}, {"time_stamp": 22, "origin": 4, "destination": 4, "reb_time": 1}, {"time_stamp": 23, "origin": 4, "destination": 4, "reb_time": 1}], "totalAcc": [{"hour": 0, "acc": 25656}, {"hour": 1, "acc": 25656}, {"hour": 2, "acc": 25656}, {"hour": 3, "acc": 25656}, {"hour": 4, "acc": 25656}, {"hour": 5, "acc": 25656}, {"hour": 6, "acc": 25656}, {"hour": 7, "acc": 25656}, {"hour": 8, "acc": 25656}, {"hour": 9, "acc": 25656}, {"hour": 10, "acc": 25656}, {"hour": 11, "acc": 25656}, {"hour": 12, "acc": 25656}, {"hour": 13, "acc": 25656}, {"hour": 14, "acc": 25656}, {"hour": 15, "acc": 25656}, {"hour": 16, "acc": 25656}, {"hour": 17, "acc": 25656}, {"hour": 18, "acc": 25656}, {"hour": 19, "acc": 25656}, {"hour": 20, "acc": 25656}, {"hour": 21, "acc": 25656}, {"hour": 22, "acc": 25656}, {"hour": 23, "acc": 25656}], "additionalVehiclesPeakDemand": 0, "peakHours": [0, 6, 7, 8, 9, 10, 11], "chargelevels": 19, "spatialNodes": 5, "chargeLevelsPerChargeStep": 12, "episodeLength": 24, "energy_prices": [0.33744, 0.33744, 0.33744, 0.33744, 0.33744, 0.33744, 0.33744, 0.33744, 0.33744, 0.33744, 0.33744, 0.33744, 0.33744, 0.33744, 0.33744, 0.33744, 0.33744, 0.33744, 0.2909, 0.2909, 0.2909, 0.2909, 0.2909, 0.2909], "chargeLocations": [true, true, true, true, true], "carsPerStationCapacity": [527.0, 336.0, 155.0, 248.0, 20.0], "timeGranularity": 0.5, "operationalCostPerTimestep": 0.3696}