{"demand": [{"time_stamp": 0, "origin": 0, "destination": 0, "demand": 7072, "price": 7.5520000000000005}, {"time_stamp": 1, "origin": 0, "destination": 0, "demand": 7072, "price": 7.5520000000000005}, {"time_stamp": 2, "origin": 0, "destination": 0, "demand": 5330, "price": 7.5520000000000005}, {"time_stamp": 3, "origin": 0, "destination": 0, "demand": 5330, "price": 7.5520000000000005}, {"time_stamp": 4, "origin": 0, "destination": 0, "demand": 4406, "price": 7.5520000000000005}, {"time_stamp": 5, "origin": 0, "destination": 0, "demand": 4406, "price": 7.5520000000000005}, {"time_stamp": 6, "origin": 0, "destination": 0, "demand": 4872, "price": 7.5520000000000005}, {"time_stamp": 7, "origin": 0, "destination": 0, "demand": 4872, "price": 7.5520000000000005}, {"time_stamp": 8, "origin": 0, "destination": 0, "demand": 5404, "price": 7.5520000000000005}, {"time_stamp": 9, "origin": 0, "destination": 0, "demand": 5404, "price": 7.5520000000000005}, {"time_stamp": 10, "origin": 0, "destination": 0, "demand": 5474, "price": 7.5520000000000005}, {"time_stamp": 11, "origin": 0, "destination": 0, "demand": 5474, "price": 7.5520000000000005}, {"time_stamp": 12, "origin": 0, "destination": 0, "demand": 6040, "price": 7.643}, {"time_stamp": 13, "origin": 0, "destination": 0, "demand": 6040, "price": 7.643}, {"time_stamp": 14, "origin": 0, "destination": 0, "demand": 7872, "price": 7.5520000000000005}, {"time_stamp": 15, "origin": 0, "destination": 0, "demand": 7872, "price": 7.5520000000000005}, {"time_stamp": 16, "origin": 0, "destination": 0, "demand": 7352, "price": 7.643}, {"time_stamp": 17, "origin": 0, "destination": 0, "demand": 7352, "price": 7.643}, {"time_stamp": 18, "origin": 0, "destination": 0, "demand": 8526, "price": 7.5520000000000005}, {"time_stamp": 19, "origin": 0, "destination": 0, "demand": 8526, "price": 7.5520000000000005}, {"time_stamp": 20, "origin": 0, "destination": 0, "demand": 7718, "price": 7.5520000000000005}, {"time_stamp": 21, "origin": 0, "destination": 0, "demand": 7718, "price": 7.5520000000000005}, {"time_stamp": 22, "origin": 0, "destination": 0, "demand": 5494, "price": 7.5520000000000005}, {"time_stamp": 23, "origin": 0, "destination": 0, "demand": 5494, "price": 7.5520000000000005}, {"time_stamp": 0, "origin": 0, "destination": 1, "demand": 1618, "price": 10.100000000000001}, {"time_stamp": 1, "origin": 0, "destination": 1, "demand": 1618, "price": 10.100000000000001}, {"time_stamp": 2, "origin": 0, "destination": 1, "demand": 1232, "price": 10.100000000000001}, {"time_stamp": 3, "origin": 0, "destination": 1, "demand": 1232, "price": 10.100000000000001}, {"time_stamp": 4, "origin": 0, "destination": 1, "demand": 1156, "price": 10.100000000000001}, {"time_stamp": 5, "origin": 0, "destination": 1, "demand": 1156, "price": 10.100000000000001}, {"time_stamp": 6, "origin": 0, "destination": 1, "demand": 1172, "price": 10.191}, {"time_stamp": 7, "origin": 0, "destination": 1, "demand": 1172, "price": 10.191}, {"time_stamp": 8, "origin": 0, "destination": 1, "demand": 1262, "price": 10.191}, {"time_stamp": 9, "origin": 0, "destination": 1, "demand": 1262, "price": 10.191}, {"time_stamp": 10, "origin": 0, "destination": 1, "demand": 1322, "price": 10.191}, {"time_stamp": 11, "origin": 0, "destination": 1, "demand": 1322, "price": 10.191}, {"time_stamp": 12, "origin": 0, "destination": 1, "demand": 1602, "price": 10.191}, {"time_stamp": 13, "origin": 0, "destination": 1, "demand": 1602, "price": 10.191}, {"time_stamp": 14, "origin": 0, "destination": 1, "demand": 1978, "price": 10.191}, {"time_stamp": 15, "origin": 0, "destination": 1, "demand": 1978, "price": 10.191}, {"time_stamp": 16, "origin": 0, "destination": 1, "demand": 1690, "price": 10.191}, {"time_stamp": 17, "origin": 0, "destination": 1, "demand": 1690, "price": 10.191}, {"time_stamp": 18, "origin": 0, "destination": 1, "demand": 1918, "price": 10.100000000000001}, {"time_stamp": 19, "origin": 0, "destination": 1, "demand": 1918, "price": 10.100000000000001}, {"time_stamp": 20, "origin": 0, "destination": 1, "demand": 1670, "price": 10.100000000000001}, {"time_stamp": 21, "origin": 0, "destination": 1, "demand": 1670, "price": 10.100000000000001}, {"time_stamp": 22, "origin": 0, "destination": 1, "demand": 1266, "price": 10.100000000000001}, {"time_stamp": 23, "origin": 0, "destination": 1, "demand": 1266, "price": 10.100000000000001}, {"time_stamp": 0, "origin": 0, "destination": 2, "demand": 2390, "price": 12.466000000000001}, {"time_stamp": 1, "origin": 0, "destination": 2, "demand": 2390, "price": 12.466000000000001}, {"time_stamp": 2, "origin": 0, "destination": 2, "demand": 1636, "price": 12.556999999999999}, {"time_stamp": 3, "origin": 0, "destination": 2, "demand": 1636, "price": 12.556999999999999}, {"time_stamp": 4, "origin": 0, "destination": 2, "demand": 1320, "price": 12.648}, {"time_stamp": 5, "origin": 0, "destination": 2, "demand": 1320, "price": 12.648}, {"time_stamp": 6, "origin": 0, "destination": 2, "demand": 1052, "price": 12.648}, {"time_stamp": 7, "origin": 0, "destination": 2, "demand": 1052, "price": 12.648}, {"time_stamp": 8, "origin": 0, "destination": 2, "demand": 1042, "price": 12.556999999999999}, {"time_stamp": 9, "origin": 0, "destination": 2, "demand": 1042, "price": 12.556999999999999}, {"time_stamp": 10, "origin": 0, "destination": 2, "demand": 1072, "price": 12.843}, {"time_stamp": 11, "origin": 0, "destination": 2, "demand": 1072, "price": 12.843}, {"time_stamp": 12, "origin": 0, "destination": 2, "demand": 1248, "price": 12.843}, {"time_stamp": 13, "origin": 0, "destination": 2, "demand": 1248, "price": 12.843}, {"time_stamp": 14, "origin": 0, "destination": 2, "demand": 1344, "price": 12.934000000000001}, {"time_stamp": 15, "origin": 0, "destination": 2, "demand": 1344, "price": 12.934000000000001}, {"time_stamp": 16, "origin": 0, "destination": 2, "demand": 1160, "price": 12.934000000000001}, {"time_stamp": 17, "origin": 0, "destination": 2, "demand": 1160, "price": 12.934000000000001}, {"time_stamp": 18, "origin": 0, "destination": 2, "demand": 1118, "price": 12.648}, {"time_stamp": 19, "origin": 0, "destination": 2, "demand": 1118, "price": 12.648}, {"time_stamp": 20, "origin": 0, "destination": 2, "demand": 1014, "price": 12.739}, {"time_stamp": 21, "origin": 0, "destination": 2, "demand": 1014, "price": 12.739}, {"time_stamp": 22, "origin": 0, "destination": 2, "demand": 708, "price": 12.739}, {"time_stamp": 23, "origin": 0, "destination": 2, "demand": 708, "price": 12.739}, {"time_stamp": 0, "origin": 0, "destination": 3, "demand": 1184, "price": 9.281}, {"time_stamp": 1, "origin": 0, "destination": 3, "demand": 1184, "price": 9.281}, {"time_stamp": 2, "origin": 0, "destination": 3, "demand": 884, "price": 9.372}, {"time_stamp": 3, "origin": 0, "destination": 3, "demand": 884, "price": 9.372}, {"time_stamp": 4, "origin": 0, "destination": 3, "demand": 772, "price": 9.372}, {"time_stamp": 5, "origin": 0, "destination": 3, "demand": 772, "price": 9.372}, {"time_stamp": 6, "origin": 0, "destination": 3, "demand": 712, "price": 9.281}, {"time_stamp": 7, "origin": 0, "destination": 3, "demand": 712, "price": 9.281}, {"time_stamp": 8, "origin": 0, "destination": 3, "demand": 760, "price": 9.372}, {"time_stamp": 9, "origin": 0, "destination": 3, "demand": 760, "price": 9.372}, {"time_stamp": 10, "origin": 0, "destination": 3, "demand": 782, "price": 9.463000000000001}, {"time_stamp": 11, "origin": 0, "destination": 3, "demand": 782, "price": 9.463000000000001}, {"time_stamp": 12, "origin": 0, "destination": 3, "demand": 990, "price": 9.372}, {"time_stamp": 13, "origin": 0, "destination": 3, "demand": 990, "price": 9.372}, {"time_stamp": 14, "origin": 0, "destination": 3, "demand": 1156, "price": 9.372}, {"time_stamp": 15, "origin": 0, "destination": 3, "demand": 1156, "price": 9.372}, {"time_stamp": 16, "origin": 0, "destination": 3, "demand": 978, "price": 9.281}, {"time_stamp": 17, "origin": 0, "destination": 3, "demand": 978, "price": 9.281}, {"time_stamp": 18, "origin": 0, "destination": 3, "demand": 1122, "price": 9.281}, {"time_stamp": 19, "origin": 0, "destination": 3, "demand": 1122, "price": 9.281}, {"time_stamp": 20, "origin": 0, "destination": 3, "demand": 920, "price": 9.281}, {"time_stamp": 21, "origin": 0, "destination": 3, "demand": 920, "price": 9.281}, {"time_stamp": 22, "origin": 0, "destination": 3, "demand": 642, "price": 9.190000000000001}, {"time_stamp": 23, "origin": 0, "destination": 3, "demand": 642, "price": 9.190000000000001}, {"time_stamp": 0, "origin": 0, "destination": 4, "demand": 1144, "price": 10.009}, {"time_stamp": 1, "origin": 0, "destination": 4, "demand": 1144, "price": 10.009}, {"time_stamp": 2, "origin": 0, "destination": 4, "demand": 842, "price": 10.009}, {"time_stamp": 3, "origin": 0, "destination": 4, "demand": 842, "price": 10.009}, {"time_stamp": 4, "origin": 0, "destination": 4, "demand": 790, "price": 10.191}, {"time_stamp": 5, "origin": 0, "destination": 4, "demand": 790, "price": 10.191}, {"time_stamp": 6, "origin": 0, "destination": 4, "demand": 814, "price": 10.100000000000001}, {"time_stamp": 7, "origin": 0, "destination": 4, "demand": 814, "price": 10.100000000000001}, {"time_stamp": 8, "origin": 0, "destination": 4, "demand": 1004, "price": 10.191}, {"time_stamp": 9, "origin": 0, "destination": 4, "demand": 1004, "price": 10.191}, {"time_stamp": 10, "origin": 0, "destination": 4, "demand": 1088, "price": 10.100000000000001}, {"time_stamp": 11, "origin": 0, "destination": 4, "demand": 1088, "price": 10.100000000000001}, {"time_stamp": 12, "origin": 0, "destination": 4, "demand": 1390, "price": 10.100000000000001}, {"time_stamp": 13, "origin": 0, "destination": 4, "demand": 1390, "price": 10.100000000000001}, {"time_stamp": 14, "origin": 0, "destination": 4, "demand": 1872, "price": 10.100000000000001}, {"time_stamp": 15, "origin": 0, "destination": 4, "demand": 1872, "price": 10.100000000000001}, {"time_stamp": 16, "origin": 0, "destination": 4, "demand": 1700, "price": 10.100000000000001}, {"time_stamp": 17, "origin": 0, "destination": 4, "demand": 1700, "price": 10.100000000000001}, {"time_stamp": 18, "origin": 0, "destination": 4, "demand": 1866, "price": 10.100000000000001}, {"time_stamp": 19, "origin": 0, "destination": 4, "demand": 1866, "price": 10.100000000000001}, {"time_stamp": 20, "origin": 0, "destination": 4, "demand": 1588, "price": 10.100000000000001}, {"time_stamp": 21, "origin": 0, "destination": 4, "demand": 1588, "price": 10.100000000000001}, {"time_stamp": 22, "origin": 0, "destination": 4, "demand": 1086, "price": 10.100000000000001}, {"time_stamp": 23, "origin": 0, "destination": 4, "demand": 1086, "price": 10.100000000000001}, {"time_stamp": 0, "origin": 1, "destination": 0, "demand": 1378, "price": 10.100000000000001}, {"time_stamp": 1, "origin": 1, "destination": 0, "demand": 1378, "price": 10.100000000000001}, {"time_stamp": 2, "origin": 1, "destination": 0, "demand": 1148, "price": 10.191}, {"time_stamp": 3, "origin": 1, "destination": 0, "demand": 1148, "price": 10.191}, {"time_stamp": 4, "origin": 1, "destination": 0, "demand": 1006, "price": 10.282}, {"time_stamp": 5, "origin": 1, "destination": 0, "demand": 1006, "price": 10.282}, {"time_stamp": 6, "origin": 1, "destination": 0, "demand": 1038, "price": 10.191}, {"time_stamp": 7, "origin": 1, "destination": 0, "demand": 1038, "price": 10.191}, {"time_stamp": 8, "origin": 1, "destination": 0, "demand": 1208, "price": 10.100000000000001}, {"time_stamp": 9, "origin": 1, "destination": 0, "demand": 1208, "price": 10.100000000000001}, {"time_stamp": 10, "origin": 1, "destination": 0, "demand": 1354, "price": 10.282}, {"time_stamp": 11, "origin": 1, "destination": 0, "demand": 1354, "price": 10.282}, {"time_stamp": 12, "origin": 1, "destination": 0, "demand": 1532, "price": 10.191}, {"time_stamp": 13, "origin": 1, "destination": 0, "demand": 1532, "price": 10.191}, {"time_stamp": 14, "origin": 1, "destination": 0, "demand": 2004, "price": 10.191}, {"time_stamp": 15, "origin": 1, "destination": 0, "demand": 2004, "price": 10.191}, {"time_stamp": 16, "origin": 1, "destination": 0, "demand": 1974, "price": 10.100000000000001}, {"time_stamp": 17, "origin": 1, "destination": 0, "demand": 1974, "price": 10.100000000000001}, {"time_stamp": 18, "origin": 1, "destination": 0, "demand": 2314, "price": 10.100000000000001}, {"time_stamp": 19, "origin": 1, "destination": 0, "demand": 2314, "price": 10.100000000000001}, {"time_stamp": 20, "origin": 1, "destination": 0, "demand": 1852, "price": 10.100000000000001}, {"time_stamp": 21, "origin": 1, "destination": 0, "demand": 1852, "price": 10.100000000000001}, {"time_stamp": 22, "origin": 1, "destination": 0, "demand": 1402, "price": 10.100000000000001}, {"time_stamp": 23, "origin": 1, "destination": 0, "demand": 1402, "price": 10.100000000000001}, {"time_stamp": 0, "origin": 1, "destination": 1, "demand": 4134, "price": 7.37}, {"time_stamp": 1, "origin": 1, "destination": 1, "demand": 4134, "price": 7.37}, {"time_stamp": 2, "origin": 1, "destination": 1, "demand": 3240, "price": 7.37}, {"time_stamp": 3, "origin": 1, "destination": 1, "demand": 3240, "price": 7.37}, {"time_stamp": 4, "origin": 1, "destination": 1, "demand": 3344, "price": 7.37}, {"time_stamp": 5, "origin": 1, "destination": 1, "demand": 3344, "price": 7.37}, {"time_stamp": 6, "origin": 1, "destination": 1, "demand": 3710, "price": 7.37}, {"time_stamp": 7, "origin": 1, "destination": 1, "demand": 3710, "price": 7.37}, {"time_stamp": 8, "origin": 1, "destination": 1, "demand": 4124, "price": 7.37}, {"time_stamp": 9, "origin": 1, "destination": 1, "demand": 4124, "price": 7.37}, {"time_stamp": 10, "origin": 1, "destination": 1, "demand": 4246, "price": 7.37}, {"time_stamp": 11, "origin": 1, "destination": 1, "demand": 4246, "price": 7.37}, {"time_stamp": 12, "origin": 1, "destination": 1, "demand": 4584, "price": 7.37}, {"time_stamp": 13, "origin": 1, "destination": 1, "demand": 4584, "price": 7.37}, {"time_stamp": 14, "origin": 1, "destination": 1, "demand": 5252, "price": 7.37}, {"time_stamp": 15, "origin": 1, "destination": 1, "demand": 5252, "price": 7.37}, {"time_stamp": 16, "origin": 1, "destination": 1, "demand": 5110, "price": 7.37}, {"time_stamp": 17, "origin": 1, "destination": 1, "demand": 5110, "price": 7.37}, {"time_stamp": 18, "origin": 1, "destination": 1, "demand": 5424, "price": 7.279000000000001}, {"time_stamp": 19, "origin": 1, "destination": 1, "demand": 5424, "price": 7.279000000000001}, {"time_stamp": 20, "origin": 1, "destination": 1, "demand": 4438, "price": 7.279000000000001}, {"time_stamp": 21, "origin": 1, "destination": 1, "demand": 4438, "price": 7.279000000000001}, {"time_stamp": 22, "origin": 1, "destination": 1, "demand": 3328, "price": 7.279000000000001}, {"time_stamp": 23, "origin": 1, "destination": 1, "demand": 3328, "price": 7.279000000000001}, {"time_stamp": 0, "origin": 1, "destination": 2, "demand": 4644, "price": 10.100000000000001}, {"time_stamp": 1, "origin": 1, "destination": 2, "demand": 4644, "price": 10.100000000000001}, {"time_stamp": 2, "origin": 1, "destination": 2, "demand": 3034, "price": 10.191}, {"time_stamp": 3, "origin": 1, "destination": 2, "demand": 3034, "price": 10.191}, {"time_stamp": 4, "origin": 1, "destination": 2, "demand": 2352, "price": 10.282}, {"time_stamp": 5, "origin": 1, "destination": 2, "demand": 2352, "price": 10.282}, {"time_stamp": 6, "origin": 1, "destination": 2, "demand": 2328, "price": 10.191}, {"time_stamp": 7, "origin": 1, "destination": 2, "demand": 2328, "price": 10.191}, {"time_stamp": 8, "origin": 1, "destination": 2, "demand": 2324, "price": 10.282}, {"time_stamp": 9, "origin": 1, "destination": 2, "demand": 2324, "price": 10.282}, {"time_stamp": 10, "origin": 1, "destination": 2, "demand": 2374, "price": 10.282}, {"time_stamp": 11, "origin": 1, "destination": 2, "demand": 2374, "price": 10.282}, {"time_stamp": 12, "origin": 1, "destination": 2, "demand": 2568, "price": 10.282}, {"time_stamp": 13, "origin": 1, "destination": 2, "demand": 2568, "price": 10.282}, {"time_stamp": 14, "origin": 1, "destination": 2, "demand": 2956, "price": 10.373000000000001}, {"time_stamp": 15, "origin": 1, "destination": 2, "demand": 2956, "price": 10.373000000000001}, {"time_stamp": 16, "origin": 1, "destination": 2, "demand": 2940, "price": 10.282}, {"time_stamp": 17, "origin": 1, "destination": 2, "demand": 2940, "price": 10.282}, {"time_stamp": 18, "origin": 1, "destination": 2, "demand": 2896, "price": 10.282}, {"time_stamp": 19, "origin": 1, "destination": 2, "demand": 2896, "price": 10.282}, {"time_stamp": 20, "origin": 1, "destination": 2, "demand": 2164, "price": 10.282}, {"time_stamp": 21, "origin": 1, "destination": 2, "demand": 2164, "price": 10.282}, {"time_stamp": 22, "origin": 1, "destination": 2, "demand": 1600, "price": 10.191}, {"time_stamp": 23, "origin": 1, "destination": 2, "demand": 1600, "price": 10.191}, {"time_stamp": 0, "origin": 1, "destination": 3, "demand": 1220, "price": 9.190000000000001}, {"time_stamp": 1, "origin": 1, "destination": 3, "demand": 1220, "price": 9.190000000000001}, {"time_stamp": 2, "origin": 1, "destination": 3, "demand": 822, "price": 9.372}, {"time_stamp": 3, "origin": 1, "destination": 3, "demand": 822, "price": 9.372}, {"time_stamp": 4, "origin": 1, "destination": 3, "demand": 750, "price": 9.372}, {"time_stamp": 5, "origin": 1, "destination": 3, "demand": 750, "price": 9.372}, {"time_stamp": 6, "origin": 1, "destination": 3, "demand": 748, "price": 9.281}, {"time_stamp": 7, "origin": 1, "destination": 3, "demand": 748, "price": 9.281}, {"time_stamp": 8, "origin": 1, "destination": 3, "demand": 846, "price": 9.372}, {"time_stamp": 9, "origin": 1, "destination": 3, "demand": 846, "price": 9.372}, {"time_stamp": 10, "origin": 1, "destination": 3, "demand": 800, "price": 9.372}, {"time_stamp": 11, "origin": 1, "destination": 3, "demand": 800, "price": 9.372}, {"time_stamp": 12, "origin": 1, "destination": 3, "demand": 894, "price": 9.372}, {"time_stamp": 13, "origin": 1, "destination": 3, "demand": 894, "price": 9.372}, {"time_stamp": 14, "origin": 1, "destination": 3, "demand": 1100, "price": 9.372}, {"time_stamp": 15, "origin": 1, "destination": 3, "demand": 1100, "price": 9.372}, {"time_stamp": 16, "origin": 1, "destination": 3, "demand": 1098, "price": 9.281}, {"time_stamp": 17, "origin": 1, "destination": 3, "demand": 1098, "price": 9.281}, {"time_stamp": 18, "origin": 1, "destination": 3, "demand": 1128, "price": 9.281}, {"time_stamp": 19, "origin": 1, "destination": 3, "demand": 1128, "price": 9.281}, {"time_stamp": 20, "origin": 1, "destination": 3, "demand": 962, "price": 9.281}, {"time_stamp": 21, "origin": 1, "destination": 3, "demand": 962, "price": 9.281}, {"time_stamp": 22, "origin": 1, "destination": 3, "demand": 712, "price": 9.281}, {"time_stamp": 23, "origin": 1, "destination": 3, "demand": 712, "price": 9.281}, {"time_stamp": 0, "origin": 1, "destination": 4, "demand": 236, "price": 13.376000000000001}, {"time_stamp": 1, "origin": 1, "destination": 4, "demand": 236, "price": 13.376000000000001}, {"time_stamp": 2, "origin": 1, "destination": 4, "demand": 220, "price": 13.376000000000001}, {"time_stamp": 3, "origin": 1, "destination": 4, "demand": 220, "price": 13.376000000000001}, {"time_stamp": 4, "origin": 1, "destination": 4, "demand": 208, "price": 13.376000000000001}, {"time_stamp": 5, "origin": 1, "destination": 4, "demand": 208, "price": 13.376000000000001}, {"time_stamp": 6, "origin": 1, "destination": 4, "demand": 240, "price": 13.48}, {"time_stamp": 7, "origin": 1, "destination": 4, "demand": 240, "price": 13.48}, {"time_stamp": 8, "origin": 1, "destination": 4, "demand": 260, "price": 13.48}, {"time_stamp": 9, "origin": 1, "destination": 4, "demand": 260, "price": 13.48}, {"time_stamp": 10, "origin": 1, "destination": 4, "demand": 294, "price": 13.571000000000002}, {"time_stamp": 11, "origin": 1, "destination": 4, "demand": 294, "price": 13.571000000000002}, {"time_stamp": 12, "origin": 1, "destination": 4, "demand": 330, "price": 13.571000000000002}, {"time_stamp": 13, "origin": 1, "destination": 4, "demand": 330, "price": 13.571000000000002}, {"time_stamp": 14, "origin": 1, "destination": 4, "demand": 446, "price": 13.571000000000002}, {"time_stamp": 15, "origin": 1, "destination": 4, "demand": 446, "price": 13.571000000000002}, {"time_stamp": 16, "origin": 1, "destination": 4, "demand": 518, "price": 13.571000000000002}, {"time_stamp": 17, "origin": 1, "destination": 4, "demand": 518, "price": 13.571000000000002}, {"time_stamp": 18, "origin": 1, "destination": 4, "demand": 544, "price": 13.48}, {"time_stamp": 19, "origin": 1, "destination": 4, "demand": 544, "price": 13.48}, {"time_stamp": 20, "origin": 1, "destination": 4, "demand": 428, "price": 13.285}, {"time_stamp": 21, "origin": 1, "destination": 4, "demand": 428, "price": 13.285}, {"time_stamp": 22, "origin": 1, "destination": 4, "demand": 310, "price": 13.285}, {"time_stamp": 23, "origin": 1, "destination": 4, "demand": 310, "price": 13.285}, {"time_stamp": 0, "origin": 2, "destination": 0, "demand": 706, "price": 12.830000000000002}, {"time_stamp": 1, "origin": 2, "destination": 0, "demand": 706, "price": 12.830000000000002}, {"time_stamp": 2, "origin": 2, "destination": 0, "demand": 688, "price": 12.739}, {"time_stamp": 3, "origin": 2, "destination": 0, "demand": 688, "price": 12.739}, {"time_stamp": 4, "origin": 2, "destination": 0, "demand": 770, "price": 12.830000000000002}, {"time_stamp": 5, "origin": 2, "destination": 0, "demand": 770, "price": 12.830000000000002}, {"time_stamp": 6, "origin": 2, "destination": 0, "demand": 896, "price": 12.739}, {"time_stamp": 7, "origin": 2, "destination": 0, "demand": 896, "price": 12.739}, {"time_stamp": 8, "origin": 2, "destination": 0, "demand": 960, "price": 12.739}, {"time_stamp": 9, "origin": 2, "destination": 0, "demand": 960, "price": 12.739}, {"time_stamp": 10, "origin": 2, "destination": 0, "demand": 1112, "price": 12.843}, {"time_stamp": 11, "origin": 2, "destination": 0, "demand": 1112, "price": 12.843}, {"time_stamp": 12, "origin": 2, "destination": 0, "demand": 1536, "price": 12.751999999999999}, {"time_stamp": 13, "origin": 2, "destination": 0, "demand": 1536, "price": 12.751999999999999}, {"time_stamp": 14, "origin": 2, "destination": 0, "demand": 1956, "price": 12.660999999999998}, {"time_stamp": 15, "origin": 2, "destination": 0, "demand": 1956, "price": 12.660999999999998}, {"time_stamp": 16, "origin": 2, "destination": 0, "demand": 2482, "price": 12.660999999999998}, {"time_stamp": 17, "origin": 2, "destination": 0, "demand": 2482, "price": 12.660999999999998}, {"time_stamp": 18, "origin": 2, "destination": 0, "demand": 2740, "price": 12.556999999999999}, {"time_stamp": 19, "origin": 2, "destination": 0, "demand": 2740, "price": 12.556999999999999}, {"time_stamp": 20, "origin": 2, "destination": 0, "demand": 1868, "price": 12.648}, {"time_stamp": 21, "origin": 2, "destination": 0, "demand": 1868, "price": 12.648}, {"time_stamp": 22, "origin": 2, "destination": 0, "demand": 1398, "price": 12.648}, {"time_stamp": 23, "origin": 2, "destination": 0, "demand": 1398, "price": 12.648}, {"time_stamp": 0, "origin": 2, "destination": 1, "demand": 1784, "price": 10.373000000000001}, {"time_stamp": 1, "origin": 2, "destination": 1, "demand": 1784, "price": 10.373000000000001}, {"time_stamp": 2, "origin": 2, "destination": 1, "demand": 1834, "price": 10.373000000000001}, {"time_stamp": 3, "origin": 2, "destination": 1, "demand": 1834, "price": 10.373000000000001}, {"time_stamp": 4, "origin": 2, "destination": 1, "demand": 2004, "price": 10.373000000000001}, {"time_stamp": 5, "origin": 2, "destination": 1, "demand": 2004, "price": 10.373000000000001}, {"time_stamp": 6, "origin": 2, "destination": 1, "demand": 2168, "price": 10.373000000000001}, {"time_stamp": 7, "origin": 2, "destination": 1, "demand": 2168, "price": 10.373000000000001}, {"time_stamp": 8, "origin": 2, "destination": 1, "demand": 2312, "price": 10.282}, {"time_stamp": 9, "origin": 2, "destination": 1, "demand": 2312, "price": 10.282}, {"time_stamp": 10, "origin": 2, "destination": 1, "demand": 2576, "price": 10.282}, {"time_stamp": 11, "origin": 2, "destination": 1, "demand": 2576, "price": 10.282}, {"time_stamp": 12, "origin": 2, "destination": 1, "demand": 2974, "price": 10.282}, {"time_stamp": 13, "origin": 2, "destination": 1, "demand": 2974, "price": 10.282}, {"time_stamp": 14, "origin": 2, "destination": 1, "demand": 3440, "price": 10.191}, {"time_stamp": 15, "origin": 2, "destination": 1, "demand": 3440, "price": 10.191}, {"time_stamp": 16, "origin": 2, "destination": 1, "demand": 4560, "price": 10.191}, {"time_stamp": 17, "origin": 2, "destination": 1, "demand": 4560, "price": 10.191}, {"time_stamp": 18, "origin": 2, "destination": 1, "demand": 4940, "price": 10.191}, {"time_stamp": 19, "origin": 2, "destination": 1, "demand": 4940, "price": 10.191}, {"time_stamp": 20, "origin": 2, "destination": 1, "demand": 3506, "price": 10.191}, {"time_stamp": 21, "origin": 2, "destination": 1, "demand": 3506, "price": 10.191}, {"time_stamp": 22, "origin": 2, "destination": 1, "demand": 2434, "price": 10.282}, {"time_stamp": 23, "origin": 2, "destination": 1, "demand": 2434, "price": 10.282}, {"time_stamp": 0, "origin": 2, "destination": 2, "demand": 24174, "price": 7.37}, {"time_stamp": 1, "origin": 2, "destination": 2, "demand": 24174, "price": 7.37}, {"time_stamp": 2, "origin": 2, "destination": 2, "demand": 21950, "price": 7.37}, {"time_stamp": 3, "origin": 2, "destination": 2, "demand": 21950, "price": 7.37}, {"time_stamp": 4, "origin": 2, "destination": 2, "demand": 18678, "price": 7.37}, {"time_stamp": 5, "origin": 2, "destination": 2, "demand": 18678, "price": 7.37}, {"time_stamp": 6, "origin": 2, "destination": 2, "demand": 21104, "price": 7.37}, {"time_stamp": 7, "origin": 2, "destination": 2, "demand": 21104, "price": 7.37}, {"time_stamp": 8, "origin": 2, "destination": 2, "demand": 22856, "price": 7.37}, {"time_stamp": 9, "origin": 2, "destination": 2, "demand": 22856, "price": 7.37}, {"time_stamp": 10, "origin": 2, "destination": 2, "demand": 22718, "price": 7.37}, {"time_stamp": 11, "origin": 2, "destination": 2, "demand": 22718, "price": 7.37}, {"time_stamp": 12, "origin": 2, "destination": 2, "demand": 23598, "price": 7.37}, {"time_stamp": 13, "origin": 2, "destination": 2, "demand": 23598, "price": 7.37}, {"time_stamp": 14, "origin": 2, "destination": 2, "demand": 25660, "price": 7.37}, {"time_stamp": 15, "origin": 2, "destination": 2, "demand": 25660, "price": 7.37}, {"time_stamp": 16, "origin": 2, "destination": 2, "demand": 29494, "price": 7.279000000000001}, {"time_stamp": 17, "origin": 2, "destination": 2, "demand": 29494, "price": 7.279000000000001}, {"time_stamp": 18, "origin": 2, "destination": 2, "demand": 33104, "price": 7.279000000000001}, {"time_stamp": 19, "origin": 2, "destination": 2, "demand": 33104, "price": 7.279000000000001}, {"time_stamp": 20, "origin": 2, "destination": 2, "demand": 25100, "price": 7.279000000000001}, {"time_stamp": 21, "origin": 2, "destination": 2, "demand": 25100, "price": 7.279000000000001}, {"time_stamp": 22, "origin": 2, "destination": 2, "demand": 17986, "price": 7.279000000000001}, {"time_stamp": 23, "origin": 2, "destination": 2, "demand": 17986, "price": 7.279000000000001}, {"time_stamp": 0, "origin": 2, "destination": 3, "demand": 2140, "price": 8.644}, {"time_stamp": 1, "origin": 2, "destination": 3, "demand": 2140, "price": 8.644}, {"time_stamp": 2, "origin": 2, "destination": 3, "demand": 2164, "price": 8.735}, {"time_stamp": 3, "origin": 2, "destination": 3, "demand": 2164, "price": 8.735}, {"time_stamp": 4, "origin": 2, "destination": 3, "demand": 2310, "price": 8.735}, {"time_stamp": 5, "origin": 2, "destination": 3, "demand": 2310, "price": 8.735}, {"time_stamp": 6, "origin": 2, "destination": 3, "demand": 2582, "price": 8.735}, {"time_stamp": 7, "origin": 2, "destination": 3, "demand": 2582, "price": 8.735}, {"time_stamp": 8, "origin": 2, "destination": 3, "demand": 2798, "price": 8.735}, {"time_stamp": 9, "origin": 2, "destination": 3, "demand": 2798, "price": 8.735}, {"time_stamp": 10, "origin": 2, "destination": 3, "demand": 2858, "price": 8.735}, {"time_stamp": 11, "origin": 2, "destination": 3, "demand": 2858, "price": 8.735}, {"time_stamp": 12, "origin": 2, "destination": 3, "demand": 3294, "price": 8.644}, {"time_stamp": 13, "origin": 2, "destination": 3, "demand": 3294, "price": 8.644}, {"time_stamp": 14, "origin": 2, "destination": 3, "demand": 3942, "price": 8.644}, {"time_stamp": 15, "origin": 2, "destination": 3, "demand": 3942, "price": 8.644}, {"time_stamp": 16, "origin": 2, "destination": 3, "demand": 4496, "price": 8.644}, {"time_stamp": 17, "origin": 2, "destination": 3, "demand": 4496, "price": 8.644}, {"time_stamp": 18, "origin": 2, "destination": 3, "demand": 5120, "price": 8.644}, {"time_stamp": 19, "origin": 2, "destination": 3, "demand": 5120, "price": 8.644}, {"time_stamp": 20, "origin": 2, "destination": 3, "demand": 4038, "price": 8.644}, {"time_stamp": 21, "origin": 2, "destination": 3, "demand": 4038, "price": 8.644}, {"time_stamp": 22, "origin": 2, "destination": 3, "demand": 3046, "price": 8.644}, {"time_stamp": 23, "origin": 2, "destination": 3, "demand": 3046, "price": 8.644}, {"time_stamp": 0, "origin": 2, "destination": 4, "demand": 1318, "price": 11.010000000000002}, {"time_stamp": 1, "origin": 2, "destination": 4, "demand": 1318, "price": 11.010000000000002}, {"time_stamp": 2, "origin": 2, "destination": 4, "demand": 1332, "price": 11.010000000000002}, {"time_stamp": 3, "origin": 2, "destination": 4, "demand": 1332, "price": 11.010000000000002}, {"time_stamp": 4, "origin": 2, "destination": 4, "demand": 1540, "price": 11.010000000000002}, {"time_stamp": 5, "origin": 2, "destination": 4, "demand": 1540, "price": 11.010000000000002}, {"time_stamp": 6, "origin": 2, "destination": 4, "demand": 1740, "price": 11.010000000000002}, {"time_stamp": 7, "origin": 2, "destination": 4, "demand": 1740, "price": 11.010000000000002}, {"time_stamp": 8, "origin": 2, "destination": 4, "demand": 1888, "price": 11.010000000000002}, {"time_stamp": 9, "origin": 2, "destination": 4, "demand": 1888, "price": 11.010000000000002}, {"time_stamp": 10, "origin": 2, "destination": 4, "demand": 2074, "price": 11.010000000000002}, {"time_stamp": 11, "origin": 2, "destination": 4, "demand": 2074, "price": 11.010000000000002}, {"time_stamp": 12, "origin": 2, "destination": 4, "demand": 2496, "price": 10.919}, {"time_stamp": 13, "origin": 2, "destination": 4, "demand": 2496, "price": 10.919}, {"time_stamp": 14, "origin": 2, "destination": 4, "demand": 3130, "price": 10.828}, {"time_stamp": 15, "origin": 2, "destination": 4, "demand": 3130, "price": 10.828}, {"time_stamp": 16, "origin": 2, "destination": 4, "demand": 3422, "price": 10.919}, {"time_stamp": 17, "origin": 2, "destination": 4, "demand": 3422, "price": 10.919}, {"time_stamp": 18, "origin": 2, "destination": 4, "demand": 3828, "price": 10.919}, {"time_stamp": 19, "origin": 2, "destination": 4, "demand": 3828, "price": 10.919}, {"time_stamp": 20, "origin": 2, "destination": 4, "demand": 2810, "price": 10.919}, {"time_stamp": 21, "origin": 2, "destination": 4, "demand": 2810, "price": 10.919}, {"time_stamp": 22, "origin": 2, "destination": 4, "demand": 2110, "price": 10.919}, {"time_stamp": 23, "origin": 2, "destination": 4, "demand": 2110, "price": 10.919}, {"time_stamp": 0, "origin": 3, "destination": 0, "demand": 0, "price": 9.372}, {"time_stamp": 1, "origin": 3, "destination": 0, "demand": 0, "price": 9.372}, {"time_stamp": 2, "origin": 3, "destination": 0, "demand": 0, "price": 9.463000000000001}, {"time_stamp": 3, "origin": 3, "destination": 0, "demand": 0, "price": 9.463000000000001}, {"time_stamp": 4, "origin": 3, "destination": 0, "demand": 0, "price": 9.463000000000001}, {"time_stamp": 5, "origin": 3, "destination": 0, "demand": 0, "price": 9.463000000000001}, {"time_stamp": 6, "origin": 3, "destination": 0, "demand": 0, "price": 9.281}, {"time_stamp": 7, "origin": 3, "destination": 0, "demand": 0, "price": 9.281}, {"time_stamp": 8, "origin": 3, "destination": 0, "demand": 0, "price": 9.372}, {"time_stamp": 9, "origin": 3, "destination": 0, "demand": 0, "price": 9.372}, {"time_stamp": 10, "origin": 3, "destination": 0, "demand": 0, "price": 9.372}, {"time_stamp": 11, "origin": 3, "destination": 0, "demand": 0, "price": 9.372}, {"time_stamp": 12, "origin": 3, "destination": 0, "demand": 0, "price": 9.372}, {"time_stamp": 13, "origin": 3, "destination": 0, "demand": 0, "price": 9.372}, {"time_stamp": 14, "origin": 3, "destination": 0, "demand": 0, "price": 9.281}, {"time_stamp": 15, "origin": 3, "destination": 0, "demand": 0, "price": 9.281}, {"time_stamp": 16, "origin": 3, "destination": 0, "demand": 0, "price": 9.190000000000001}, {"time_stamp": 17, "origin": 3, "destination": 0, "demand": 0, "price": 9.190000000000001}, {"time_stamp": 18, "origin": 3, "destination": 0, "demand": 0, "price": 9.281}, {"time_stamp": 19, "origin": 3, "destination": 0, "demand": 0, "price": 9.281}, {"time_stamp": 20, "origin": 3, "destination": 0, "demand": 0, "price": 9.281}, {"time_stamp": 21, "origin": 3, "destination": 0, "demand": 0, "price": 9.281}, {"time_stamp": 22, "origin": 3, "destination": 0, "demand": 0, "price": 9.281}, {"time_stamp": 23, "origin": 3, "destination": 0, "demand": 0, "price": 9.281}, {"time_stamp": 0, "origin": 3, "destination": 1, "demand": 0, "price": 9.372}, {"time_stamp": 1, "origin": 3, "destination": 1, "demand": 0, "price": 9.372}, {"time_stamp": 2, "origin": 3, "destination": 1, "demand": 0, "price": 9.281}, {"time_stamp": 3, "origin": 3, "destination": 1, "demand": 0, "price": 9.281}, {"time_stamp": 4, "origin": 3, "destination": 1, "demand": 0, "price": 9.372}, {"time_stamp": 5, "origin": 3, "destination": 1, "demand": 0, "price": 9.372}, {"time_stamp": 6, "origin": 3, "destination": 1, "demand": 0, "price": 9.372}, {"time_stamp": 7, "origin": 3, "destination": 1, "demand": 0, "price": 9.372}, {"time_stamp": 8, "origin": 3, "destination": 1, "demand": 0, "price": 9.372}, {"time_stamp": 9, "origin": 3, "destination": 1, "demand": 0, "price": 9.372}, {"time_stamp": 10, "origin": 3, "destination": 1, "demand": 0, "price": 9.372}, {"time_stamp": 11, "origin": 3, "destination": 1, "demand": 0, "price": 9.372}, {"time_stamp": 12, "origin": 3, "destination": 1, "demand": 0, "price": 9.281}, {"time_stamp": 13, "origin": 3, "destination": 1, "demand": 0, "price": 9.281}, {"time_stamp": 14, "origin": 3, "destination": 1, "demand": 0, "price": 9.281}, {"time_stamp": 15, "origin": 3, "destination": 1, "demand": 0, "price": 9.281}, {"time_stamp": 16, "origin": 3, "destination": 1, "demand": 0, "price": 9.281}, {"time_stamp": 17, "origin": 3, "destination": 1, "demand": 0, "price": 9.281}, {"time_stamp": 18, "origin": 3, "destination": 1, "demand": 0, "price": 9.190000000000001}, {"time_stamp": 19, "origin": 3, "destination": 1, "demand": 0, "price": 9.190000000000001}, {"time_stamp": 20, "origin": 3, "destination": 1, "demand": 0, "price": 9.281}, {"time_stamp": 21, "origin": 3, "destination": 1, "demand": 0, "price": 9.281}, {"time_stamp": 22, "origin": 3, "destination": 1, "demand": 0, "price": 9.281}, {"time_stamp": 23, "origin": 3, "destination": 1, "demand": 0, "price": 9.281}, {"time_stamp": 0, "origin": 3, "destination": 2, "demand": 0, "price": 8.644}, {"time_stamp": 1, "origin": 3, "destination": 2, "demand": 0, "price": 8.644}, {"time_stamp": 2, "origin": 3, "destination": 2, "demand": 0, "price": 8.644}, {"time_stamp": 3, "origin": 3, "destination": 2, "demand": 0, "price": 8.644}, {"time_stamp": 4, "origin": 3, "destination": 2, "demand": 0, "price": 8.644}, {"time_stamp": 5, "origin": 3, "destination": 2, "demand": 0, "price": 8.644}, {"time_stamp": 6, "origin": 3, "destination": 2, "demand": 0, "price": 8.644}, {"time_stamp": 7, "origin": 3, "destination": 2, "demand": 0, "price": 8.644}, {"time_stamp": 8, "origin": 3, "destination": 2, "demand": 0, "price": 8.735}, {"time_stamp": 9, "origin": 3, "destination": 2, "demand": 0, "price": 8.735}, {"time_stamp": 10, "origin": 3, "destination": 2, "demand": 0, "price": 8.735}, {"time_stamp": 11, "origin": 3, "destination": 2, "demand": 0, "price": 8.735}, {"time_stamp": 12, "origin": 3, "destination": 2, "demand": 0, "price": 8.735}, {"time_stamp": 13, "origin": 3, "destination": 2, "demand": 0, "price": 8.735}, {"time_stamp": 14, "origin": 3, "destination": 2, "demand": 0, "price": 8.735}, {"time_stamp": 15, "origin": 3, "destination": 2, "demand": 0, "price": 8.735}, {"time_stamp": 16, "origin": 3, "destination": 2, "demand": 0, "price": 8.735}, {"time_stamp": 17, "origin": 3, "destination": 2, "demand": 0, "price": 8.735}, {"time_stamp": 18, "origin": 3, "destination": 2, "demand": 0, "price": 8.735}, {"time_stamp": 19, "origin": 3, "destination": 2, "demand": 0, "price": 8.735}, {"time_stamp": 20, "origin": 3, "destination": 2, "demand": 0, "price": 8.735}, {"time_stamp": 21, "origin": 3, "destination": 2, "demand": 0, "price": 8.735}, {"time_stamp": 22, "origin": 3, "destination": 2, "demand": 0, "price": 8.735}, {"time_stamp": 23, "origin": 3, "destination": 2, "demand": 0, "price": 8.735}, {"time_stamp": 0, "origin": 3, "destination": 3, "demand": 0, "price": 6.7330000000000005}, {"time_stamp": 1, "origin": 3, "destination": 3, "demand": 0, "price": 6.7330000000000005}, {"time_stamp": 2, "origin": 3, "destination": 3, "demand": 0, "price": 6.7330000000000005}, {"time_stamp": 3, "origin": 3, "destination": 3, "demand": 0, "price": 6.7330000000000005}, {"time_stamp": 4, "origin": 3, "destination": 3, "demand": 0, "price": 6.824000000000001}, {"time_stamp": 5, "origin": 3, "destination": 3, "demand": 0, "price": 6.824000000000001}, {"time_stamp": 6, "origin": 3, "destination": 3, "demand": 0, "price": 6.7330000000000005}, {"time_stamp": 7, "origin": 3, "destination": 3, "demand": 0, "price": 6.7330000000000005}, {"time_stamp": 8, "origin": 3, "destination": 3, "demand": 0, "price": 6.824000000000001}, {"time_stamp": 9, "origin": 3, "destination": 3, "demand": 0, "price": 6.824000000000001}, {"time_stamp": 10, "origin": 3, "destination": 3, "demand": 0, "price": 6.7330000000000005}, {"time_stamp": 11, "origin": 3, "destination": 3, "demand": 0, "price": 6.7330000000000005}, {"time_stamp": 12, "origin": 3, "destination": 3, "demand": 0, "price": 6.7330000000000005}, {"time_stamp": 13, "origin": 3, "destination": 3, "demand": 0, "price": 6.7330000000000005}, {"time_stamp": 14, "origin": 3, "destination": 3, "demand": 0, "price": 6.7330000000000005}, {"time_stamp": 15, "origin": 3, "destination": 3, "demand": 0, "price": 6.7330000000000005}, {"time_stamp": 16, "origin": 3, "destination": 3, "demand": 0, "price": 6.7330000000000005}, {"time_stamp": 17, "origin": 3, "destination": 3, "demand": 0, "price": 6.7330000000000005}, {"time_stamp": 18, "origin": 3, "destination": 3, "demand": 0, "price": 6.7330000000000005}, {"time_stamp": 19, "origin": 3, "destination": 3, "demand": 0, "price": 6.7330000000000005}, {"time_stamp": 20, "origin": 3, "destination": 3, "demand": 0, "price": 6.7330000000000005}, {"time_stamp": 21, "origin": 3, "destination": 3, "demand": 0, "price": 6.7330000000000005}, {"time_stamp": 22, "origin": 3, "destination": 3, "demand": 0, "price": 6.7330000000000005}, {"time_stamp": 23, "origin": 3, "destination": 3, "demand": 0, "price": 6.7330000000000005}, {"time_stamp": 0, "origin": 3, "destination": 4, "demand": 0, "price": 9.463000000000001}, {"time_stamp": 1, "origin": 3, "destination": 4, "demand": 0, "price": 9.463000000000001}, {"time_stamp": 2, "origin": 3, "destination": 4, "demand": 0, "price": 9.463000000000001}, {"time_stamp": 3, "origin": 3, "destination": 4, "demand": 0, "price": 9.463000000000001}, {"time_stamp": 4, "origin": 3, "destination": 4, "demand": 0, "price": 9.463000000000001}, {"time_stamp": 5, "origin": 3, "destination": 4, "demand": 0, "price": 9.463000000000001}, {"time_stamp": 6, "origin": 3, "destination": 4, "demand": 0, "price": 9.463000000000001}, {"time_stamp": 7, "origin": 3, "destination": 4, "demand": 0, "price": 9.463000000000001}, {"time_stamp": 8, "origin": 3, "destination": 4, "demand": 0, "price": 9.554000000000002}, {"time_stamp": 9, "origin": 3, "destination": 4, "demand": 0, "price": 9.554000000000002}, {"time_stamp": 10, "origin": 3, "destination": 4, "demand": 0, "price": 9.554000000000002}, {"time_stamp": 11, "origin": 3, "destination": 4, "demand": 0, "price": 9.554000000000002}, {"time_stamp": 12, "origin": 3, "destination": 4, "demand": 0, "price": 9.463000000000001}, {"time_stamp": 13, "origin": 3, "destination": 4, "demand": 0, "price": 9.463000000000001}, {"time_stamp": 14, "origin": 3, "destination": 4, "demand": 0, "price": 9.463000000000001}, {"time_stamp": 15, "origin": 3, "destination": 4, "demand": 0, "price": 9.463000000000001}, {"time_stamp": 16, "origin": 3, "destination": 4, "demand": 0, "price": 9.463000000000001}, {"time_stamp": 17, "origin": 3, "destination": 4, "demand": 0, "price": 9.463000000000001}, {"time_stamp": 18, "origin": 3, "destination": 4, "demand": 0, "price": 9.463000000000001}, {"time_stamp": 19, "origin": 3, "destination": 4, "demand": 0, "price": 9.463000000000001}, {"time_stamp": 20, "origin": 3, "destination": 4, "demand": 0, "price": 9.463000000000001}, {"time_stamp": 21, "origin": 3, "destination": 4, "demand": 0, "price": 9.463000000000001}, {"time_stamp": 22, "origin": 3, "destination": 4, "demand": 0, "price": 9.463000000000001}, {"time_stamp": 23, "origin": 3, "destination": 4, "demand": 0, "price": 9.463000000000001}, {"time_stamp": 0, "origin": 4, "destination": 0, "demand": 0, "price": 10.100000000000001}, {"time_stamp": 1, "origin": 4, "destination": 0, "demand": 0, "price": 10.100000000000001}, {"time_stamp": 2, "origin": 4, "destination": 0, "demand": 0, "price": 10.100000000000001}, {"time_stamp": 3, "origin": 4, "destination": 0, "demand": 0, "price": 10.100000000000001}, {"time_stamp": 4, "origin": 4, "destination": 0, "demand": 0, "price": 10.282}, {"time_stamp": 5, "origin": 4, "destination": 0, "demand": 0, "price": 10.282}, {"time_stamp": 6, "origin": 4, "destination": 0, "demand": 0, "price": 10.100000000000001}, {"time_stamp": 7, "origin": 4, "destination": 0, "demand": 0, "price": 10.100000000000001}, {"time_stamp": 8, "origin": 4, "destination": 0, "demand": 0, "price": 10.282}, {"time_stamp": 9, "origin": 4, "destination": 0, "demand": 0, "price": 10.282}, {"time_stamp": 10, "origin": 4, "destination": 0, "demand": 0, "price": 10.282}, {"time_stamp": 11, "origin": 4, "destination": 0, "demand": 0, "price": 10.282}, {"time_stamp": 12, "origin": 4, "destination": 0, "demand": 0, "price": 10.282}, {"time_stamp": 13, "origin": 4, "destination": 0, "demand": 0, "price": 10.282}, {"time_stamp": 14, "origin": 4, "destination": 0, "demand": 0, "price": 10.191}, {"time_stamp": 15, "origin": 4, "destination": 0, "demand": 0, "price": 10.191}, {"time_stamp": 16, "origin": 4, "destination": 0, "demand": 0, "price": 10.100000000000001}, {"time_stamp": 17, "origin": 4, "destination": 0, "demand": 0, "price": 10.100000000000001}, {"time_stamp": 18, "origin": 4, "destination": 0, "demand": 0, "price": 10.100000000000001}, {"time_stamp": 19, "origin": 4, "destination": 0, "demand": 0, "price": 10.100000000000001}, {"time_stamp": 20, "origin": 4, "destination": 0, "demand": 0, "price": 10.100000000000001}, {"time_stamp": 21, "origin": 4, "destination": 0, "demand": 0, "price": 10.100000000000001}, {"time_stamp": 22, "origin": 4, "destination": 0, "demand": 0, "price": 10.100000000000001}, {"time_stamp": 23, "origin": 4, "destination": 0, "demand": 0, "price": 10.100000000000001}, {"time_stamp": 0, "origin": 4, "destination": 1, "demand": 0, "price": 13.571000000000002}, {"time_stamp": 1, "origin": 4, "destination": 1, "demand": 0, "price": 13.571000000000002}, {"time_stamp": 2, "origin": 4, "destination": 1, "demand": 0, "price": 13.571000000000002}, {"time_stamp": 3, "origin": 4, "destination": 1, "demand": 0, "price": 13.571000000000002}, {"time_stamp": 4, "origin": 4, "destination": 1, "demand": 0, "price": 13.571000000000002}, {"time_stamp": 5, "origin": 4, "destination": 1, "demand": 0, "price": 13.571000000000002}, {"time_stamp": 6, "origin": 4, "destination": 1, "demand": 0, "price": 13.571000000000002}, {"time_stamp": 7, "origin": 4, "destination": 1, "demand": 0, "price": 13.571000000000002}, {"time_stamp": 8, "origin": 4, "destination": 1, "demand": 0, "price": 13.571000000000002}, {"time_stamp": 9, "origin": 4, "destination": 1, "demand": 0, "price": 13.571000000000002}, {"time_stamp": 10, "origin": 4, "destination": 1, "demand": 0, "price": 13.571000000000002}, {"time_stamp": 11, "origin": 4, "destination": 1, "demand": 0, "price": 13.571000000000002}, {"time_stamp": 12, "origin": 4, "destination": 1, "demand": 0, "price": 13.571000000000002}, {"time_stamp": 13, "origin": 4, "destination": 1, "demand": 0, "price": 13.571000000000002}, {"time_stamp": 14, "origin": 4, "destination": 1, "demand": 0, "price": 13.48}, {"time_stamp": 15, "origin": 4, "destination": 1, "demand": 0, "price": 13.48}, {"time_stamp": 16, "origin": 4, "destination": 1, "demand": 0, "price": 13.571000000000002}, {"time_stamp": 17, "origin": 4, "destination": 1, "demand": 0, "price": 13.571000000000002}, {"time_stamp": 18, "origin": 4, "destination": 1, "demand": 0, "price": 13.48}, {"time_stamp": 19, "origin": 4, "destination": 1, "demand": 0, "price": 13.48}, {"time_stamp": 20, "origin": 4, "destination": 1, "demand": 0, "price": 13.285}, {"time_stamp": 21, "origin": 4, "destination": 1, "demand": 0, "price": 13.285}, {"time_stamp": 22, "origin": 4, "destination": 1, "demand": 0, "price": 13.285}, {"time_stamp": 23, "origin": 4, "destination": 1, "demand": 0, "price": 13.285}, {"time_stamp": 0, "origin": 4, "destination": 2, "demand": 0, "price": 10.828}, {"time_stamp": 1, "origin": 4, "destination": 2, "demand": 0, "price": 10.828}, {"time_stamp": 2, "origin": 4, "destination": 2, "demand": 0, "price": 10.828}, {"time_stamp": 3, "origin": 4, "destination": 2, "demand": 0, "price": 10.828}, {"time_stamp": 4, "origin": 4, "destination": 2, "demand": 0, "price": 10.919}, {"time_stamp": 5, "origin": 4, "destination": 2, "demand": 0, "price": 10.919}, {"time_stamp": 6, "origin": 4, "destination": 2, "demand": 0, "price": 10.919}, {"time_stamp": 7, "origin": 4, "destination": 2, "demand": 0, "price": 10.919}, {"time_stamp": 8, "origin": 4, "destination": 2, "demand": 0, "price": 10.919}, {"time_stamp": 9, "origin": 4, "destination": 2, "demand": 0, "price": 10.919}, {"time_stamp": 10, "origin": 4, "destination": 2, "demand": 0, "price": 11.010000000000002}, {"time_stamp": 11, "origin": 4, "destination": 2, "demand": 0, "price": 11.010000000000002}, {"time_stamp": 12, "origin": 4, "destination": 2, "demand": 0, "price": 10.919}, {"time_stamp": 13, "origin": 4, "destination": 2, "demand": 0, "price": 10.919}, {"time_stamp": 14, "origin": 4, "destination": 2, "demand": 0, "price": 11.010000000000002}, {"time_stamp": 15, "origin": 4, "destination": 2, "demand": 0, "price": 11.010000000000002}, {"time_stamp": 16, "origin": 4, "destination": 2, "demand": 0, "price": 11.010000000000002}, {"time_stamp": 17, "origin": 4, "destination": 2, "demand": 0, "price": 11.010000000000002}, {"time_stamp": 18, "origin": 4, "destination": 2, "demand": 0, "price": 11.010000000000002}, {"time_stamp": 19, "origin": 4, "destination": 2, "demand": 0, "price": 11.010000000000002}, {"time_stamp": 20, "origin": 4, "destination": 2, "demand": 0, "price": 11.010000000000002}, {"time_stamp": 21, "origin": 4, "destination": 2, "demand": 0, "price": 11.010000000000002}, {"time_stamp": 22, "origin": 4, "destination": 2, "demand": 0, "price": 11.100999999999999}, {"time_stamp": 23, "origin": 4, "destination": 2, "demand": 0, "price": 11.100999999999999}, {"time_stamp": 0, "origin": 4, "destination": 3, "demand": 0, "price": 9.372}, {"time_stamp": 1, "origin": 4, "destination": 3, "demand": 0, "price": 9.372}, {"time_stamp": 2, "origin": 4, "destination": 3, "demand": 0, "price": 9.372}, {"time_stamp": 3, "origin": 4, "destination": 3, "demand": 0, "price": 9.372}, {"time_stamp": 4, "origin": 4, "destination": 3, "demand": 0, "price": 9.463000000000001}, {"time_stamp": 5, "origin": 4, "destination": 3, "demand": 0, "price": 9.463000000000001}, {"time_stamp": 6, "origin": 4, "destination": 3, "demand": 0, "price": 9.463000000000001}, {"time_stamp": 7, "origin": 4, "destination": 3, "demand": 0, "price": 9.463000000000001}, {"time_stamp": 8, "origin": 4, "destination": 3, "demand": 0, "price": 9.463000000000001}, {"time_stamp": 9, "origin": 4, "destination": 3, "demand": 0, "price": 9.463000000000001}, {"time_stamp": 10, "origin": 4, "destination": 3, "demand": 0, "price": 9.463000000000001}, {"time_stamp": 11, "origin": 4, "destination": 3, "demand": 0, "price": 9.463000000000001}, {"time_stamp": 12, "origin": 4, "destination": 3, "demand": 0, "price": 9.372}, {"time_stamp": 13, "origin": 4, "destination": 3, "demand": 0, "price": 9.372}, {"time_stamp": 14, "origin": 4, "destination": 3, "demand": 0, "price": 9.372}, {"time_stamp": 15, "origin": 4, "destination": 3, "demand": 0, "price": 9.372}, {"time_stamp": 16, "origin": 4, "destination": 3, "demand": 0, "price": 9.372}, {"time_stamp": 17, "origin": 4, "destination": 3, "demand": 0, "price": 9.372}, {"time_stamp": 18, "origin": 4, "destination": 3, "demand": 0, "price": 9.372}, {"time_stamp": 19, "origin": 4, "destination": 3, "demand": 0, "price": 9.372}, {"time_stamp": 20, "origin": 4, "destination": 3, "demand": 0, "price": 9.463000000000001}, {"time_stamp": 21, "origin": 4, "destination": 3, "demand": 0, "price": 9.463000000000001}, {"time_stamp": 22, "origin": 4, "destination": 3, "demand": 0, "price": 9.554000000000002}, {"time_stamp": 23, "origin": 4, "destination": 3, "demand": 0, "price": 9.554000000000002}, {"time_stamp": 0, "origin": 4, "destination": 4, "demand": 0, "price": 7.279000000000001}, {"time_stamp": 1, "origin": 4, "destination": 4, "demand": 0, "price": 7.279000000000001}, {"time_stamp": 2, "origin": 4, "destination": 4, "demand": 0, "price": 7.279000000000001}, {"time_stamp": 3, "origin": 4, "destination": 4, "demand": 0, "price": 7.279000000000001}, {"time_stamp": 4, "origin": 4, "destination": 4, "demand": 0, "price": 7.279000000000001}, {"time_stamp": 5, "origin": 4, "destination": 4, "demand": 0, "price": 7.279000000000001}, {"time_stamp": 6, "origin": 4, "destination": 4, "demand": 0, "price": 7.279000000000001}, {"time_stamp": 7, "origin": 4, "destination": 4, "demand": 0, "price": 7.279000000000001}, {"time_stamp": 8, "origin": 4, "destination": 4, "demand": 0, "price": 7.37}, {"time_stamp": 9, "origin": 4, "destination": 4, "demand": 0, "price": 7.37}, {"time_stamp": 10, "origin": 4, "destination": 4, "demand": 0, "price": 7.279000000000001}, {"time_stamp": 11, "origin": 4, "destination": 4, "demand": 0, "price": 7.279000000000001}, {"time_stamp": 12, "origin": 4, "destination": 4, "demand": 0, "price": 7.279000000000001}, {"time_stamp": 13, "origin": 4, "destination": 4, "demand": 0, "price": 7.279000000000001}, {"time_stamp": 14, "origin": 4, "destination": 4, "demand": 0, "price": 7.279000000000001}, {"time_stamp": 15, "origin": 4, "destination": 4, "demand": 0, "price": 7.279000000000001}, {"time_stamp": 16, "origin": 4, "destination": 4, "demand": 0, "price": 7.279000000000001}, {"time_stamp": 17, "origin": 4, "destination": 4, "demand": 0, "price": 7.279000000000001}, {"time_stamp": 18, "origin": 4, "destination": 4, "demand": 0, "price": 7.279000000000001}, {"time_stamp": 19, "origin": 4, "destination": 4, "demand": 0, "price": 7.279000000000001}, {"time_stamp": 20, "origin": 4, "destination": 4, "demand": 0, "price": 7.279000000000001}, {"time_stamp": 21, "origin": 4, "destination": 4, "demand": 0, "price": 7.279000000000001}, {"time_stamp": 22, "origin": 4, "destination": 4, "demand": 0, "price": 7.279000000000001}, {"time_stamp": 23, "origin": 4, "destination": 4, "demand": 0, "price": 7.279000000000001}], "rebTime": [{"time_stamp": 0, "origin": 0, "destination": 0, "reb_time": 1}, {"time_stamp": 1, "origin": 0, "destination": 0, "reb_time": 1}, {"time_stamp": 2, "origin": 0, "destination": 0, "reb_time": 1}, {"time_stamp": 3, "origin": 0, "destination": 0, "reb_time": 1}, {"time_stamp": 4, "origin": 0, "destination": 0, "reb_time": 1}, {"time_stamp": 5, "origin": 0, "destination": 0, "reb_time": 1}, {"time_stamp": 6, "origin": 0, "destination": 0, "reb_time": 1}, {"time_stamp": 7, "origin": 0, "destination": 0, "reb_time": 1}, {"time_stamp": 8, "origin": 0, "destination": 0, "reb_time": 1}, {"time_stamp": 9, "origin": 0, "destination": 0, "reb_time": 1}, {"time_stamp": 10, "origin": 0, "destination": 0, "reb_time": 1}, {"time_stamp": 11, "origin": 0, "destination": 0, "reb_time": 1}, {"time_stamp": 12, "origin": 0, "destination": 0, "reb_time": 1}, {"time_stamp": 13, "origin": 0, "destination": 0, "reb_time": 1}, {"time_stamp": 14, "origin": 0, "destination": 0, "reb_time": 1}, {"time_stamp": 15, "origin": 0, "destination": 0, "reb_time": 1}, {"time_stamp": 16, "origin": 0, "destination": 0, "reb_time": 1}, {"time_stamp": 17, "origin": 0, "destination": 0, "reb_time": 1}, {"time_stamp": 18, "origin": 0, "destination": 0, "reb_time": 1}, {"time_stamp": 19, "origin": 0, "destination": 0, "reb_time": 1}, {"time_stamp": 20, "origin": 0, "destination": 0, "reb_time": 1}, {"time_stamp": 21, "origin": 0, "destination": 0, "reb_time": 1}, {"time_stamp": 22, "origin": 0, "destination": 0, "reb_time": 1}, {"time_stamp": 23, "origin": 0, "destination": 0, "reb_time": 1}, {"time_stamp": 0, "origin": 0, "destination": 1, "reb_time": 1}, {"time_stamp": 1, "origin": 0, "destination": 1, "reb_time": 1}, {"time_stamp": 2, "origin": 0, "destination": 1, "reb_time": 1}, {"time_stamp": 3, "origin": 0, "destination": 1, "reb_time": 1}, {"time_stamp": 4, "origin": 0, "destination": 1, "reb_time": 1}, {"time_stamp": 5, "origin": 0, "destination": 1, "reb_time": 1}, {"time_stamp": 6, "origin": 0, "destination": 1, "reb_time": 1}, {"time_stamp": 7, "origin": 0, "destination": 1, "reb_time": 1}, {"time_stamp": 8, "origin": 0, "destination": 1, "reb_time": 1}, {"time_stamp": 9, "origin": 0, "destination": 1, "reb_time": 1}, {"time_stamp": 10, "origin": 0, "destination": 1, "reb_time": 1}, {"time_stamp": 11, "origin": 0, "destination": 1, "reb_time": 1}, {"time_stamp": 12, "origin": 0, "destination": 1, "reb_time": 1}, {"time_stamp": 13, "origin": 0, "destination": 1, "reb_time": 1}, {"time_stamp": 14, "origin": 0, "destination": 1, "reb_time": 1}, {"time_stamp": 15, "origin": 0, "destination": 1, "reb_time": 1}, {"time_stamp": 16, "origin": 0, "destination": 1, "reb_time": 1}, {"time_stamp": 17, "origin": 0, "destination": 1, "reb_time": 1}, {"time_stamp": 18, "origin": 0, "destination": 1, "reb_time": 1}, {"time_stamp": 19, "origin": 0, "destination": 1, "reb_time": 1}, {"time_stamp": 20, "origin": 0, "destination": 1, "reb_time": 1}, {"time_stamp": 21, "origin": 0, "destination": 1, "reb_time": 1}, {"time_stamp": 22, "origin": 0, "destination": 1, "reb_time": 1}, {"time_stamp": 23, "origin": 0, "destination": 1, "reb_time": 1}, {"time_stamp": 0, "origin": 0, "destination": 2, "reb_time": 1}, {"time_stamp": 1, "origin": 0, "destination": 2, "reb_time": 1}, {"time_stamp": 2, "origin": 0, "destination": 2, "reb_time": 1}, {"time_stamp": 3, "origin": 0, "destination": 2, "reb_time": 1}, {"time_stamp": 4, "origin": 0, "destination": 2, "reb_time": 1}, {"time_stamp": 5, "origin": 0, "destination": 2, "reb_time": 1}, {"time_stamp": 6, "origin": 0, "destination": 2, "reb_time": 1}, {"time_stamp": 7, "origin": 0, "destination": 2, "reb_time": 1}, {"time_stamp": 8, "origin": 0, "destination": 2, "reb_time": 1}, {"time_stamp": 9, "origin": 0, "destination": 2, "reb_time": 1}, {"time_stamp": 10, "origin": 0, "destination": 2, "reb_time": 2}, {"time_stamp": 11, "origin": 0, "destination": 2, "reb_time": 2}, {"time_stamp": 12, "origin": 0, "destination": 2, "reb_time": 2}, {"time_stamp": 13, "origin": 0, "destination": 2, "reb_time": 2}, {"time_stamp": 14, "origin": 0, "destination": 2, "reb_time": 2}, {"time_stamp": 15, "origin": 0, "destination": 2, "reb_time": 2}, {"time_stamp": 16, "origin": 0, "destination": 2, "reb_time": 2}, {"time_stamp": 17, "origin": 0, "destination": 2, "reb_time": 2}, {"time_stamp": 18, "origin": 0, "destination": 2, "reb_time": 1}, {"time_stamp": 19, "origin": 0, "destination": 2, "reb_time": 1}, {"time_stamp": 20, "origin": 0, "destination": 2, "reb_time": 1}, {"time_stamp": 21, "origin": 0, "destination": 2, "reb_time": 1}, {"time_stamp": 22, "origin": 0, "destination": 2, "reb_time": 1}, {"time_stamp": 23, "origin": 0, "destination": 2, "reb_time": 1}, {"time_stamp": 0, "origin": 0, "destination": 3, "reb_time": 1}, {"time_stamp": 1, "origin": 0, "destination": 3, "reb_time": 1}, {"time_stamp": 2, "origin": 0, "destination": 3, "reb_time": 1}, {"time_stamp": 3, "origin": 0, "destination": 3, "reb_time": 1}, {"time_stamp": 4, "origin": 0, "destination": 3, "reb_time": 1}, {"time_stamp": 5, "origin": 0, "destination": 3, "reb_time": 1}, {"time_stamp": 6, "origin": 0, "destination": 3, "reb_time": 1}, {"time_stamp": 7, "origin": 0, "destination": 3, "reb_time": 1}, {"time_stamp": 8, "origin": 0, "destination": 3, "reb_time": 1}, {"time_stamp": 9, "origin": 0, "destination": 3, "reb_time": 1}, {"time_stamp": 10, "origin": 0, "destination": 3, "reb_time": 1}, {"time_stamp": 11, "origin": 0, "destination": 3, "reb_time": 1}, {"time_stamp": 12, "origin": 0, "destination": 3, "reb_time": 1}, {"time_stamp": 13, "origin": 0, "destination": 3, "reb_time": 1}, {"time_stamp": 14, "origin": 0, "destination": 3, "reb_time": 1}, {"time_stamp": 15, "origin": 0, "destination": 3, "reb_time": 1}, {"time_stamp": 16, "origin": 0, "destination": 3, "reb_time": 1}, {"time_stamp": 17, "origin": 0, "destination": 3, "reb_time": 1}, {"time_stamp": 18, "origin": 0, "destination": 3, "reb_time": 1}, {"time_stamp": 19, "origin": 0, "destination": 3, "reb_time": 1}, {"time_stamp": 20, "origin": 0, "destination": 3, "reb_time": 1}, {"time_stamp": 21, "origin": 0, "destination": 3, "reb_time": 1}, {"time_stamp": 22, "origin": 0, "destination": 3, "reb_time": 1}, {"time_stamp": 23, "origin": 0, "destination": 3, "reb_time": 1}, {"time_stamp": 0, "origin": 0, "destination": 4, "reb_time": 1}, {"time_stamp": 1, "origin": 0, "destination": 4, "reb_time": 1}, {"time_stamp": 2, "origin": 0, "destination": 4, "reb_time": 1}, {"time_stamp": 3, "origin": 0, "destination": 4, "reb_time": 1}, {"time_stamp": 4, "origin": 0, "destination": 4, "reb_time": 1}, {"time_stamp": 5, "origin": 0, "destination": 4, "reb_time": 1}, {"time_stamp": 6, "origin": 0, "destination": 4, "reb_time": 1}, {"time_stamp": 7, "origin": 0, "destination": 4, "reb_time": 1}, {"time_stamp": 8, "origin": 0, "destination": 4, "reb_time": 1}, {"time_stamp": 9, "origin": 0, "destination": 4, "reb_time": 1}, {"time_stamp": 10, "origin": 0, "destination": 4, "reb_time": 1}, {"time_stamp": 11, "origin": 0, "destination": 4, "reb_time": 1}, {"time_stamp": 12, "origin": 0, "destination": 4, "reb_time": 1}, {"time_stamp": 13, "origin": 0, "destination": 4, "reb_time": 1}, {"time_stamp": 14, "origin": 0, "destination": 4, "reb_time": 1}, {"time_stamp": 15, "origin": 0, "destination": 4, "reb_time": 1}, {"time_stamp": 16, "origin": 0, "destination": 4, "reb_time": 1}, {"time_stamp": 17, "origin": 0, "destination": 4, "reb_time": 1}, {"time_stamp": 18, "origin": 0, "destination": 4, "reb_time": 1}, {"time_stamp": 19, "origin": 0, "destination": 4, "reb_time": 1}, {"time_stamp": 20, "origin": 0, "destination": 4, "reb_time": 1}, {"time_stamp": 21, "origin": 0, "destination": 4, "reb_time": 1}, {"time_stamp": 22, "origin": 0, "destination": 4, "reb_time": 1}, {"time_stamp": 23, "origin": 0, "destination": 4, "reb_time": 1}, {"time_stamp": 0, "origin": 1, "destination": 0, "reb_time": 1}, {"time_stamp": 1, "origin": 1, "destination": 0, "reb_time": 1}, {"time_stamp": 2, "origin": 1, "destination": 0, "reb_time": 1}, {"time_stamp": 3, "origin": 1, "destination": 0, "reb_time": 1}, {"time_stamp": 4, "origin": 1, "destination": 0, "reb_time": 1}, {"time_stamp": 5, "origin": 1, "destination": 0, "reb_time": 1}, {"time_stamp": 6, "origin": 1, "destination": 0, "reb_time": 1}, {"time_stamp": 7, "origin": 1, "destination": 0, "reb_time": 1}, {"time_stamp": 8, "origin": 1, "destination": 0, "reb_time": 1}, {"time_stamp": 9, "origin": 1, "destination": 0, "reb_time": 1}, {"time_stamp": 10, "origin": 1, "destination": 0, "reb_time": 1}, {"time_stamp": 11, "origin": 1, "destination": 0, "reb_time": 1}, {"time_stamp": 12, "origin": 1, "destination": 0, "reb_time": 1}, {"time_stamp": 13, "origin": 1, "destination": 0, "reb_time": 1}, {"time_stamp": 14, "origin": 1, "destination": 0, "reb_time": 1}, {"time_stamp": 15, "origin": 1, "destination": 0, "reb_time": 1}, {"time_stamp": 16, "origin": 1, "destination": 0, "reb_time": 1}, {"time_stamp": 17, "origin": 1, "destination": 0, "reb_time": 1}, {"time_stamp": 18, "origin": 1, "destination": 0, "reb_time": 1}, {"time_stamp": 19, "origin": 1, "destination": 0, "reb_time": 1}, {"time_stamp": 20, "origin": 1, "destination": 0, "reb_time": 1}, {"time_stamp": 21, "origin": 1, "destination": 0, "reb_time": 1}, {"time_stamp": 22, "origin": 1, "destination": 0, "reb_time": 1}, {"time_stamp": 23, "origin": 1, "destination": 0, "reb_time": 1}, {"time_stamp": 0, "origin": 1, "destination": 1, "reb_time": 1}, {"time_stamp": 1, "origin": 1, "destination": 1, "reb_time": 1}, {"time_stamp": 2, "origin": 1, "destination": 1, "reb_time": 1}, {"time_stamp": 3, "origin": 1, "destination": 1, "reb_time": 1}, {"time_stamp": 4, "origin": 1, "destination": 1, "reb_time": 1}, {"time_stamp": 5, "origin": 1, "destination": 1, "reb_time": 1}, {"time_stamp": 6, "origin": 1, "destination": 1, "reb_time": 1}, {"time_stamp": 7, "origin": 1, "destination": 1, "reb_time": 1}, {"time_stamp": 8, "origin": 1, "destination": 1, "reb_time": 1}, {"time_stamp": 9, "origin": 1, "destination": 1, "reb_time": 1}, {"time_stamp": 10, "origin": 1, "destination": 1, "reb_time": 1}, {"time_stamp": 11, "origin": 1, "destination": 1, "reb_time": 1}, {"time_stamp": 12, "origin": 1, "destination": 1, "reb_time": 1}, {"time_stamp": 13, "origin": 1, "destination": 1, "reb_time": 1}, {"time_stamp": 14, "origin": 1, "destination": 1, "reb_time": 1}, {"time_stamp": 15, "origin": 1, "destination": 1, "reb_time": 1}, {"time_stamp": 16, "origin": 1, "destination": 1, "reb_time": 1}, {"time_stamp": 17, "origin": 1, "destination": 1, "reb_time": 1}, {"time_stamp": 18, "origin": 1, "destination": 1, "reb_time": 1}, {"time_stamp": 19, "origin": 1, "destination": 1, "reb_time": 1}, {"time_stamp": 20, "origin": 1, "destination": 1, "reb_time": 1}, {"time_stamp": 21, "origin": 1, "destination": 1, "reb_time": 1}, {"time_stamp": 22, "origin": 1, "destination": 1, "reb_time": 1}, {"time_stamp": 23, "origin": 1, "destination": 1, "reb_time": 1}, {"time_stamp": 0, "origin": 1, "destination": 2, "reb_time": 1}, {"time_stamp": 1, "origin": 1, "destination": 2, "reb_time": 1}, {"time_stamp": 2, "origin": 1, "destination": 2, "reb_time": 1}, {"time_stamp": 3, "origin": 1, "destination": 2, "reb_time": 1}, {"time_stamp": 4, "origin": 1, "destination": 2, "reb_time": 1}, {"time_stamp": 5, "origin": 1, "destination": 2, "reb_time": 1}, {"time_stamp": 6, "origin": 1, "destination": 2, "reb_time": 1}, {"time_stamp": 7, "origin": 1, "destination": 2, "reb_time": 1}, {"time_stamp": 8, "origin": 1, "destination": 2, "reb_time": 1}, {"time_stamp": 9, "origin": 1, "destination": 2, "reb_time": 1}, {"time_stamp": 10, "origin": 1, "destination": 2, "reb_time": 1}, {"time_stamp": 11, "origin": 1, "destination": 2, "reb_time": 1}, {"time_stamp": 12, "origin": 1, "destination": 2, "reb_time": 1}, {"time_stamp": 13, "origin": 1, "destination": 2, "reb_time": 1}, {"time_stamp": 14, "origin": 1, "destination": 2, "reb_time": 1}, {"time_stamp": 15, "origin": 1, "destination": 2, "reb_time": 1}, {"time_stamp": 16, "origin": 1, "destination": 2, "reb_time": 1}, {"time_stamp": 17, "origin": 1, "destination": 2, "reb_time": 1}, {"time_stamp": 18, "origin": 1, "destination": 2, "reb_time": 1}, {"time_stamp": 19, "origin": 1, "destination": 2, "reb_time": 1}, {"time_stamp": 20, "origin": 1, "destination": 2, "reb_time": 1}, {"time_stamp": 21, "origin": 1, "destination": 2, "reb_time": 1}, {"time_stamp": 22, "origin": 1, "destination": 2, "reb_time": 1}, {"time_stamp": 23, "origin": 1, "destination": 2, "reb_time": 1}, {"time_stamp": 0, "origin": 1, "destination": 3, "reb_time": 1}, {"time_stamp": 1, "origin": 1, "destination": 3, "reb_time": 1}, {"time_stamp": 2, "origin": 1, "destination": 3, "reb_time": 1}, {"time_stamp": 3, "origin": 1, "destination": 3, "reb_time": 1}, {"time_stamp": 4, "origin": 1, "destination": 3, "reb_time": 1}, {"time_stamp": 5, "origin": 1, "destination": 3, "reb_time": 1}, {"time_stamp": 6, "origin": 1, "destination": 3, "reb_time": 1}, {"time_stamp": 7, "origin": 1, "destination": 3, "reb_time": 1}, {"time_stamp": 8, "origin": 1, "destination": 3, "reb_time": 1}, {"time_stamp": 9, "origin": 1, "destination": 3, "reb_time": 1}, {"time_stamp": 10, "origin": 1, "destination": 3, "reb_time": 1}, {"time_stamp": 11, "origin": 1, "destination": 3, "reb_time": 1}, {"time_stamp": 12, "origin": 1, "destination": 3, "reb_time": 1}, {"time_stamp": 13, "origin": 1, "destination": 3, "reb_time": 1}, {"time_stamp": 14, "origin": 1, "destination": 3, "reb_time": 1}, {"time_stamp": 15, "origin": 1, "destination": 3, "reb_time": 1}, {"time_stamp": 16, "origin": 1, "destination": 3, "reb_time": 1}, {"time_stamp": 17, "origin": 1, "destination": 3, "reb_time": 1}, {"time_stamp": 18, "origin": 1, "destination": 3, "reb_time": 1}, {"time_stamp": 19, "origin": 1, "destination": 3, "reb_time": 1}, {"time_stamp": 20, "origin": 1, "destination": 3, "reb_time": 1}, {"time_stamp": 21, "origin": 1, "destination": 3, "reb_time": 1}, {"time_stamp": 22, "origin": 1, "destination": 3, "reb_time": 1}, {"time_stamp": 23, "origin": 1, "destination": 3, "reb_time": 1}, {"time_stamp": 0, "origin": 1, "destination": 4, "reb_time": 1}, {"time_stamp": 1, "origin": 1, "destination": 4, "reb_time": 1}, {"time_stamp": 2, "origin": 1, "destination": 4, "reb_time": 1}, {"time_stamp": 3, "origin": 1, "destination": 4, "reb_time": 1}, {"time_stamp": 4, "origin": 1, "destination": 4, "reb_time": 1}, {"time_stamp": 5, "origin": 1, "destination": 4, "reb_time": 1}, {"time_stamp": 6, "origin": 1, "destination": 4, "reb_time": 2}, {"time_stamp": 7, "origin": 1, "destination": 4, "reb_time": 2}, {"time_stamp": 8, "origin": 1, "destination": 4, "reb_time": 2}, {"time_stamp": 9, "origin": 1, "destination": 4, "reb_time": 2}, {"time_stamp": 10, "origin": 1, "destination": 4, "reb_time": 2}, {"time_stamp": 11, "origin": 1, "destination": 4, "reb_time": 2}, {"time_stamp": 12, "origin": 1, "destination": 4, "reb_time": 2}, {"time_stamp": 13, "origin": 1, "destination": 4, "reb_time": 2}, {"time_stamp": 14, "origin": 1, "destination": 4, "reb_time": 2}, {"time_stamp": 15, "origin": 1, "destination": 4, "reb_time": 2}, {"time_stamp": 16, "origin": 1, "destination": 4, "reb_time": 2}, {"time_stamp": 17, "origin": 1, "destination": 4, "reb_time": 2}, {"time_stamp": 18, "origin": 1, "destination": 4, "reb_time": 2}, {"time_stamp": 19, "origin": 1, "destination": 4, "reb_time": 2}, {"time_stamp": 20, "origin": 1, "destination": 4, "reb_time": 1}, {"time_stamp": 21, "origin": 1, "destination": 4, "reb_time": 1}, {"time_stamp": 22, "origin": 1, "destination": 4, "reb_time": 1}, {"time_stamp": 23, "origin": 1, "destination": 4, "reb_time": 1}, {"time_stamp": 0, "origin": 2, "destination": 0, "reb_time": 1}, {"time_stamp": 1, "origin": 2, "destination": 0, "reb_time": 1}, {"time_stamp": 2, "origin": 2, "destination": 0, "reb_time": 1}, {"time_stamp": 3, "origin": 2, "destination": 0, "reb_time": 1}, {"time_stamp": 4, "origin": 2, "destination": 0, "reb_time": 1}, {"time_stamp": 5, "origin": 2, "destination": 0, "reb_time": 1}, {"time_stamp": 6, "origin": 2, "destination": 0, "reb_time": 1}, {"time_stamp": 7, "origin": 2, "destination": 0, "reb_time": 1}, {"time_stamp": 8, "origin": 2, "destination": 0, "reb_time": 1}, {"time_stamp": 9, "origin": 2, "destination": 0, "reb_time": 1}, {"time_stamp": 10, "origin": 2, "destination": 0, "reb_time": 2}, {"time_stamp": 11, "origin": 2, "destination": 0, "reb_time": 2}, {"time_stamp": 12, "origin": 2, "destination": 0, "reb_time": 2}, {"time_stamp": 13, "origin": 2, "destination": 0, "reb_time": 2}, {"time_stamp": 14, "origin": 2, "destination": 0, "reb_time": 2}, {"time_stamp": 15, "origin": 2, "destination": 0, "reb_time": 2}, {"time_stamp": 16, "origin": 2, "destination": 0, "reb_time": 2}, {"time_stamp": 17, "origin": 2, "destination": 0, "reb_time": 2}, {"time_stamp": 18, "origin": 2, "destination": 0, "reb_time": 1}, {"time_stamp": 19, "origin": 2, "destination": 0, "reb_time": 1}, {"time_stamp": 20, "origin": 2, "destination": 0, "reb_time": 1}, {"time_stamp": 21, "origin": 2, "destination": 0, "reb_time": 1}, {"time_stamp": 22, "origin": 2, "destination": 0, "reb_time": 1}, {"time_stamp": 23, "origin": 2, "destination": 0, "reb_time": 1}, {"time_stamp": 0, "origin": 2, "destination": 1, "reb_time": 1}, {"time_stamp": 1, "origin": 2, "destination": 1, "reb_time": 1}, {"time_stamp": 2, "origin": 2, "destination": 1, "reb_time": 1}, {"time_stamp": 3, "origin": 2, "destination": 1, "reb_time": 1}, {"time_stamp": 4, "origin": 2, "destination": 1, "reb_time": 1}, {"time_stamp": 5, "origin": 2, "destination": 1, "reb_time": 1}, {"time_stamp": 6, "origin": 2, "destination": 1, "reb_time": 1}, {"time_stamp": 7, "origin": 2, "destination": 1, "reb_time": 1}, {"time_stamp": 8, "origin": 2, "destination": 1, "reb_time": 1}, {"time_stamp": 9, "origin": 2, "destination": 1, "reb_time": 1}, {"time_stamp": 10, "origin": 2, "destination": 1, "reb_time": 1}, {"time_stamp": 11, "origin": 2, "destination": 1, "reb_time": 1}, {"time_stamp": 12, "origin": 2, "destination": 1, "reb_time": 1}, {"time_stamp": 13, "origin": 2, "destination": 1, "reb_time": 1}, {"time_stamp": 14, "origin": 2, "destination": 1, "reb_time": 1}, {"time_stamp": 15, "origin": 2, "destination": 1, "reb_time": 1}, {"time_stamp": 16, "origin": 2, "destination": 1, "reb_time": 1}, {"time_stamp": 17, "origin": 2, "destination": 1, "reb_time": 1}, {"time_stamp": 18, "origin": 2, "destination": 1, "reb_time": 1}, {"time_stamp": 19, "origin": 2, "destination": 1, "reb_time": 1}, {"time_stamp": 20, "origin": 2, "destination": 1, "reb_time": 1}, {"time_stamp": 21, "origin": 2, "destination": 1, "reb_time": 1}, {"time_stamp": 22, "origin": 2, "destination": 1, "reb_time": 1}, {"time_stamp": 23, "origin": 2, "destination": 1, "reb_time": 1}, {"time_stamp": 0, "origin": 2, "destination": 2, "reb_time": 1}, {"time_stamp": 1, "origin": 2, "destination": 2, "reb_time": 1}, {"time_stamp": 2, "origin": 2, "destination": 2, "reb_time": 1}, {"time_stamp": 3, "origin": 2, "destination": 2, "reb_time": 1}, {"time_stamp": 4, "origin": 2, "destination": 2, "reb_time": 1}, {"time_stamp": 5, "origin": 2, "destination": 2, "reb_time": 1}, {"time_stamp": 6, "origin": 2, "destination": 2, "reb_time": 1}, {"time_stamp": 7, "origin": 2, "destination": 2, "reb_time": 1}, {"time_stamp": 8, "origin": 2, "destination": 2, "reb_time": 1}, {"time_stamp": 9, "origin": 2, "destination": 2, "reb_time": 1}, {"time_stamp": 10, "origin": 2, "destination": 2, "reb_time": 1}, {"time_stamp": 11, "origin": 2, "destination": 2, "reb_time": 1}, {"time_stamp": 12, "origin": 2, "destination": 2, "reb_time": 1}, {"time_stamp": 13, "origin": 2, "destination": 2, "reb_time": 1}, {"time_stamp": 14, "origin": 2, "destination": 2, "reb_time": 1}, {"time_stamp": 15, "origin": 2, "destination": 2, "reb_time": 1}, {"time_stamp": 16, "origin": 2, "destination": 2, "reb_time": 1}, {"time_stamp": 17, "origin": 2, "destination": 2, "reb_time": 1}, {"time_stamp": 18, "origin": 2, "destination": 2, "reb_time": 1}, {"time_stamp": 19, "origin": 2, "destination": 2, "reb_time": 1}, {"time_stamp": 20, "origin": 2, "destination": 2, "reb_time": 1}, {"time_stamp": 21, "origin": 2, "destination": 2, "reb_time": 1}, {"time_stamp": 22, "origin": 2, "destination": 2, "reb_time": 1}, {"time_stamp": 23, "origin": 2, "destination": 2, "reb_time": 1}, {"time_stamp": 0, "origin": 2, "destination": 3, "reb_time": 1}, {"time_stamp": 1, "origin": 2, "destination": 3, "reb_time": 1}, {"time_stamp": 2, "origin": 2, "destination": 3, "reb_time": 1}, {"time_stamp": 3, "origin": 2, "destination": 3, "reb_time": 1}, {"time_stamp": 4, "origin": 2, "destination": 3, "reb_time": 1}, {"time_stamp": 5, "origin": 2, "destination": 3, "reb_time": 1}, {"time_stamp": 6, "origin": 2, "destination": 3, "reb_time": 1}, {"time_stamp": 7, "origin": 2, "destination": 3, "reb_time": 1}, {"time_stamp": 8, "origin": 2, "destination": 3, "reb_time": 1}, {"time_stamp": 9, "origin": 2, "destination": 3, "reb_time": 1}, {"time_stamp": 10, "origin": 2, "destination": 3, "reb_time": 1}, {"time_stamp": 11, "origin": 2, "destination": 3, "reb_time": 1}, {"time_stamp": 12, "origin": 2, "destination": 3, "reb_time": 1}, {"time_stamp": 13, "origin": 2, "destination": 3, "reb_time": 1}, {"time_stamp": 14, "origin": 2, "destination": 3, "reb_time": 1}, {"time_stamp": 15, "origin": 2, "destination": 3, "reb_time": 1}, {"time_stamp": 16, "origin": 2, "destination": 3, "reb_time": 1}, {"time_stamp": 17, "origin": 2, "destination": 3, "reb_time": 1}, {"time_stamp": 18, "origin": 2, "destination": 3, "reb_time": 1}, {"time_stamp": 19, "origin": 2, "destination": 3, "reb_time": 1}, {"time_stamp": 20, "origin": 2, "destination": 3, "reb_time": 1}, {"time_stamp": 21, "origin": 2, "destination": 3, "reb_time": 1}, {"time_stamp": 22, "origin": 2, "destination": 3, "reb_time": 1}, {"time_stamp": 23, "origin": 2, "destination": 3, "reb_time": 1}, {"time_stamp": 0, "origin": 2, "destination": 4, "reb_time": 1}, {"time_stamp": 1, "origin": 2, "destination": 4, "reb_time": 1}, {"time_stamp": 2, "origin": 2, "destination": 4, "reb_time": 1}, {"time_stamp": 3, "origin": 2, "destination": 4, "reb_time": 1}, {"time_stamp": 4, "origin": 2, "destination": 4, "reb_time": 1}, {"time_stamp": 5, "origin": 2, "destination": 4, "reb_time": 1}, {"time_stamp": 6, "origin": 2, "destination": 4, "reb_time": 1}, {"time_stamp": 7, "origin": 2, "destination": 4, "reb_time": 1}, {"time_stamp": 8, "origin": 2, "destination": 4, "reb_time": 1}, {"time_stamp": 9, "origin": 2, "destination": 4, "reb_time": 1}, {"time_stamp": 10, "origin": 2, "destination": 4, "reb_time": 1}, {"time_stamp": 11, "origin": 2, "destination": 4, "reb_time": 1}, {"time_stamp": 12, "origin": 2, "destination": 4, "reb_time": 1}, {"time_stamp": 13, "origin": 2, "destination": 4, "reb_time": 1}, {"time_stamp": 14, "origin": 2, "destination": 4, "reb_time": 1}, {"time_stamp": 15, "origin": 2, "destination": 4, "reb_time": 1}, {"time_stamp": 16, "origin": 2, "destination": 4, "reb_time": 1}, {"time_stamp": 17, "origin": 2, "destination": 4, "reb_time": 1}, {"time_stamp": 18, "origin": 2, "destination": 4, "reb_time": 1}, {"time_stamp": 19, "origin": 2, "destination": 4, "reb_time": 1}, {"time_stamp": 20, "origin": 2, "destination": 4, "reb_time": 1}, {"time_stamp": 21, "origin": 2, "destination": 4, "reb_time": 1}, {"time_stamp": 22, "origin": 2, "destination": 4, "reb_time": 1}, {"time_stamp": 23, "origin": 2, "destination": 4, "reb_time": 1}, {"time_stamp": 0, "origin": 3, "destination": 0, "reb_time": 1}, {"time_stamp": 1, "origin": 3, "destination": 0, "reb_time": 1}, {"time_stamp": 2, "origin": 3, "destination": 0, "reb_time": 1}, {"time_stamp": 3, "origin": 3, "destination": 0, "reb_time": 1}, {"time_stamp": 4, "origin": 3, "destination": 0, "reb_time": 1}, {"time_stamp": 5, "origin": 3, "destination": 0, "reb_time": 1}, {"time_stamp": 6, "origin": 3, "destination": 0, "reb_time": 1}, {"time_stamp": 7, "origin": 3, "destination": 0, "reb_time": 1}, {"time_stamp": 8, "origin": 3, "destination": 0, "reb_time": 1}, {"time_stamp": 9, "origin": 3, "destination": 0, "reb_time": 1}, {"time_stamp": 10, "origin": 3, "destination": 0, "reb_time": 1}, {"time_stamp": 11, "origin": 3, "destination": 0, "reb_time": 1}, {"time_stamp": 12, "origin": 3, "destination": 0, "reb_time": 1}, {"time_stamp": 13, "origin": 3, "destination": 0, "reb_time": 1}, {"time_stamp": 14, "origin": 3, "destination": 0, "reb_time": 1}, {"time_stamp": 15, "origin": 3, "destination": 0, "reb_time": 1}, {"time_stamp": 16, "origin": 3, "destination": 0, "reb_time": 1}, {"time_stamp": 17, "origin": 3, "destination": 0, "reb_time": 1}, {"time_stamp": 18, "origin": 3, "destination": 0, "reb_time": 1}, {"time_stamp": 19, "origin": 3, "destination": 0, "reb_time": 1}, {"time_stamp": 20, "origin": 3, "destination": 0, "reb_time": 1}, {"time_stamp": 21, "origin": 3, "destination": 0, "reb_time": 1}, {"time_stamp": 22, "origin": 3, "destination": 0, "reb_time": 1}, {"time_stamp": 23, "origin": 3, "destination": 0, "reb_time": 1}, {"time_stamp": 0, "origin": 3, "destination": 1, "reb_time": 1}, {"time_stamp": 1, "origin": 3, "destination": 1, "reb_time": 1}, {"time_stamp": 2, "origin": 3, "destination": 1, "reb_time": 1}, {"time_stamp": 3, "origin": 3, "destination": 1, "reb_time": 1}, {"time_stamp": 4, "origin": 3, "destination": 1, "reb_time": 1}, {"time_stamp": 5, "origin": 3, "destination": 1, "reb_time": 1}, {"time_stamp": 6, "origin": 3, "destination": 1, "reb_time": 1}, {"time_stamp": 7, "origin": 3, "destination": 1, "reb_time": 1}, {"time_stamp": 8, "origin": 3, "destination": 1, "reb_time": 1}, {"time_stamp": 9, "origin": 3, "destination": 1, "reb_time": 1}, {"time_stamp": 10, "origin": 3, "destination": 1, "reb_time": 1}, {"time_stamp": 11, "origin": 3, "destination": 1, "reb_time": 1}, {"time_stamp": 12, "origin": 3, "destination": 1, "reb_time": 1}, {"time_stamp": 13, "origin": 3, "destination": 1, "reb_time": 1}, {"time_stamp": 14, "origin": 3, "destination": 1, "reb_time": 1}, {"time_stamp": 15, "origin": 3, "destination": 1, "reb_time": 1}, {"time_stamp": 16, "origin": 3, "destination": 1, "reb_time": 1}, {"time_stamp": 17, "origin": 3, "destination": 1, "reb_time": 1}, {"time_stamp": 18, "origin": 3, "destination": 1, "reb_time": 1}, {"time_stamp": 19, "origin": 3, "destination": 1, "reb_time": 1}, {"time_stamp": 20, "origin": 3, "destination": 1, "reb_time": 1}, {"time_stamp": 21, "origin": 3, "destination": 1, "reb_time": 1}, {"time_stamp": 22, "origin": 3, "destination": 1, "reb_time": 1}, {"time_stamp": 23, "origin": 3, "destination": 1, "reb_time": 1}, {"time_stamp": 0, "origin": 3, "destination": 2, "reb_time": 1}, {"time_stamp": 1, "origin": 3, "destination": 2, "reb_time": 1}, {"time_stamp": 2, "origin": 3, "destination": 2, "reb_time": 1}, {"time_stamp": 3, "origin": 3, "destination": 2, "reb_time": 1}, {"time_stamp": 4, "origin": 3, "destination": 2, "reb_time": 1}, {"time_stamp": 5, "origin": 3, "destination": 2, "reb_time": 1}, {"time_stamp": 6, "origin": 3, "destination": 2, "reb_time": 1}, {"time_stamp": 7, "origin": 3, "destination": 2, "reb_time": 1}, {"time_stamp": 8, "origin": 3, "destination": 2, "reb_time": 1}, {"time_stamp": 9, "origin": 3, "destination": 2, "reb_time": 1}, {"time_stamp": 10, "origin": 3, "destination": 2, "reb_time": 1}, {"time_stamp": 11, "origin": 3, "destination": 2, "reb_time": 1}, {"time_stamp": 12, "origin": 3, "destination": 2, "reb_time": 1}, {"time_stamp": 13, "origin": 3, "destination": 2, "reb_time": 1}, {"time_stamp": 14, "origin": 3, "destination": 2, "reb_time": 1}, {"time_stamp": 15, "origin": 3, "destination": 2, "reb_time": 1}, {"time_stamp": 16, "origin": 3, "destination": 2, "reb_time": 1}, {"time_stamp": 17, "origin": 3, "destination": 2, "reb_time": 1}, {"time_stamp": 18, "origin": 3, "destination": 2, "reb_time": 1}, {"time_stamp": 19, "origin": 3, "destination": 2, "reb_time": 1}, {"time_stamp": 20, "origin": 3, "destination": 2, "reb_time": 1}, {"time_stamp": 21, "origin": 3, "destination": 2, "reb_time": 1}, {"time_stamp": 22, "origin": 3, "destination": 2, "reb_time": 1}, {"time_stamp": 23, "origin": 3, "destination": 2, "reb_time": 1}, {"time_stamp": 0, "origin": 3, "destination": 3, "reb_time": 1}, {"time_stamp": 1, "origin": 3, "destination": 3, "reb_time": 1}, {"time_stamp": 2, "origin": 3, "destination": 3, "reb_time": 1}, {"time_stamp": 3, "origin": 3, "destination": 3, "reb_time": 1}, {"time_stamp": 4, "origin": 3, "destination": 3, "reb_time": 1}, {"time_stamp": 5, "origin": 3, "destination": 3, "reb_time": 1}, {"time_stamp": 6, "origin": 3, "destination": 3, "reb_time": 1}, {"time_stamp": 7, "origin": 3, "destination": 3, "reb_time": 1}, {"time_stamp": 8, "origin": 3, "destination": 3, "reb_time": 1}, {"time_stamp": 9, "origin": 3, "destination": 3, "reb_time": 1}, {"time_stamp": 10, "origin": 3, "destination": 3, "reb_time": 1}, {"time_stamp": 11, "origin": 3, "destination": 3, "reb_time": 1}, {"time_stamp": 12, "origin": 3, "destination": 3, "reb_time": 1}, {"time_stamp": 13, "origin": 3, "destination": 3, "reb_time": 1}, {"time_stamp": 14, "origin": 3, "destination": 3, "reb_time": 1}, {"time_stamp": 15, "origin": 3, "destination": 3, "reb_time": 1}, {"time_stamp": 16, "origin": 3, "destination": 3, "reb_time": 1}, {"time_stamp": 17, "origin": 3, "destination": 3, "reb_time": 1}, {"time_stamp": 18, "origin": 3, "destination": 3, "reb_time": 1}, {"time_stamp": 19, "origin": 3, "destination": 3, "reb_time": 1}, {"time_stamp": 20, "origin": 3, "destination": 3, "reb_time": 1}, {"time_stamp": 21, "origin": 3, "destination": 3, "reb_time": 1}, {"time_stamp": 22, "origin": 3, "destination": 3, "reb_time": 1}, {"time_stamp": 23, "origin": 3, "destination": 3, "reb_time": 1}, {"time_stamp": 0, "origin": 3, "destination": 4, "reb_time": 1}, {"time_stamp": 1, "origin": 3, "destination": 4, "reb_time": 1}, {"time_stamp": 2, "origin": 3, "destination": 4, "reb_time": 1}, {"time_stamp": 3, "origin": 3, "destination": 4, "reb_time": 1}, {"time_stamp": 4, "origin": 3, "destination": 4, "reb_time": 1}, {"time_stamp": 5, "origin": 3, "destination": 4, "reb_time": 1}, {"time_stamp": 6, "origin": 3, "destination": 4, "reb_time": 1}, {"time_stamp": 7, "origin": 3, "destination": 4, "reb_time": 1}, {"time_stamp": 8, "origin": 3, "destination": 4, "reb_time": 1}, {"time_stamp": 9, "origin": 3, "destination": 4, "reb_time": 1}, {"time_stamp": 10, "origin": 3, "destination": 4, "reb_time": 1}, {"time_stamp": 11, "origin": 3, "destination": 4, "reb_time": 1}, {"time_stamp": 12, "origin": 3, "destination": 4, "reb_time": 1}, {"time_stamp": 13, "origin": 3, "destination": 4, "reb_time": 1}, {"time_stamp": 14, "origin": 3, "destination": 4, "reb_time": 1}, {"time_stamp": 15, "origin": 3, "destination": 4, "reb_time": 1}, {"time_stamp": 16, "origin": 3, "destination": 4, "reb_time": 1}, {"time_stamp": 17, "origin": 3, "destination": 4, "reb_time": 1}, {"time_stamp": 18, "origin": 3, "destination": 4, "reb_time": 1}, {"time_stamp": 19, "origin": 3, "destination": 4, "reb_time": 1}, {"time_stamp": 20, "origin": 3, "destination": 4, "reb_time": 1}, {"time_stamp": 21, "origin": 3, "destination": 4, "reb_time": 1}, {"time_stamp": 22, "origin": 3, "destination": 4, "reb_time": 1}, {"time_stamp": 23, "origin": 3, "destination": 4, "reb_time": 1}, {"time_stamp": 0, "origin": 4, "destination": 0, "reb_time": 1}, {"time_stamp": 1, "origin": 4, "destination": 0, "reb_time": 1}, {"time_stamp": 2, "origin": 4, "destination": 0, "reb_time": 1}, {"time_stamp": 3, "origin": 4, "destination": 0, "reb_time": 1}, {"time_stamp": 4, "origin": 4, "destination": 0, "reb_time": 1}, {"time_stamp": 5, "origin": 4, "destination": 0, "reb_time": 1}, {"time_stamp": 6, "origin": 4, "destination": 0, "reb_time": 1}, {"time_stamp": 7, "origin": 4, "destination": 0, "reb_time": 1}, {"time_stamp": 8, "origin": 4, "destination": 0, "reb_time": 1}, {"time_stamp": 9, "origin": 4, "destination": 0, "reb_time": 1}, {"time_stamp": 10, "origin": 4, "destination": 0, "reb_time": 1}, {"time_stamp": 11, "origin": 4, "destination": 0, "reb_time": 1}, {"time_stamp": 12, "origin": 4, "destination": 0, "reb_time": 1}, {"time_stamp": 13, "origin": 4, "destination": 0, "reb_time": 1}, {"time_stamp": 14, "origin": 4, "destination": 0, "reb_time": 1}, {"time_stamp": 15, "origin": 4, "destination": 0, "reb_time": 1}, {"time_stamp": 16, "origin": 4, "destination": 0, "reb_time": 1}, {"time_stamp": 17, "origin": 4, "destination": 0, "reb_time": 1}, {"time_stamp": 18, "origin": 4, "destination": 0, "reb_time": 1}, {"time_stamp": 19, "origin": 4, "destination": 0, "reb_time": 1}, {"time_stamp": 20, "origin": 4, "destination": 0, "reb_time": 1}, {"time_stamp": 21, "origin": 4, "destination": 0, "reb_time": 1}, {"time_stamp": 22, "origin": 4, "destination": 0, "reb_time": 1}, {"time_stamp": 23, "origin": 4, "destination": 0, "reb_time": 1}, {"time_stamp": 0, "origin": 4, "destination": 1, "reb_time": 2}, {"time_stamp": 1, "origin": 4, "destination": 1, "reb_time": 2}, {"time_stamp": 2, "origin": 4, "destination": 1, "reb_time": 2}, {"time_stamp": 3, "origin": 4, "destination": 1, "reb_time": 2}, {"time_stamp": 4, "origin": 4, "destination": 1, "reb_time": 2}, {"time_stamp": 5, "origin": 4, "destination": 1, "reb_time": 2}, {"time_stamp": 6, "origin": 4, "destination": 1, "reb_time": 2}, {"time_stamp": 7, "origin": 4, "destination": 1, "reb_time": 2}, {"time_stamp": 8, "origin": 4, "destination": 1, "reb_time": 2}, {"time_stamp": 9, "origin": 4, "destination": 1, "reb_time": 2}, {"time_stamp": 10, "origin": 4, "destination": 1, "reb_time": 2}, {"time_stamp": 11, "origin": 4, "destination": 1, "reb_time": 2}, {"time_stamp": 12, "origin": 4, "destination": 1, "reb_time": 2}, {"time_stamp": 13, "origin": 4, "destination": 1, "reb_time": 2}, {"time_stamp": 14, "origin": 4, "destination": 1, "reb_time": 2}, {"time_stamp": 15, "origin": 4, "destination": 1, "reb_time": 2}, {"time_stamp": 16, "origin": 4, "destination": 1, "reb_time": 2}, {"time_stamp": 17, "origin": 4, "destination": 1, "reb_time": 2}, {"time_stamp": 18, "origin": 4, "destination": 1, "reb_time": 2}, {"time_stamp": 19, "origin": 4, "destination": 1, "reb_time": 2}, {"time_stamp": 20, "origin": 4, "destination": 1, "reb_time": 1}, {"time_stamp": 21, "origin": 4, "destination": 1, "reb_time": 1}, {"time_stamp": 22, "origin": 4, "destination": 1, "reb_time": 1}, {"time_stamp": 23, "origin": 4, "destination": 1, "reb_time": 1}, {"time_stamp": 0, "origin": 4, "destination": 2, "reb_time": 1}, {"time_stamp": 1, "origin": 4, "destination": 2, "reb_time": 1}, {"time_stamp": 2, "origin": 4, "destination": 2, "reb_time": 1}, {"time_stamp": 3, "origin": 4, "destination": 2, "reb_time": 1}, {"time_stamp": 4, "origin": 4, "destination": 2, "reb_time": 1}, {"time_stamp": 5, "origin": 4, "destination": 2, "reb_time": 1}, {"time_stamp": 6, "origin": 4, "destination": 2, "reb_time": 1}, {"time_stamp": 7, "origin": 4, "destination": 2, "reb_time": 1}, {"time_stamp": 8, "origin": 4, "destination": 2, "reb_time": 1}, {"time_stamp": 9, "origin": 4, "destination": 2, "reb_time": 1}, {"time_stamp": 10, "origin": 4, "destination": 2, "reb_time": 1}, {"time_stamp": 11, "origin": 4, "destination": 2, "reb_time": 1}, {"time_stamp": 12, "origin": 4, "destination": 2, "reb_time": 1}, {"time_stamp": 13, "origin": 4, "destination": 2, "reb_time": 1}, {"time_stamp": 14, "origin": 4, "destination": 2, "reb_time": 1}, {"time_stamp": 15, "origin": 4, "destination": 2, "reb_time": 1}, {"time_stamp": 16, "origin": 4, "destination": 2, "reb_time": 1}, {"time_stamp": 17, "origin": 4, "destination": 2, "reb_time": 1}, {"time_stamp": 18, "origin": 4, "destination": 2, "reb_time": 1}, {"time_stamp": 19, "origin": 4, "destination": 2, "reb_time": 1}, {"time_stamp": 20, "origin": 4, "destination": 2, "reb_time": 1}, {"time_stamp": 21, "origin": 4, "destination": 2, "reb_time": 1}, {"time_stamp": 22, "origin": 4, "destination": 2, "reb_time": 1}, {"time_stamp": 23, "origin": 4, "destination": 2, "reb_time": 1}, {"time_stamp": 0, "origin": 4, "destination": 3, "reb_time": 1}, {"time_stamp": 1, "origin": 4, "destination": 3, "reb_time": 1}, {"time_stamp": 2, "origin": 4, "destination": 3, "reb_time": 1}, {"time_stamp": 3, "origin": 4, "destination": 3, "reb_time": 1}, {"time_stamp": 4, "origin": 4, "destination": 3, "reb_time": 1}, {"time_stamp": 5, "origin": 4, "destination": 3, "reb_time": 1}, {"time_stamp": 6, "origin": 4, "destination": 3, "reb_time": 1}, {"time_stamp": 7, "origin": 4, "destination": 3, "reb_time": 1}, {"time_stamp": 8, "origin": 4, "destination": 3, "reb_time": 1}, {"time_stamp": 9, "origin": 4, "destination": 3, "reb_time": 1}, {"time_stamp": 10, "origin": 4, "destination": 3, "reb_time": 1}, {"time_stamp": 11, "origin": 4, "destination": 3, "reb_time": 1}, {"time_stamp": 12, "origin": 4, "destination": 3, "reb_time": 1}, {"time_stamp": 13, "origin": 4, "destination": 3, "reb_time": 1}, {"time_stamp": 14, "origin": 4, "destination": 3, "reb_time": 1}, {"time_stamp": 15, "origin": 4, "destination": 3, "reb_time": 1}, {"time_stamp": 16, "origin": 4, "destination": 3, "reb_time": 1}, {"time_stamp": 17, "origin": 4, "destination": 3, "reb_time": 1}, {"time_stamp": 18, "origin": 4, "destination": 3, "reb_time": 1}, {"time_stamp": 19, "origin": 4, "destination": 3, "reb_time": 1}, {"time_stamp": 20, "origin": 4, "destination": 3, "reb_time": 1}, {"time_stamp": 21, "origin": 4, "destination": 3, "reb_time": 1}, {"time_stamp": 22, "origin": 4, "destination": 3, "reb_time": 1}, {"time_stamp": 23, "origin": 4, "destination": 3, "reb_time": 1}, {"time_stamp": 0, "origin": 4, "destination": 4, "reb_time": 1}, {"time_stamp": 1, "origin": 4, "destination": 4, "reb_time": 1}, {"time_stamp": 2, "origin": 4, "destination": 4, "reb_time": 1}, {"time_stamp": 3, "origin": 4, "destination": 4, "reb_time": 1}, {"time_stamp": 4, "origin": 4, "destination": 4, "reb_time": 1}, {"time_stamp": 5, "origin": 4, "destination": 4, "reb_time": 1}, {"time_stamp": 6, "origin": 4, "destination": 4, "reb_time": 1}, {"time_stamp": 7, "origin": 4, "destination": 4, "reb_time": 1}, {"time_stamp": 8, "origin": 4, "destination": 4, "reb_time": 1}, {"time_stamp": 9, "origin": 4, "destination": 4, "reb_time": 1}, {"time_stamp": 10, "origin": 4, "destination": 4, "reb_time": 1}, {"time_stamp": 11, "origin": 4, "destination": 4, "reb_time": 1}, {"time_stamp": 12, "origin": 4, "destination": 4, "reb_time": 1}, {"time_stamp": 13, "origin": 4, "destination": 4, "reb_time": 1}, {"time_stamp": 14, "origin": 4, "destination": 4, "reb_time": 1}, {"time_stamp": 15, "origin": 4, "destination": 4, "reb_time": 1}, {"time_stamp": 16, "origin": 4, "destination": 4, "reb_time": 1}, {"time_stamp": 17, "origin": 4, "destination": 4, "reb_time": 1}, {"time_stamp": 18, "origin": 4, "destination": 4, "reb_time": 1}, {"time_stamp": 19, "origin": 4, "destination": 4, "reb_time": 1}, {"time_stamp": 20, "origin": 4, "destination": 4, "reb_time": 1}, {"time_stamp": 21, "origin": 4, "destination": 4, "reb_time": 1}, {"time_stamp": 22, "origin": 4, "destination": 4, "reb_time": 1}, {"time_stamp": 23, "origin": 4, "destination": 4, "reb_time": 1}], "totalAcc": [{"hour": 0, "acc": 116616}, {"hour": 1, "acc": 116616}, {"hour": 2, "acc": 116616}, {"hour": 3, "acc": 116616}, {"hour": 4, "acc": 116616}, {"hour": 5, "acc": 116616}, {"hour": 6, "acc": 116616}, {"hour": 7, "acc": 116616}, {"hour": 8, "acc": 116616}, {"hour": 9, "acc": 116616}, {"hour": 10, "acc": 116616}, {"hour": 11, "acc": 116616}, {"hour": 12, "acc": 116616}, {"hour": 13, "acc": 116616}, {"hour": 14, "acc": 116616}, {"hour": 15, "acc": 116616}, {"hour": 16, "acc": 116616}, {"hour": 17, "acc": 116616}, {"hour": 18, "acc": 116616}, {"hour": 19, "acc": 116616}, {"hour": 20, "acc": 116616}, {"hour": 21, "acc": 116616}, {"hour": 22, "acc": 116616}, {"hour": 23, "acc": 116616}], "chargelevels": 26, "spatialNodes": 5, "chargeLevelsPerChargeStep": 16, "episodeLength": 24, "peakHours": [0, 6, 7, 8, 9, 10], "energy_prices": [0.25308, 0.25308, 0.25308, 0.25308, 0.25308, 0.25308, 0.25308, 0.25308, 0.25308, 0.25308, 0.25308, 0.25308, 0.25308, 0.25308, 0.25308, 0.25308, 0.25308, 0.25308, 0.218175, 0.218175, 0.218175, 0.218175, 0.218175, 0.218175], "chargeLocations": [true, true, true, true, true], "carsPerStationCapacity": [575.0, 1472.0, 2124.0, 785.0, 950.0], "timeGranularity": 0.5, "operationalCostPerTimestep": 0.3696}