{"demand": [{"time_stamp": 0, "origin": 0, "destination": 0, "demand": 4, "price": 6.2780000000000005}, {"time_stamp": 1, "origin": 0, "destination": 0, "demand": 9, "price": 6.2780000000000005}, {"time_stamp": 2, "origin": 0, "destination": 0, "demand": 10, "price": 6.2780000000000005}, {"time_stamp": 3, "origin": 0, "destination": 0, "demand": 10, "price": 6.2780000000000005}, {"time_stamp": 4, "origin": 0, "destination": 0, "demand": 12, "price": 6.2780000000000005}, {"time_stamp": 5, "origin": 0, "destination": 0, "demand": 7, "price": 6.2780000000000005}, {"time_stamp": 6, "origin": 0, "destination": 0, "demand": 14, "price": 6.2780000000000005}, {"time_stamp": 7, "origin": 0, "destination": 0, "demand": 18, "price": 6.2780000000000005}, {"time_stamp": 8, "origin": 0, "destination": 0, "demand": 16, "price": 6.2780000000000005}, {"time_stamp": 9, "origin": 0, "destination": 0, "demand": 14, "price": 6.2780000000000005}, {"time_stamp": 10, "origin": 0, "destination": 0, "demand": 12, "price": 6.2780000000000005}, {"time_stamp": 11, "origin": 0, "destination": 0, "demand": 15, "price": 6.2780000000000005}, {"time_stamp": 12, "origin": 0, "destination": 0, "demand": 22, "price": 6.2780000000000005}, {"time_stamp": 13, "origin": 0, "destination": 0, "demand": 18, "price": 6.2780000000000005}, {"time_stamp": 14, "origin": 0, "destination": 0, "demand": 16, "price": 6.2780000000000005}, {"time_stamp": 15, "origin": 0, "destination": 0, "demand": 13, "price": 6.2780000000000005}, {"time_stamp": 0, "origin": 0, "destination": 1, "demand": 43, "price": 6.824000000000001}, {"time_stamp": 1, "origin": 0, "destination": 1, "demand": 38, "price": 6.824000000000001}, {"time_stamp": 2, "origin": 0, "destination": 1, "demand": 38, "price": 6.824000000000001}, {"time_stamp": 3, "origin": 0, "destination": 1, "demand": 27, "price": 6.824000000000001}, {"time_stamp": 4, "origin": 0, "destination": 1, "demand": 24, "price": 6.824000000000001}, {"time_stamp": 5, "origin": 0, "destination": 1, "demand": 37, "price": 6.824000000000001}, {"time_stamp": 6, "origin": 0, "destination": 1, "demand": 32, "price": 6.824000000000001}, {"time_stamp": 7, "origin": 0, "destination": 1, "demand": 46, "price": 6.824000000000001}, {"time_stamp": 8, "origin": 0, "destination": 1, "demand": 50, "price": 6.824000000000001}, {"time_stamp": 9, "origin": 0, "destination": 1, "demand": 57, "price": 6.824000000000001}, {"time_stamp": 10, "origin": 0, "destination": 1, "demand": 65, "price": 6.824000000000001}, {"time_stamp": 11, "origin": 0, "destination": 1, "demand": 82, "price": 6.824000000000001}, {"time_stamp": 12, "origin": 0, "destination": 1, "demand": 77, "price": 6.824000000000001}, {"time_stamp": 13, "origin": 0, "destination": 1, "demand": 82, "price": 6.824000000000001}, {"time_stamp": 14, "origin": 0, "destination": 1, "demand": 67, "price": 6.824000000000001}, {"time_stamp": 15, "origin": 0, "destination": 1, "demand": 57, "price": 6.824000000000001}, {"time_stamp": 0, "origin": 0, "destination": 2, "demand": 14, "price": 9.190000000000001}, {"time_stamp": 1, "origin": 0, "destination": 2, "demand": 13, "price": 9.190000000000001}, {"time_stamp": 2, "origin": 0, "destination": 2, "demand": 24, "price": 9.190000000000001}, {"time_stamp": 3, "origin": 0, "destination": 2, "demand": 17, "price": 9.190000000000001}, {"time_stamp": 4, "origin": 0, "destination": 2, "demand": 24, "price": 9.190000000000001}, {"time_stamp": 5, "origin": 0, "destination": 2, "demand": 16, "price": 9.190000000000001}, {"time_stamp": 6, "origin": 0, "destination": 2, "demand": 16, "price": 9.190000000000001}, {"time_stamp": 7, "origin": 0, "destination": 2, "demand": 23, "price": 9.190000000000001}, {"time_stamp": 8, "origin": 0, "destination": 2, "demand": 36, "price": 9.190000000000001}, {"time_stamp": 9, "origin": 0, "destination": 2, "demand": 39, "price": 9.190000000000001}, {"time_stamp": 10, "origin": 0, "destination": 2, "demand": 48, "price": 9.190000000000001}, {"time_stamp": 11, "origin": 0, "destination": 2, "demand": 39, "price": 9.190000000000001}, {"time_stamp": 12, "origin": 0, "destination": 2, "demand": 44, "price": 9.190000000000001}, {"time_stamp": 13, "origin": 0, "destination": 2, "demand": 34, "price": 9.190000000000001}, {"time_stamp": 14, "origin": 0, "destination": 2, "demand": 44, "price": 9.190000000000001}, {"time_stamp": 15, "origin": 0, "destination": 2, "demand": 26, "price": 9.190000000000001}, {"time_stamp": 0, "origin": 0, "destination": 3, "demand": 3, "price": 10.828}, {"time_stamp": 1, "origin": 0, "destination": 3, "demand": 4, "price": 10.828}, {"time_stamp": 2, "origin": 0, "destination": 3, "demand": 3, "price": 10.828}, {"time_stamp": 3, "origin": 0, "destination": 3, "demand": 1, "price": 10.828}, {"time_stamp": 4, "origin": 0, "destination": 3, "demand": 2, "price": 10.828}, {"time_stamp": 5, "origin": 0, "destination": 3, "demand": 0, "price": 10.828}, {"time_stamp": 6, "origin": 0, "destination": 3, "demand": 3, "price": 10.828}, {"time_stamp": 7, "origin": 0, "destination": 3, "demand": 1, "price": 10.828}, {"time_stamp": 8, "origin": 0, "destination": 3, "demand": 14, "price": 10.828}, {"time_stamp": 9, "origin": 0, "destination": 3, "demand": 12, "price": 10.828}, {"time_stamp": 10, "origin": 0, "destination": 3, "demand": 9, "price": 10.828}, {"time_stamp": 11, "origin": 0, "destination": 3, "demand": 22, "price": 10.828}, {"time_stamp": 12, "origin": 0, "destination": 3, "demand": 13, "price": 10.828}, {"time_stamp": 13, "origin": 0, "destination": 3, "demand": 12, "price": 10.828}, {"time_stamp": 14, "origin": 0, "destination": 3, "demand": 10, "price": 10.828}, {"time_stamp": 15, "origin": 0, "destination": 3, "demand": 9, "price": 10.828}, {"time_stamp": 0, "origin": 0, "destination": 4, "demand": 7, "price": 11.829}, {"time_stamp": 1, "origin": 0, "destination": 4, "demand": 4, "price": 11.829}, {"time_stamp": 2, "origin": 0, "destination": 4, "demand": 7, "price": 11.829}, {"time_stamp": 3, "origin": 0, "destination": 4, "demand": 7, "price": 11.829}, {"time_stamp": 4, "origin": 0, "destination": 4, "demand": 5, "price": 11.829}, {"time_stamp": 5, "origin": 0, "destination": 4, "demand": 7, "price": 11.829}, {"time_stamp": 6, "origin": 0, "destination": 4, "demand": 14, "price": 11.829}, {"time_stamp": 7, "origin": 0, "destination": 4, "demand": 10, "price": 11.829}, {"time_stamp": 8, "origin": 0, "destination": 4, "demand": 14, "price": 11.829}, {"time_stamp": 9, "origin": 0, "destination": 4, "demand": 12, "price": 11.829}, {"time_stamp": 10, "origin": 0, "destination": 4, "demand": 18, "price": 11.829}, {"time_stamp": 11, "origin": 0, "destination": 4, "demand": 17, "price": 11.829}, {"time_stamp": 12, "origin": 0, "destination": 4, "demand": 19, "price": 11.829}, {"time_stamp": 13, "origin": 0, "destination": 4, "demand": 20, "price": 11.829}, {"time_stamp": 14, "origin": 0, "destination": 4, "demand": 20, "price": 11.829}, {"time_stamp": 15, "origin": 0, "destination": 4, "demand": 12, "price": 11.829}, {"time_stamp": 0, "origin": 1, "destination": 0, "demand": 29, "price": 6.824000000000001}, {"time_stamp": 1, "origin": 1, "destination": 0, "demand": 34, "price": 6.824000000000001}, {"time_stamp": 2, "origin": 1, "destination": 0, "demand": 22, "price": 6.824000000000001}, {"time_stamp": 3, "origin": 1, "destination": 0, "demand": 35, "price": 6.824000000000001}, {"time_stamp": 4, "origin": 1, "destination": 0, "demand": 27, "price": 6.824000000000001}, {"time_stamp": 5, "origin": 1, "destination": 0, "demand": 34, "price": 6.824000000000001}, {"time_stamp": 6, "origin": 1, "destination": 0, "demand": 38, "price": 6.824000000000001}, {"time_stamp": 7, "origin": 1, "destination": 0, "demand": 37, "price": 6.824000000000001}, {"time_stamp": 8, "origin": 1, "destination": 0, "demand": 41, "price": 6.824000000000001}, {"time_stamp": 9, "origin": 1, "destination": 0, "demand": 42, "price": 6.824000000000001}, {"time_stamp": 10, "origin": 1, "destination": 0, "demand": 34, "price": 6.824000000000001}, {"time_stamp": 11, "origin": 1, "destination": 0, "demand": 34, "price": 6.824000000000001}, {"time_stamp": 12, "origin": 1, "destination": 0, "demand": 46, "price": 6.824000000000001}, {"time_stamp": 13, "origin": 1, "destination": 0, "demand": 48, "price": 6.824000000000001}, {"time_stamp": 14, "origin": 1, "destination": 0, "demand": 62, "price": 6.824000000000001}, {"time_stamp": 15, "origin": 1, "destination": 0, "demand": 56, "price": 6.824000000000001}, {"time_stamp": 0, "origin": 1, "destination": 1, "demand": 92, "price": 6.2780000000000005}, {"time_stamp": 1, "origin": 1, "destination": 1, "demand": 107, "price": 6.2780000000000005}, {"time_stamp": 2, "origin": 1, "destination": 1, "demand": 68, "price": 6.2780000000000005}, {"time_stamp": 3, "origin": 1, "destination": 1, "demand": 100, "price": 6.2780000000000005}, {"time_stamp": 4, "origin": 1, "destination": 1, "demand": 100, "price": 6.2780000000000005}, {"time_stamp": 5, "origin": 1, "destination": 1, "demand": 118, "price": 6.2780000000000005}, {"time_stamp": 6, "origin": 1, "destination": 1, "demand": 97, "price": 6.2780000000000005}, {"time_stamp": 7, "origin": 1, "destination": 1, "demand": 111, "price": 6.2780000000000005}, {"time_stamp": 8, "origin": 1, "destination": 1, "demand": 106, "price": 6.2780000000000005}, {"time_stamp": 9, "origin": 1, "destination": 1, "demand": 137, "price": 6.2780000000000005}, {"time_stamp": 10, "origin": 1, "destination": 1, "demand": 135, "price": 6.2780000000000005}, {"time_stamp": 11, "origin": 1, "destination": 1, "demand": 179, "price": 6.2780000000000005}, {"time_stamp": 12, "origin": 1, "destination": 1, "demand": 143, "price": 6.2780000000000005}, {"time_stamp": 13, "origin": 1, "destination": 1, "demand": 175, "price": 6.2780000000000005}, {"time_stamp": 14, "origin": 1, "destination": 1, "demand": 166, "price": 6.2780000000000005}, {"time_stamp": 15, "origin": 1, "destination": 1, "demand": 184, "price": 6.2780000000000005}, {"time_stamp": 0, "origin": 1, "destination": 2, "demand": 64, "price": 7.006000000000001}, {"time_stamp": 1, "origin": 1, "destination": 2, "demand": 71, "price": 7.006000000000001}, {"time_stamp": 2, "origin": 1, "destination": 2, "demand": 66, "price": 7.006000000000001}, {"time_stamp": 3, "origin": 1, "destination": 2, "demand": 84, "price": 7.006000000000001}, {"time_stamp": 4, "origin": 1, "destination": 2, "demand": 67, "price": 7.006000000000001}, {"time_stamp": 5, "origin": 1, "destination": 2, "demand": 77, "price": 7.006000000000001}, {"time_stamp": 6, "origin": 1, "destination": 2, "demand": 78, "price": 7.006000000000001}, {"time_stamp": 7, "origin": 1, "destination": 2, "demand": 66, "price": 7.006000000000001}, {"time_stamp": 8, "origin": 1, "destination": 2, "demand": 79, "price": 7.006000000000001}, {"time_stamp": 9, "origin": 1, "destination": 2, "demand": 94, "price": 7.006000000000001}, {"time_stamp": 10, "origin": 1, "destination": 2, "demand": 110, "price": 7.006000000000001}, {"time_stamp": 11, "origin": 1, "destination": 2, "demand": 104, "price": 7.006000000000001}, {"time_stamp": 12, "origin": 1, "destination": 2, "demand": 105, "price": 7.006000000000001}, {"time_stamp": 13, "origin": 1, "destination": 2, "demand": 131, "price": 7.006000000000001}, {"time_stamp": 14, "origin": 1, "destination": 2, "demand": 93, "price": 7.006000000000001}, {"time_stamp": 15, "origin": 1, "destination": 2, "demand": 105, "price": 7.006000000000001}, {"time_stamp": 0, "origin": 1, "destination": 3, "demand": 14, "price": 9.372}, {"time_stamp": 1, "origin": 1, "destination": 3, "demand": 12, "price": 9.372}, {"time_stamp": 2, "origin": 1, "destination": 3, "demand": 14, "price": 9.372}, {"time_stamp": 3, "origin": 1, "destination": 3, "demand": 7, "price": 9.372}, {"time_stamp": 4, "origin": 1, "destination": 3, "demand": 16, "price": 9.372}, {"time_stamp": 5, "origin": 1, "destination": 3, "demand": 11, "price": 9.372}, {"time_stamp": 6, "origin": 1, "destination": 3, "demand": 18, "price": 9.372}, {"time_stamp": 7, "origin": 1, "destination": 3, "demand": 18, "price": 9.372}, {"time_stamp": 8, "origin": 1, "destination": 3, "demand": 8, "price": 9.372}, {"time_stamp": 9, "origin": 1, "destination": 3, "demand": 21, "price": 9.372}, {"time_stamp": 10, "origin": 1, "destination": 3, "demand": 23, "price": 9.372}, {"time_stamp": 11, "origin": 1, "destination": 3, "demand": 29, "price": 9.372}, {"time_stamp": 12, "origin": 1, "destination": 3, "demand": 31, "price": 9.372}, {"time_stamp": 13, "origin": 1, "destination": 3, "demand": 33, "price": 9.372}, {"time_stamp": 14, "origin": 1, "destination": 3, "demand": 24, "price": 9.372}, {"time_stamp": 15, "origin": 1, "destination": 3, "demand": 26, "price": 9.372}, {"time_stamp": 0, "origin": 1, "destination": 4, "demand": 33, "price": 10.100000000000001}, {"time_stamp": 1, "origin": 1, "destination": 4, "demand": 19, "price": 10.100000000000001}, {"time_stamp": 2, "origin": 1, "destination": 4, "demand": 30, "price": 10.100000000000001}, {"time_stamp": 3, "origin": 1, "destination": 4, "demand": 31, "price": 10.100000000000001}, {"time_stamp": 4, "origin": 1, "destination": 4, "demand": 24, "price": 10.100000000000001}, {"time_stamp": 5, "origin": 1, "destination": 4, "demand": 28, "price": 10.100000000000001}, {"time_stamp": 6, "origin": 1, "destination": 4, "demand": 26, "price": 10.100000000000001}, {"time_stamp": 7, "origin": 1, "destination": 4, "demand": 24, "price": 10.100000000000001}, {"time_stamp": 8, "origin": 1, "destination": 4, "demand": 34, "price": 10.100000000000001}, {"time_stamp": 9, "origin": 1, "destination": 4, "demand": 27, "price": 10.100000000000001}, {"time_stamp": 10, "origin": 1, "destination": 4, "demand": 36, "price": 10.100000000000001}, {"time_stamp": 11, "origin": 1, "destination": 4, "demand": 50, "price": 10.100000000000001}, {"time_stamp": 12, "origin": 1, "destination": 4, "demand": 46, "price": 10.100000000000001}, {"time_stamp": 13, "origin": 1, "destination": 4, "demand": 28, "price": 10.100000000000001}, {"time_stamp": 14, "origin": 1, "destination": 4, "demand": 34, "price": 10.100000000000001}, {"time_stamp": 15, "origin": 1, "destination": 4, "demand": 42, "price": 10.100000000000001}, {"time_stamp": 0, "origin": 2, "destination": 0, "demand": 15, "price": 9.190000000000001}, {"time_stamp": 1, "origin": 2, "destination": 0, "demand": 17, "price": 9.190000000000001}, {"time_stamp": 2, "origin": 2, "destination": 0, "demand": 12, "price": 9.190000000000001}, {"time_stamp": 3, "origin": 2, "destination": 0, "demand": 23, "price": 9.190000000000001}, {"time_stamp": 4, "origin": 2, "destination": 0, "demand": 21, "price": 9.190000000000001}, {"time_stamp": 5, "origin": 2, "destination": 0, "demand": 19, "price": 9.190000000000001}, {"time_stamp": 6, "origin": 2, "destination": 0, "demand": 14, "price": 9.190000000000001}, {"time_stamp": 7, "origin": 2, "destination": 0, "demand": 21, "price": 9.190000000000001}, {"time_stamp": 8, "origin": 2, "destination": 0, "demand": 14, "price": 9.190000000000001}, {"time_stamp": 9, "origin": 2, "destination": 0, "demand": 13, "price": 9.190000000000001}, {"time_stamp": 10, "origin": 2, "destination": 0, "demand": 33, "price": 9.190000000000001}, {"time_stamp": 11, "origin": 2, "destination": 0, "demand": 21, "price": 9.190000000000001}, {"time_stamp": 12, "origin": 2, "destination": 0, "demand": 36, "price": 9.190000000000001}, {"time_stamp": 13, "origin": 2, "destination": 0, "demand": 28, "price": 9.190000000000001}, {"time_stamp": 14, "origin": 2, "destination": 0, "demand": 28, "price": 9.190000000000001}, {"time_stamp": 15, "origin": 2, "destination": 0, "demand": 29, "price": 9.190000000000001}, {"time_stamp": 0, "origin": 2, "destination": 1, "demand": 101, "price": 7.006000000000001}, {"time_stamp": 1, "origin": 2, "destination": 1, "demand": 65, "price": 7.006000000000001}, {"time_stamp": 2, "origin": 2, "destination": 1, "demand": 66, "price": 7.006000000000001}, {"time_stamp": 3, "origin": 2, "destination": 1, "demand": 98, "price": 7.006000000000001}, {"time_stamp": 4, "origin": 2, "destination": 1, "demand": 52, "price": 7.006000000000001}, {"time_stamp": 5, "origin": 2, "destination": 1, "demand": 75, "price": 7.006000000000001}, {"time_stamp": 6, "origin": 2, "destination": 1, "demand": 75, "price": 7.006000000000001}, {"time_stamp": 7, "origin": 2, "destination": 1, "demand": 86, "price": 7.006000000000001}, {"time_stamp": 8, "origin": 2, "destination": 1, "demand": 89, "price": 7.006000000000001}, {"time_stamp": 9, "origin": 2, "destination": 1, "demand": 102, "price": 7.006000000000001}, {"time_stamp": 10, "origin": 2, "destination": 1, "demand": 123, "price": 7.006000000000001}, {"time_stamp": 11, "origin": 2, "destination": 1, "demand": 142, "price": 7.006000000000001}, {"time_stamp": 12, "origin": 2, "destination": 1, "demand": 159, "price": 7.006000000000001}, {"time_stamp": 13, "origin": 2, "destination": 1, "demand": 170, "price": 7.006000000000001}, {"time_stamp": 14, "origin": 2, "destination": 1, "demand": 142, "price": 7.006000000000001}, {"time_stamp": 15, "origin": 2, "destination": 1, "demand": 124, "price": 7.006000000000001}, {"time_stamp": 0, "origin": 2, "destination": 2, "demand": 53, "price": 6.187}, {"time_stamp": 1, "origin": 2, "destination": 2, "demand": 58, "price": 6.187}, {"time_stamp": 2, "origin": 2, "destination": 2, "demand": 52, "price": 6.187}, {"time_stamp": 3, "origin": 2, "destination": 2, "demand": 54, "price": 6.187}, {"time_stamp": 4, "origin": 2, "destination": 2, "demand": 66, "price": 6.187}, {"time_stamp": 5, "origin": 2, "destination": 2, "demand": 59, "price": 6.187}, {"time_stamp": 6, "origin": 2, "destination": 2, "demand": 57, "price": 6.187}, {"time_stamp": 7, "origin": 2, "destination": 2, "demand": 66, "price": 6.187}, {"time_stamp": 8, "origin": 2, "destination": 2, "demand": 76, "price": 6.187}, {"time_stamp": 9, "origin": 2, "destination": 2, "demand": 75, "price": 6.187}, {"time_stamp": 10, "origin": 2, "destination": 2, "demand": 79, "price": 6.187}, {"time_stamp": 11, "origin": 2, "destination": 2, "demand": 87, "price": 6.187}, {"time_stamp": 12, "origin": 2, "destination": 2, "demand": 76, "price": 6.187}, {"time_stamp": 13, "origin": 2, "destination": 2, "demand": 90, "price": 6.187}, {"time_stamp": 14, "origin": 2, "destination": 2, "demand": 73, "price": 6.187}, {"time_stamp": 15, "origin": 2, "destination": 2, "demand": 65, "price": 6.187}, {"time_stamp": 0, "origin": 2, "destination": 3, "demand": 13, "price": 8.371}, {"time_stamp": 1, "origin": 2, "destination": 3, "demand": 15, "price": 8.371}, {"time_stamp": 2, "origin": 2, "destination": 3, "demand": 17, "price": 8.371}, {"time_stamp": 3, "origin": 2, "destination": 3, "demand": 14, "price": 8.371}, {"time_stamp": 4, "origin": 2, "destination": 3, "demand": 22, "price": 8.371}, {"time_stamp": 5, "origin": 2, "destination": 3, "demand": 18, "price": 8.371}, {"time_stamp": 6, "origin": 2, "destination": 3, "demand": 25, "price": 8.371}, {"time_stamp": 7, "origin": 2, "destination": 3, "demand": 20, "price": 8.371}, {"time_stamp": 8, "origin": 2, "destination": 3, "demand": 18, "price": 8.371}, {"time_stamp": 9, "origin": 2, "destination": 3, "demand": 17, "price": 8.371}, {"time_stamp": 10, "origin": 2, "destination": 3, "demand": 34, "price": 8.371}, {"time_stamp": 11, "origin": 2, "destination": 3, "demand": 25, "price": 8.371}, {"time_stamp": 12, "origin": 2, "destination": 3, "demand": 27, "price": 8.371}, {"time_stamp": 13, "origin": 2, "destination": 3, "demand": 28, "price": 8.371}, {"time_stamp": 14, "origin": 2, "destination": 3, "demand": 32, "price": 8.371}, {"time_stamp": 15, "origin": 2, "destination": 3, "demand": 25, "price": 8.371}, {"time_stamp": 0, "origin": 2, "destination": 4, "demand": 35, "price": 7.734}, {"time_stamp": 1, "origin": 2, "destination": 4, "demand": 39, "price": 7.734}, {"time_stamp": 2, "origin": 2, "destination": 4, "demand": 27, "price": 7.734}, {"time_stamp": 3, "origin": 2, "destination": 4, "demand": 44, "price": 7.734}, {"time_stamp": 4, "origin": 2, "destination": 4, "demand": 37, "price": 7.734}, {"time_stamp": 5, "origin": 2, "destination": 4, "demand": 30, "price": 7.734}, {"time_stamp": 6, "origin": 2, "destination": 4, "demand": 47, "price": 7.734}, {"time_stamp": 7, "origin": 2, "destination": 4, "demand": 34, "price": 7.734}, {"time_stamp": 8, "origin": 2, "destination": 4, "demand": 44, "price": 7.734}, {"time_stamp": 9, "origin": 2, "destination": 4, "demand": 56, "price": 7.734}, {"time_stamp": 10, "origin": 2, "destination": 4, "demand": 49, "price": 7.734}, {"time_stamp": 11, "origin": 2, "destination": 4, "demand": 70, "price": 7.734}, {"time_stamp": 12, "origin": 2, "destination": 4, "demand": 71, "price": 7.734}, {"time_stamp": 13, "origin": 2, "destination": 4, "demand": 49, "price": 7.734}, {"time_stamp": 14, "origin": 2, "destination": 4, "demand": 54, "price": 7.734}, {"time_stamp": 15, "origin": 2, "destination": 4, "demand": 51, "price": 7.734}, {"time_stamp": 0, "origin": 3, "destination": 0, "demand": 1, "price": 10.919}, {"time_stamp": 1, "origin": 3, "destination": 0, "demand": 3, "price": 10.919}, {"time_stamp": 2, "origin": 3, "destination": 0, "demand": 5, "price": 10.919}, {"time_stamp": 3, "origin": 3, "destination": 0, "demand": 4, "price": 10.919}, {"time_stamp": 4, "origin": 3, "destination": 0, "demand": 4, "price": 10.919}, {"time_stamp": 5, "origin": 3, "destination": 0, "demand": 2, "price": 10.919}, {"time_stamp": 6, "origin": 3, "destination": 0, "demand": 3, "price": 10.919}, {"time_stamp": 7, "origin": 3, "destination": 0, "demand": 2, "price": 10.919}, {"time_stamp": 8, "origin": 3, "destination": 0, "demand": 1, "price": 10.919}, {"time_stamp": 9, "origin": 3, "destination": 0, "demand": 3, "price": 10.919}, {"time_stamp": 10, "origin": 3, "destination": 0, "demand": 7, "price": 10.919}, {"time_stamp": 11, "origin": 3, "destination": 0, "demand": 2, "price": 10.919}, {"time_stamp": 12, "origin": 3, "destination": 0, "demand": 6, "price": 10.919}, {"time_stamp": 13, "origin": 3, "destination": 0, "demand": 4, "price": 10.919}, {"time_stamp": 14, "origin": 3, "destination": 0, "demand": 7, "price": 10.919}, {"time_stamp": 15, "origin": 3, "destination": 0, "demand": 5, "price": 10.919}, {"time_stamp": 0, "origin": 3, "destination": 1, "demand": 20, "price": 9.372}, {"time_stamp": 1, "origin": 3, "destination": 1, "demand": 14, "price": 9.372}, {"time_stamp": 2, "origin": 3, "destination": 1, "demand": 22, "price": 9.372}, {"time_stamp": 3, "origin": 3, "destination": 1, "demand": 10, "price": 9.372}, {"time_stamp": 4, "origin": 3, "destination": 1, "demand": 11, "price": 9.372}, {"time_stamp": 5, "origin": 3, "destination": 1, "demand": 22, "price": 9.372}, {"time_stamp": 6, "origin": 3, "destination": 1, "demand": 21, "price": 9.372}, {"time_stamp": 7, "origin": 3, "destination": 1, "demand": 18, "price": 9.372}, {"time_stamp": 8, "origin": 3, "destination": 1, "demand": 15, "price": 9.372}, {"time_stamp": 9, "origin": 3, "destination": 1, "demand": 20, "price": 9.372}, {"time_stamp": 10, "origin": 3, "destination": 1, "demand": 29, "price": 9.372}, {"time_stamp": 11, "origin": 3, "destination": 1, "demand": 28, "price": 9.372}, {"time_stamp": 12, "origin": 3, "destination": 1, "demand": 34, "price": 9.372}, {"time_stamp": 13, "origin": 3, "destination": 1, "demand": 25, "price": 9.372}, {"time_stamp": 14, "origin": 3, "destination": 1, "demand": 32, "price": 9.372}, {"time_stamp": 15, "origin": 3, "destination": 1, "demand": 20, "price": 9.372}, {"time_stamp": 0, "origin": 3, "destination": 2, "demand": 20, "price": 8.280000000000001}, {"time_stamp": 1, "origin": 3, "destination": 2, "demand": 18, "price": 8.280000000000001}, {"time_stamp": 2, "origin": 3, "destination": 2, "demand": 27, "price": 8.280000000000001}, {"time_stamp": 3, "origin": 3, "destination": 2, "demand": 19, "price": 8.280000000000001}, {"time_stamp": 4, "origin": 3, "destination": 2, "demand": 24, "price": 8.280000000000001}, {"time_stamp": 5, "origin": 3, "destination": 2, "demand": 19, "price": 8.280000000000001}, {"time_stamp": 6, "origin": 3, "destination": 2, "demand": 18, "price": 8.280000000000001}, {"time_stamp": 7, "origin": 3, "destination": 2, "demand": 20, "price": 8.280000000000001}, {"time_stamp": 8, "origin": 3, "destination": 2, "demand": 17, "price": 8.280000000000001}, {"time_stamp": 9, "origin": 3, "destination": 2, "demand": 25, "price": 8.280000000000001}, {"time_stamp": 10, "origin": 3, "destination": 2, "demand": 17, "price": 8.280000000000001}, {"time_stamp": 11, "origin": 3, "destination": 2, "demand": 23, "price": 8.280000000000001}, {"time_stamp": 12, "origin": 3, "destination": 2, "demand": 23, "price": 8.280000000000001}, {"time_stamp": 13, "origin": 3, "destination": 2, "demand": 12, "price": 8.280000000000001}, {"time_stamp": 14, "origin": 3, "destination": 2, "demand": 23, "price": 8.280000000000001}, {"time_stamp": 15, "origin": 3, "destination": 2, "demand": 13, "price": 8.280000000000001}, {"time_stamp": 0, "origin": 3, "destination": 3, "demand": 45, "price": 6.2780000000000005}, {"time_stamp": 1, "origin": 3, "destination": 3, "demand": 40, "price": 6.2780000000000005}, {"time_stamp": 2, "origin": 3, "destination": 3, "demand": 46, "price": 6.2780000000000005}, {"time_stamp": 3, "origin": 3, "destination": 3, "demand": 36, "price": 6.2780000000000005}, {"time_stamp": 4, "origin": 3, "destination": 3, "demand": 38, "price": 6.2780000000000005}, {"time_stamp": 5, "origin": 3, "destination": 3, "demand": 52, "price": 6.2780000000000005}, {"time_stamp": 6, "origin": 3, "destination": 3, "demand": 49, "price": 6.2780000000000005}, {"time_stamp": 7, "origin": 3, "destination": 3, "demand": 35, "price": 6.2780000000000005}, {"time_stamp": 8, "origin": 3, "destination": 3, "demand": 47, "price": 6.2780000000000005}, {"time_stamp": 9, "origin": 3, "destination": 3, "demand": 51, "price": 6.2780000000000005}, {"time_stamp": 10, "origin": 3, "destination": 3, "demand": 47, "price": 6.2780000000000005}, {"time_stamp": 11, "origin": 3, "destination": 3, "demand": 52, "price": 6.2780000000000005}, {"time_stamp": 12, "origin": 3, "destination": 3, "demand": 63, "price": 6.2780000000000005}, {"time_stamp": 13, "origin": 3, "destination": 3, "demand": 59, "price": 6.2780000000000005}, {"time_stamp": 14, "origin": 3, "destination": 3, "demand": 54, "price": 6.2780000000000005}, {"time_stamp": 15, "origin": 3, "destination": 3, "demand": 45, "price": 6.2780000000000005}, {"time_stamp": 0, "origin": 3, "destination": 4, "demand": 53, "price": 7.006000000000001}, {"time_stamp": 1, "origin": 3, "destination": 4, "demand": 49, "price": 7.006000000000001}, {"time_stamp": 2, "origin": 3, "destination": 4, "demand": 40, "price": 7.006000000000001}, {"time_stamp": 3, "origin": 3, "destination": 4, "demand": 53, "price": 7.006000000000001}, {"time_stamp": 4, "origin": 3, "destination": 4, "demand": 64, "price": 7.006000000000001}, {"time_stamp": 5, "origin": 3, "destination": 4, "demand": 41, "price": 7.006000000000001}, {"time_stamp": 6, "origin": 3, "destination": 4, "demand": 72, "price": 7.006000000000001}, {"time_stamp": 7, "origin": 3, "destination": 4, "demand": 54, "price": 7.006000000000001}, {"time_stamp": 8, "origin": 3, "destination": 4, "demand": 64, "price": 7.006000000000001}, {"time_stamp": 9, "origin": 3, "destination": 4, "demand": 43, "price": 7.006000000000001}, {"time_stamp": 10, "origin": 3, "destination": 4, "demand": 55, "price": 7.006000000000001}, {"time_stamp": 11, "origin": 3, "destination": 4, "demand": 57, "price": 7.006000000000001}, {"time_stamp": 12, "origin": 3, "destination": 4, "demand": 70, "price": 7.006000000000001}, {"time_stamp": 13, "origin": 3, "destination": 4, "demand": 71, "price": 7.006000000000001}, {"time_stamp": 14, "origin": 3, "destination": 4, "demand": 60, "price": 7.006000000000001}, {"time_stamp": 15, "origin": 3, "destination": 4, "demand": 46, "price": 7.006000000000001}, {"time_stamp": 0, "origin": 4, "destination": 0, "demand": 11, "price": 11.920000000000002}, {"time_stamp": 1, "origin": 4, "destination": 0, "demand": 6, "price": 11.920000000000002}, {"time_stamp": 2, "origin": 4, "destination": 0, "demand": 5, "price": 11.920000000000002}, {"time_stamp": 3, "origin": 4, "destination": 0, "demand": 7, "price": 11.920000000000002}, {"time_stamp": 4, "origin": 4, "destination": 0, "demand": 11, "price": 11.920000000000002}, {"time_stamp": 5, "origin": 4, "destination": 0, "demand": 9, "price": 11.920000000000002}, {"time_stamp": 6, "origin": 4, "destination": 0, "demand": 6, "price": 11.920000000000002}, {"time_stamp": 7, "origin": 4, "destination": 0, "demand": 5, "price": 11.920000000000002}, {"time_stamp": 8, "origin": 4, "destination": 0, "demand": 12, "price": 11.920000000000002}, {"time_stamp": 9, "origin": 4, "destination": 0, "demand": 5, "price": 11.920000000000002}, {"time_stamp": 10, "origin": 4, "destination": 0, "demand": 9, "price": 11.920000000000002}, {"time_stamp": 11, "origin": 4, "destination": 0, "demand": 6, "price": 11.920000000000002}, {"time_stamp": 12, "origin": 4, "destination": 0, "demand": 12, "price": 11.920000000000002}, {"time_stamp": 13, "origin": 4, "destination": 0, "demand": 19, "price": 11.920000000000002}, {"time_stamp": 14, "origin": 4, "destination": 0, "demand": 11, "price": 11.920000000000002}, {"time_stamp": 15, "origin": 4, "destination": 0, "demand": 12, "price": 11.920000000000002}, {"time_stamp": 0, "origin": 4, "destination": 1, "demand": 42, "price": 10.555}, {"time_stamp": 1, "origin": 4, "destination": 1, "demand": 24, "price": 10.555}, {"time_stamp": 2, "origin": 4, "destination": 1, "demand": 33, "price": 10.555}, {"time_stamp": 3, "origin": 4, "destination": 1, "demand": 23, "price": 10.555}, {"time_stamp": 4, "origin": 4, "destination": 1, "demand": 25, "price": 10.555}, {"time_stamp": 5, "origin": 4, "destination": 1, "demand": 27, "price": 10.555}, {"time_stamp": 6, "origin": 4, "destination": 1, "demand": 36, "price": 10.555}, {"time_stamp": 7, "origin": 4, "destination": 1, "demand": 43, "price": 10.555}, {"time_stamp": 8, "origin": 4, "destination": 1, "demand": 33, "price": 10.555}, {"time_stamp": 9, "origin": 4, "destination": 1, "demand": 35, "price": 10.555}, {"time_stamp": 10, "origin": 4, "destination": 1, "demand": 50, "price": 10.555}, {"time_stamp": 11, "origin": 4, "destination": 1, "demand": 52, "price": 10.555}, {"time_stamp": 12, "origin": 4, "destination": 1, "demand": 59, "price": 10.555}, {"time_stamp": 13, "origin": 4, "destination": 1, "demand": 51, "price": 10.555}, {"time_stamp": 14, "origin": 4, "destination": 1, "demand": 47, "price": 10.555}, {"time_stamp": 15, "origin": 4, "destination": 1, "demand": 43, "price": 10.555}, {"time_stamp": 0, "origin": 4, "destination": 2, "demand": 47, "price": 8.007000000000001}, {"time_stamp": 1, "origin": 4, "destination": 2, "demand": 34, "price": 8.007000000000001}, {"time_stamp": 2, "origin": 4, "destination": 2, "demand": 35, "price": 8.007000000000001}, {"time_stamp": 3, "origin": 4, "destination": 2, "demand": 36, "price": 8.007000000000001}, {"time_stamp": 4, "origin": 4, "destination": 2, "demand": 38, "price": 8.007000000000001}, {"time_stamp": 5, "origin": 4, "destination": 2, "demand": 51, "price": 8.007000000000001}, {"time_stamp": 6, "origin": 4, "destination": 2, "demand": 35, "price": 8.007000000000001}, {"time_stamp": 7, "origin": 4, "destination": 2, "demand": 40, "price": 8.007000000000001}, {"time_stamp": 8, "origin": 4, "destination": 2, "demand": 36, "price": 8.007000000000001}, {"time_stamp": 9, "origin": 4, "destination": 2, "demand": 44, "price": 8.007000000000001}, {"time_stamp": 10, "origin": 4, "destination": 2, "demand": 42, "price": 8.007000000000001}, {"time_stamp": 11, "origin": 4, "destination": 2, "demand": 50, "price": 8.007000000000001}, {"time_stamp": 12, "origin": 4, "destination": 2, "demand": 56, "price": 8.007000000000001}, {"time_stamp": 13, "origin": 4, "destination": 2, "demand": 58, "price": 8.007000000000001}, {"time_stamp": 14, "origin": 4, "destination": 2, "demand": 38, "price": 8.007000000000001}, {"time_stamp": 15, "origin": 4, "destination": 2, "demand": 34, "price": 8.007000000000001}, {"time_stamp": 0, "origin": 4, "destination": 3, "demand": 36, "price": 7.006000000000001}, {"time_stamp": 1, "origin": 4, "destination": 3, "demand": 28, "price": 7.006000000000001}, {"time_stamp": 2, "origin": 4, "destination": 3, "demand": 29, "price": 7.006000000000001}, {"time_stamp": 3, "origin": 4, "destination": 3, "demand": 36, "price": 7.006000000000001}, {"time_stamp": 4, "origin": 4, "destination": 3, "demand": 53, "price": 7.006000000000001}, {"time_stamp": 5, "origin": 4, "destination": 3, "demand": 53, "price": 7.006000000000001}, {"time_stamp": 6, "origin": 4, "destination": 3, "demand": 59, "price": 7.006000000000001}, {"time_stamp": 7, "origin": 4, "destination": 3, "demand": 42, "price": 7.006000000000001}, {"time_stamp": 8, "origin": 4, "destination": 3, "demand": 53, "price": 7.006000000000001}, {"time_stamp": 9, "origin": 4, "destination": 3, "demand": 63, "price": 7.006000000000001}, {"time_stamp": 10, "origin": 4, "destination": 3, "demand": 63, "price": 7.006000000000001}, {"time_stamp": 11, "origin": 4, "destination": 3, "demand": 78, "price": 7.006000000000001}, {"time_stamp": 12, "origin": 4, "destination": 3, "demand": 73, "price": 7.006000000000001}, {"time_stamp": 13, "origin": 4, "destination": 3, "demand": 72, "price": 7.006000000000001}, {"time_stamp": 14, "origin": 4, "destination": 3, "demand": 65, "price": 7.006000000000001}, {"time_stamp": 15, "origin": 4, "destination": 3, "demand": 53, "price": 7.006000000000001}, {"time_stamp": 0, "origin": 4, "destination": 4, "demand": 127, "price": 6.187}, {"time_stamp": 1, "origin": 4, "destination": 4, "demand": 129, "price": 6.187}, {"time_stamp": 2, "origin": 4, "destination": 4, "demand": 91, "price": 6.187}, {"time_stamp": 3, "origin": 4, "destination": 4, "demand": 98, "price": 6.187}, {"time_stamp": 4, "origin": 4, "destination": 4, "demand": 108, "price": 6.187}, {"time_stamp": 5, "origin": 4, "destination": 4, "demand": 136, "price": 6.187}, {"time_stamp": 6, "origin": 4, "destination": 4, "demand": 136, "price": 6.187}, {"time_stamp": 7, "origin": 4, "destination": 4, "demand": 122, "price": 6.187}, {"time_stamp": 8, "origin": 4, "destination": 4, "demand": 111, "price": 6.187}, {"time_stamp": 9, "origin": 4, "destination": 4, "demand": 129, "price": 6.187}, {"time_stamp": 10, "origin": 4, "destination": 4, "demand": 120, "price": 6.187}, {"time_stamp": 11, "origin": 4, "destination": 4, "demand": 165, "price": 6.187}, {"time_stamp": 12, "origin": 4, "destination": 4, "demand": 152, "price": 6.187}, {"time_stamp": 13, "origin": 4, "destination": 4, "demand": 146, "price": 6.187}, {"time_stamp": 14, "origin": 4, "destination": 4, "demand": 100, "price": 6.187}, {"time_stamp": 15, "origin": 4, "destination": 4, "demand": 116, "price": 6.187}], "rebTime": [{"time_stamp": 0, "origin": 0, "destination": 0, "reb_time": 1}, {"time_stamp": 1, "origin": 0, "destination": 0, "reb_time": 1}, {"time_stamp": 2, "origin": 0, "destination": 0, "reb_time": 1}, {"time_stamp": 3, "origin": 0, "destination": 0, "reb_time": 1}, {"time_stamp": 4, "origin": 0, "destination": 0, "reb_time": 1}, {"time_stamp": 5, "origin": 0, "destination": 0, "reb_time": 1}, {"time_stamp": 6, "origin": 0, "destination": 0, "reb_time": 1}, {"time_stamp": 7, "origin": 0, "destination": 0, "reb_time": 1}, {"time_stamp": 8, "origin": 0, "destination": 0, "reb_time": 1}, {"time_stamp": 9, "origin": 0, "destination": 0, "reb_time": 1}, {"time_stamp": 10, "origin": 0, "destination": 0, "reb_time": 1}, {"time_stamp": 11, "origin": 0, "destination": 0, "reb_time": 1}, {"time_stamp": 12, "origin": 0, "destination": 0, "reb_time": 1}, {"time_stamp": 13, "origin": 0, "destination": 0, "reb_time": 1}, {"time_stamp": 14, "origin": 0, "destination": 0, "reb_time": 1}, {"time_stamp": 15, "origin": 0, "destination": 0, "reb_time": 1}, {"time_stamp": 0, "origin": 0, "destination": 1, "reb_time": 1}, {"time_stamp": 1, "origin": 0, "destination": 1, "reb_time": 1}, {"time_stamp": 2, "origin": 0, "destination": 1, "reb_time": 1}, {"time_stamp": 3, "origin": 0, "destination": 1, "reb_time": 1}, {"time_stamp": 4, "origin": 0, "destination": 1, "reb_time": 1}, {"time_stamp": 5, "origin": 0, "destination": 1, "reb_time": 1}, {"time_stamp": 6, "origin": 0, "destination": 1, "reb_time": 1}, {"time_stamp": 7, "origin": 0, "destination": 1, "reb_time": 1}, {"time_stamp": 8, "origin": 0, "destination": 1, "reb_time": 1}, {"time_stamp": 9, "origin": 0, "destination": 1, "reb_time": 1}, {"time_stamp": 10, "origin": 0, "destination": 1, "reb_time": 1}, {"time_stamp": 11, "origin": 0, "destination": 1, "reb_time": 1}, {"time_stamp": 12, "origin": 0, "destination": 1, "reb_time": 1}, {"time_stamp": 13, "origin": 0, "destination": 1, "reb_time": 1}, {"time_stamp": 14, "origin": 0, "destination": 1, "reb_time": 1}, {"time_stamp": 15, "origin": 0, "destination": 1, "reb_time": 1}, {"time_stamp": 0, "origin": 0, "destination": 2, "reb_time": 1}, {"time_stamp": 1, "origin": 0, "destination": 2, "reb_time": 1}, {"time_stamp": 2, "origin": 0, "destination": 2, "reb_time": 1}, {"time_stamp": 3, "origin": 0, "destination": 2, "reb_time": 1}, {"time_stamp": 4, "origin": 0, "destination": 2, "reb_time": 1}, {"time_stamp": 5, "origin": 0, "destination": 2, "reb_time": 1}, {"time_stamp": 6, "origin": 0, "destination": 2, "reb_time": 1}, {"time_stamp": 7, "origin": 0, "destination": 2, "reb_time": 1}, {"time_stamp": 8, "origin": 0, "destination": 2, "reb_time": 1}, {"time_stamp": 9, "origin": 0, "destination": 2, "reb_time": 1}, {"time_stamp": 10, "origin": 0, "destination": 2, "reb_time": 1}, {"time_stamp": 11, "origin": 0, "destination": 2, "reb_time": 1}, {"time_stamp": 12, "origin": 0, "destination": 2, "reb_time": 1}, {"time_stamp": 13, "origin": 0, "destination": 2, "reb_time": 1}, {"time_stamp": 14, "origin": 0, "destination": 2, "reb_time": 1}, {"time_stamp": 15, "origin": 0, "destination": 2, "reb_time": 1}, {"time_stamp": 0, "origin": 0, "destination": 3, "reb_time": 1}, {"time_stamp": 1, "origin": 0, "destination": 3, "reb_time": 1}, {"time_stamp": 2, "origin": 0, "destination": 3, "reb_time": 1}, {"time_stamp": 3, "origin": 0, "destination": 3, "reb_time": 1}, {"time_stamp": 4, "origin": 0, "destination": 3, "reb_time": 1}, {"time_stamp": 5, "origin": 0, "destination": 3, "reb_time": 1}, {"time_stamp": 6, "origin": 0, "destination": 3, "reb_time": 1}, {"time_stamp": 7, "origin": 0, "destination": 3, "reb_time": 1}, {"time_stamp": 8, "origin": 0, "destination": 3, "reb_time": 1}, {"time_stamp": 9, "origin": 0, "destination": 3, "reb_time": 1}, {"time_stamp": 10, "origin": 0, "destination": 3, "reb_time": 1}, {"time_stamp": 11, "origin": 0, "destination": 3, "reb_time": 1}, {"time_stamp": 12, "origin": 0, "destination": 3, "reb_time": 1}, {"time_stamp": 13, "origin": 0, "destination": 3, "reb_time": 1}, {"time_stamp": 14, "origin": 0, "destination": 3, "reb_time": 1}, {"time_stamp": 15, "origin": 0, "destination": 3, "reb_time": 1}, {"time_stamp": 0, "origin": 0, "destination": 4, "reb_time": 1}, {"time_stamp": 1, "origin": 0, "destination": 4, "reb_time": 1}, {"time_stamp": 2, "origin": 0, "destination": 4, "reb_time": 1}, {"time_stamp": 3, "origin": 0, "destination": 4, "reb_time": 1}, {"time_stamp": 4, "origin": 0, "destination": 4, "reb_time": 1}, {"time_stamp": 5, "origin": 0, "destination": 4, "reb_time": 1}, {"time_stamp": 6, "origin": 0, "destination": 4, "reb_time": 1}, {"time_stamp": 7, "origin": 0, "destination": 4, "reb_time": 1}, {"time_stamp": 8, "origin": 0, "destination": 4, "reb_time": 1}, {"time_stamp": 9, "origin": 0, "destination": 4, "reb_time": 1}, {"time_stamp": 10, "origin": 0, "destination": 4, "reb_time": 1}, {"time_stamp": 11, "origin": 0, "destination": 4, "reb_time": 1}, {"time_stamp": 12, "origin": 0, "destination": 4, "reb_time": 1}, {"time_stamp": 13, "origin": 0, "destination": 4, "reb_time": 1}, {"time_stamp": 14, "origin": 0, "destination": 4, "reb_time": 1}, {"time_stamp": 15, "origin": 0, "destination": 4, "reb_time": 1}, {"time_stamp": 0, "origin": 1, "destination": 0, "reb_time": 1}, {"time_stamp": 1, "origin": 1, "destination": 0, "reb_time": 1}, {"time_stamp": 2, "origin": 1, "destination": 0, "reb_time": 1}, {"time_stamp": 3, "origin": 1, "destination": 0, "reb_time": 1}, {"time_stamp": 4, "origin": 1, "destination": 0, "reb_time": 1}, {"time_stamp": 5, "origin": 1, "destination": 0, "reb_time": 1}, {"time_stamp": 6, "origin": 1, "destination": 0, "reb_time": 1}, {"time_stamp": 7, "origin": 1, "destination": 0, "reb_time": 1}, {"time_stamp": 8, "origin": 1, "destination": 0, "reb_time": 1}, {"time_stamp": 9, "origin": 1, "destination": 0, "reb_time": 1}, {"time_stamp": 10, "origin": 1, "destination": 0, "reb_time": 1}, {"time_stamp": 11, "origin": 1, "destination": 0, "reb_time": 1}, {"time_stamp": 12, "origin": 1, "destination": 0, "reb_time": 1}, {"time_stamp": 13, "origin": 1, "destination": 0, "reb_time": 1}, {"time_stamp": 14, "origin": 1, "destination": 0, "reb_time": 1}, {"time_stamp": 15, "origin": 1, "destination": 0, "reb_time": 1}, {"time_stamp": 0, "origin": 1, "destination": 1, "reb_time": 1}, {"time_stamp": 1, "origin": 1, "destination": 1, "reb_time": 1}, {"time_stamp": 2, "origin": 1, "destination": 1, "reb_time": 1}, {"time_stamp": 3, "origin": 1, "destination": 1, "reb_time": 1}, {"time_stamp": 4, "origin": 1, "destination": 1, "reb_time": 1}, {"time_stamp": 5, "origin": 1, "destination": 1, "reb_time": 1}, {"time_stamp": 6, "origin": 1, "destination": 1, "reb_time": 1}, {"time_stamp": 7, "origin": 1, "destination": 1, "reb_time": 1}, {"time_stamp": 8, "origin": 1, "destination": 1, "reb_time": 1}, {"time_stamp": 9, "origin": 1, "destination": 1, "reb_time": 1}, {"time_stamp": 10, "origin": 1, "destination": 1, "reb_time": 1}, {"time_stamp": 11, "origin": 1, "destination": 1, "reb_time": 1}, {"time_stamp": 12, "origin": 1, "destination": 1, "reb_time": 1}, {"time_stamp": 13, "origin": 1, "destination": 1, "reb_time": 1}, {"time_stamp": 14, "origin": 1, "destination": 1, "reb_time": 1}, {"time_stamp": 15, "origin": 1, "destination": 1, "reb_time": 1}, {"time_stamp": 0, "origin": 1, "destination": 2, "reb_time": 1}, {"time_stamp": 1, "origin": 1, "destination": 2, "reb_time": 1}, {"time_stamp": 2, "origin": 1, "destination": 2, "reb_time": 1}, {"time_stamp": 3, "origin": 1, "destination": 2, "reb_time": 1}, {"time_stamp": 4, "origin": 1, "destination": 2, "reb_time": 1}, {"time_stamp": 5, "origin": 1, "destination": 2, "reb_time": 1}, {"time_stamp": 6, "origin": 1, "destination": 2, "reb_time": 1}, {"time_stamp": 7, "origin": 1, "destination": 2, "reb_time": 1}, {"time_stamp": 8, "origin": 1, "destination": 2, "reb_time": 1}, {"time_stamp": 9, "origin": 1, "destination": 2, "reb_time": 1}, {"time_stamp": 10, "origin": 1, "destination": 2, "reb_time": 1}, {"time_stamp": 11, "origin": 1, "destination": 2, "reb_time": 1}, {"time_stamp": 12, "origin": 1, "destination": 2, "reb_time": 1}, {"time_stamp": 13, "origin": 1, "destination": 2, "reb_time": 1}, {"time_stamp": 14, "origin": 1, "destination": 2, "reb_time": 1}, {"time_stamp": 15, "origin": 1, "destination": 2, "reb_time": 1}, {"time_stamp": 0, "origin": 1, "destination": 3, "reb_time": 1}, {"time_stamp": 1, "origin": 1, "destination": 3, "reb_time": 1}, {"time_stamp": 2, "origin": 1, "destination": 3, "reb_time": 1}, {"time_stamp": 3, "origin": 1, "destination": 3, "reb_time": 1}, {"time_stamp": 4, "origin": 1, "destination": 3, "reb_time": 1}, {"time_stamp": 5, "origin": 1, "destination": 3, "reb_time": 1}, {"time_stamp": 6, "origin": 1, "destination": 3, "reb_time": 1}, {"time_stamp": 7, "origin": 1, "destination": 3, "reb_time": 1}, {"time_stamp": 8, "origin": 1, "destination": 3, "reb_time": 1}, {"time_stamp": 9, "origin": 1, "destination": 3, "reb_time": 1}, {"time_stamp": 10, "origin": 1, "destination": 3, "reb_time": 1}, {"time_stamp": 11, "origin": 1, "destination": 3, "reb_time": 1}, {"time_stamp": 12, "origin": 1, "destination": 3, "reb_time": 1}, {"time_stamp": 13, "origin": 1, "destination": 3, "reb_time": 1}, {"time_stamp": 14, "origin": 1, "destination": 3, "reb_time": 1}, {"time_stamp": 15, "origin": 1, "destination": 3, "reb_time": 1}, {"time_stamp": 0, "origin": 1, "destination": 4, "reb_time": 1}, {"time_stamp": 1, "origin": 1, "destination": 4, "reb_time": 1}, {"time_stamp": 2, "origin": 1, "destination": 4, "reb_time": 1}, {"time_stamp": 3, "origin": 1, "destination": 4, "reb_time": 1}, {"time_stamp": 4, "origin": 1, "destination": 4, "reb_time": 1}, {"time_stamp": 5, "origin": 1, "destination": 4, "reb_time": 1}, {"time_stamp": 6, "origin": 1, "destination": 4, "reb_time": 1}, {"time_stamp": 7, "origin": 1, "destination": 4, "reb_time": 1}, {"time_stamp": 8, "origin": 1, "destination": 4, "reb_time": 1}, {"time_stamp": 9, "origin": 1, "destination": 4, "reb_time": 1}, {"time_stamp": 10, "origin": 1, "destination": 4, "reb_time": 1}, {"time_stamp": 11, "origin": 1, "destination": 4, "reb_time": 1}, {"time_stamp": 12, "origin": 1, "destination": 4, "reb_time": 1}, {"time_stamp": 13, "origin": 1, "destination": 4, "reb_time": 1}, {"time_stamp": 14, "origin": 1, "destination": 4, "reb_time": 1}, {"time_stamp": 15, "origin": 1, "destination": 4, "reb_time": 1}, {"time_stamp": 0, "origin": 2, "destination": 0, "reb_time": 1}, {"time_stamp": 1, "origin": 2, "destination": 0, "reb_time": 1}, {"time_stamp": 2, "origin": 2, "destination": 0, "reb_time": 1}, {"time_stamp": 3, "origin": 2, "destination": 0, "reb_time": 1}, {"time_stamp": 4, "origin": 2, "destination": 0, "reb_time": 1}, {"time_stamp": 5, "origin": 2, "destination": 0, "reb_time": 1}, {"time_stamp": 6, "origin": 2, "destination": 0, "reb_time": 1}, {"time_stamp": 7, "origin": 2, "destination": 0, "reb_time": 1}, {"time_stamp": 8, "origin": 2, "destination": 0, "reb_time": 1}, {"time_stamp": 9, "origin": 2, "destination": 0, "reb_time": 1}, {"time_stamp": 10, "origin": 2, "destination": 0, "reb_time": 1}, {"time_stamp": 11, "origin": 2, "destination": 0, "reb_time": 1}, {"time_stamp": 12, "origin": 2, "destination": 0, "reb_time": 1}, {"time_stamp": 13, "origin": 2, "destination": 0, "reb_time": 1}, {"time_stamp": 14, "origin": 2, "destination": 0, "reb_time": 1}, {"time_stamp": 15, "origin": 2, "destination": 0, "reb_time": 1}, {"time_stamp": 0, "origin": 2, "destination": 1, "reb_time": 1}, {"time_stamp": 1, "origin": 2, "destination": 1, "reb_time": 1}, {"time_stamp": 2, "origin": 2, "destination": 1, "reb_time": 1}, {"time_stamp": 3, "origin": 2, "destination": 1, "reb_time": 1}, {"time_stamp": 4, "origin": 2, "destination": 1, "reb_time": 1}, {"time_stamp": 5, "origin": 2, "destination": 1, "reb_time": 1}, {"time_stamp": 6, "origin": 2, "destination": 1, "reb_time": 1}, {"time_stamp": 7, "origin": 2, "destination": 1, "reb_time": 1}, {"time_stamp": 8, "origin": 2, "destination": 1, "reb_time": 1}, {"time_stamp": 9, "origin": 2, "destination": 1, "reb_time": 1}, {"time_stamp": 10, "origin": 2, "destination": 1, "reb_time": 1}, {"time_stamp": 11, "origin": 2, "destination": 1, "reb_time": 1}, {"time_stamp": 12, "origin": 2, "destination": 1, "reb_time": 1}, {"time_stamp": 13, "origin": 2, "destination": 1, "reb_time": 1}, {"time_stamp": 14, "origin": 2, "destination": 1, "reb_time": 1}, {"time_stamp": 15, "origin": 2, "destination": 1, "reb_time": 1}, {"time_stamp": 0, "origin": 2, "destination": 2, "reb_time": 1}, {"time_stamp": 1, "origin": 2, "destination": 2, "reb_time": 1}, {"time_stamp": 2, "origin": 2, "destination": 2, "reb_time": 1}, {"time_stamp": 3, "origin": 2, "destination": 2, "reb_time": 1}, {"time_stamp": 4, "origin": 2, "destination": 2, "reb_time": 1}, {"time_stamp": 5, "origin": 2, "destination": 2, "reb_time": 1}, {"time_stamp": 6, "origin": 2, "destination": 2, "reb_time": 1}, {"time_stamp": 7, "origin": 2, "destination": 2, "reb_time": 1}, {"time_stamp": 8, "origin": 2, "destination": 2, "reb_time": 1}, {"time_stamp": 9, "origin": 2, "destination": 2, "reb_time": 1}, {"time_stamp": 10, "origin": 2, "destination": 2, "reb_time": 1}, {"time_stamp": 11, "origin": 2, "destination": 2, "reb_time": 1}, {"time_stamp": 12, "origin": 2, "destination": 2, "reb_time": 1}, {"time_stamp": 13, "origin": 2, "destination": 2, "reb_time": 1}, {"time_stamp": 14, "origin": 2, "destination": 2, "reb_time": 1}, {"time_stamp": 15, "origin": 2, "destination": 2, "reb_time": 1}, {"time_stamp": 0, "origin": 2, "destination": 3, "reb_time": 1}, {"time_stamp": 1, "origin": 2, "destination": 3, "reb_time": 1}, {"time_stamp": 2, "origin": 2, "destination": 3, "reb_time": 1}, {"time_stamp": 3, "origin": 2, "destination": 3, "reb_time": 1}, {"time_stamp": 4, "origin": 2, "destination": 3, "reb_time": 1}, {"time_stamp": 5, "origin": 2, "destination": 3, "reb_time": 1}, {"time_stamp": 6, "origin": 2, "destination": 3, "reb_time": 1}, {"time_stamp": 7, "origin": 2, "destination": 3, "reb_time": 1}, {"time_stamp": 8, "origin": 2, "destination": 3, "reb_time": 1}, {"time_stamp": 9, "origin": 2, "destination": 3, "reb_time": 1}, {"time_stamp": 10, "origin": 2, "destination": 3, "reb_time": 1}, {"time_stamp": 11, "origin": 2, "destination": 3, "reb_time": 1}, {"time_stamp": 12, "origin": 2, "destination": 3, "reb_time": 1}, {"time_stamp": 13, "origin": 2, "destination": 3, "reb_time": 1}, {"time_stamp": 14, "origin": 2, "destination": 3, "reb_time": 1}, {"time_stamp": 15, "origin": 2, "destination": 3, "reb_time": 1}, {"time_stamp": 0, "origin": 2, "destination": 4, "reb_time": 1}, {"time_stamp": 1, "origin": 2, "destination": 4, "reb_time": 1}, {"time_stamp": 2, "origin": 2, "destination": 4, "reb_time": 1}, {"time_stamp": 3, "origin": 2, "destination": 4, "reb_time": 1}, {"time_stamp": 4, "origin": 2, "destination": 4, "reb_time": 1}, {"time_stamp": 5, "origin": 2, "destination": 4, "reb_time": 1}, {"time_stamp": 6, "origin": 2, "destination": 4, "reb_time": 1}, {"time_stamp": 7, "origin": 2, "destination": 4, "reb_time": 1}, {"time_stamp": 8, "origin": 2, "destination": 4, "reb_time": 1}, {"time_stamp": 9, "origin": 2, "destination": 4, "reb_time": 1}, {"time_stamp": 10, "origin": 2, "destination": 4, "reb_time": 1}, {"time_stamp": 11, "origin": 2, "destination": 4, "reb_time": 1}, {"time_stamp": 12, "origin": 2, "destination": 4, "reb_time": 1}, {"time_stamp": 13, "origin": 2, "destination": 4, "reb_time": 1}, {"time_stamp": 14, "origin": 2, "destination": 4, "reb_time": 1}, {"time_stamp": 15, "origin": 2, "destination": 4, "reb_time": 1}, {"time_stamp": 0, "origin": 3, "destination": 0, "reb_time": 1}, {"time_stamp": 1, "origin": 3, "destination": 0, "reb_time": 1}, {"time_stamp": 2, "origin": 3, "destination": 0, "reb_time": 1}, {"time_stamp": 3, "origin": 3, "destination": 0, "reb_time": 1}, {"time_stamp": 4, "origin": 3, "destination": 0, "reb_time": 1}, {"time_stamp": 5, "origin": 3, "destination": 0, "reb_time": 1}, {"time_stamp": 6, "origin": 3, "destination": 0, "reb_time": 1}, {"time_stamp": 7, "origin": 3, "destination": 0, "reb_time": 1}, {"time_stamp": 8, "origin": 3, "destination": 0, "reb_time": 1}, {"time_stamp": 9, "origin": 3, "destination": 0, "reb_time": 1}, {"time_stamp": 10, "origin": 3, "destination": 0, "reb_time": 1}, {"time_stamp": 11, "origin": 3, "destination": 0, "reb_time": 1}, {"time_stamp": 12, "origin": 3, "destination": 0, "reb_time": 1}, {"time_stamp": 13, "origin": 3, "destination": 0, "reb_time": 1}, {"time_stamp": 14, "origin": 3, "destination": 0, "reb_time": 1}, {"time_stamp": 15, "origin": 3, "destination": 0, "reb_time": 1}, {"time_stamp": 0, "origin": 3, "destination": 1, "reb_time": 1}, {"time_stamp": 1, "origin": 3, "destination": 1, "reb_time": 1}, {"time_stamp": 2, "origin": 3, "destination": 1, "reb_time": 1}, {"time_stamp": 3, "origin": 3, "destination": 1, "reb_time": 1}, {"time_stamp": 4, "origin": 3, "destination": 1, "reb_time": 1}, {"time_stamp": 5, "origin": 3, "destination": 1, "reb_time": 1}, {"time_stamp": 6, "origin": 3, "destination": 1, "reb_time": 1}, {"time_stamp": 7, "origin": 3, "destination": 1, "reb_time": 1}, {"time_stamp": 8, "origin": 3, "destination": 1, "reb_time": 1}, {"time_stamp": 9, "origin": 3, "destination": 1, "reb_time": 1}, {"time_stamp": 10, "origin": 3, "destination": 1, "reb_time": 1}, {"time_stamp": 11, "origin": 3, "destination": 1, "reb_time": 1}, {"time_stamp": 12, "origin": 3, "destination": 1, "reb_time": 1}, {"time_stamp": 13, "origin": 3, "destination": 1, "reb_time": 1}, {"time_stamp": 14, "origin": 3, "destination": 1, "reb_time": 1}, {"time_stamp": 15, "origin": 3, "destination": 1, "reb_time": 1}, {"time_stamp": 0, "origin": 3, "destination": 2, "reb_time": 1}, {"time_stamp": 1, "origin": 3, "destination": 2, "reb_time": 1}, {"time_stamp": 2, "origin": 3, "destination": 2, "reb_time": 1}, {"time_stamp": 3, "origin": 3, "destination": 2, "reb_time": 1}, {"time_stamp": 4, "origin": 3, "destination": 2, "reb_time": 1}, {"time_stamp": 5, "origin": 3, "destination": 2, "reb_time": 1}, {"time_stamp": 6, "origin": 3, "destination": 2, "reb_time": 1}, {"time_stamp": 7, "origin": 3, "destination": 2, "reb_time": 1}, {"time_stamp": 8, "origin": 3, "destination": 2, "reb_time": 1}, {"time_stamp": 9, "origin": 3, "destination": 2, "reb_time": 1}, {"time_stamp": 10, "origin": 3, "destination": 2, "reb_time": 1}, {"time_stamp": 11, "origin": 3, "destination": 2, "reb_time": 1}, {"time_stamp": 12, "origin": 3, "destination": 2, "reb_time": 1}, {"time_stamp": 13, "origin": 3, "destination": 2, "reb_time": 1}, {"time_stamp": 14, "origin": 3, "destination": 2, "reb_time": 1}, {"time_stamp": 15, "origin": 3, "destination": 2, "reb_time": 1}, {"time_stamp": 0, "origin": 3, "destination": 3, "reb_time": 1}, {"time_stamp": 1, "origin": 3, "destination": 3, "reb_time": 1}, {"time_stamp": 2, "origin": 3, "destination": 3, "reb_time": 1}, {"time_stamp": 3, "origin": 3, "destination": 3, "reb_time": 1}, {"time_stamp": 4, "origin": 3, "destination": 3, "reb_time": 1}, {"time_stamp": 5, "origin": 3, "destination": 3, "reb_time": 1}, {"time_stamp": 6, "origin": 3, "destination": 3, "reb_time": 1}, {"time_stamp": 7, "origin": 3, "destination": 3, "reb_time": 1}, {"time_stamp": 8, "origin": 3, "destination": 3, "reb_time": 1}, {"time_stamp": 9, "origin": 3, "destination": 3, "reb_time": 1}, {"time_stamp": 10, "origin": 3, "destination": 3, "reb_time": 1}, {"time_stamp": 11, "origin": 3, "destination": 3, "reb_time": 1}, {"time_stamp": 12, "origin": 3, "destination": 3, "reb_time": 1}, {"time_stamp": 13, "origin": 3, "destination": 3, "reb_time": 1}, {"time_stamp": 14, "origin": 3, "destination": 3, "reb_time": 1}, {"time_stamp": 15, "origin": 3, "destination": 3, "reb_time": 1}, {"time_stamp": 0, "origin": 3, "destination": 4, "reb_time": 1}, {"time_stamp": 1, "origin": 3, "destination": 4, "reb_time": 1}, {"time_stamp": 2, "origin": 3, "destination": 4, "reb_time": 1}, {"time_stamp": 3, "origin": 3, "destination": 4, "reb_time": 1}, {"time_stamp": 4, "origin": 3, "destination": 4, "reb_time": 1}, {"time_stamp": 5, "origin": 3, "destination": 4, "reb_time": 1}, {"time_stamp": 6, "origin": 3, "destination": 4, "reb_time": 1}, {"time_stamp": 7, "origin": 3, "destination": 4, "reb_time": 1}, {"time_stamp": 8, "origin": 3, "destination": 4, "reb_time": 1}, {"time_stamp": 9, "origin": 3, "destination": 4, "reb_time": 1}, {"time_stamp": 10, "origin": 3, "destination": 4, "reb_time": 1}, {"time_stamp": 11, "origin": 3, "destination": 4, "reb_time": 1}, {"time_stamp": 12, "origin": 3, "destination": 4, "reb_time": 1}, {"time_stamp": 13, "origin": 3, "destination": 4, "reb_time": 1}, {"time_stamp": 14, "origin": 3, "destination": 4, "reb_time": 1}, {"time_stamp": 15, "origin": 3, "destination": 4, "reb_time": 1}, {"time_stamp": 0, "origin": 4, "destination": 0, "reb_time": 1}, {"time_stamp": 1, "origin": 4, "destination": 0, "reb_time": 1}, {"time_stamp": 2, "origin": 4, "destination": 0, "reb_time": 1}, {"time_stamp": 3, "origin": 4, "destination": 0, "reb_time": 1}, {"time_stamp": 4, "origin": 4, "destination": 0, "reb_time": 1}, {"time_stamp": 5, "origin": 4, "destination": 0, "reb_time": 1}, {"time_stamp": 6, "origin": 4, "destination": 0, "reb_time": 1}, {"time_stamp": 7, "origin": 4, "destination": 0, "reb_time": 1}, {"time_stamp": 8, "origin": 4, "destination": 0, "reb_time": 1}, {"time_stamp": 9, "origin": 4, "destination": 0, "reb_time": 1}, {"time_stamp": 10, "origin": 4, "destination": 0, "reb_time": 1}, {"time_stamp": 11, "origin": 4, "destination": 0, "reb_time": 1}, {"time_stamp": 12, "origin": 4, "destination": 0, "reb_time": 1}, {"time_stamp": 13, "origin": 4, "destination": 0, "reb_time": 1}, {"time_stamp": 14, "origin": 4, "destination": 0, "reb_time": 1}, {"time_stamp": 15, "origin": 4, "destination": 0, "reb_time": 1}, {"time_stamp": 0, "origin": 4, "destination": 1, "reb_time": 1}, {"time_stamp": 1, "origin": 4, "destination": 1, "reb_time": 1}, {"time_stamp": 2, "origin": 4, "destination": 1, "reb_time": 1}, {"time_stamp": 3, "origin": 4, "destination": 1, "reb_time": 1}, {"time_stamp": 4, "origin": 4, "destination": 1, "reb_time": 1}, {"time_stamp": 5, "origin": 4, "destination": 1, "reb_time": 1}, {"time_stamp": 6, "origin": 4, "destination": 1, "reb_time": 1}, {"time_stamp": 7, "origin": 4, "destination": 1, "reb_time": 1}, {"time_stamp": 8, "origin": 4, "destination": 1, "reb_time": 1}, {"time_stamp": 9, "origin": 4, "destination": 1, "reb_time": 1}, {"time_stamp": 10, "origin": 4, "destination": 1, "reb_time": 1}, {"time_stamp": 11, "origin": 4, "destination": 1, "reb_time": 1}, {"time_stamp": 12, "origin": 4, "destination": 1, "reb_time": 1}, {"time_stamp": 13, "origin": 4, "destination": 1, "reb_time": 1}, {"time_stamp": 14, "origin": 4, "destination": 1, "reb_time": 1}, {"time_stamp": 15, "origin": 4, "destination": 1, "reb_time": 1}, {"time_stamp": 0, "origin": 4, "destination": 2, "reb_time": 1}, {"time_stamp": 1, "origin": 4, "destination": 2, "reb_time": 1}, {"time_stamp": 2, "origin": 4, "destination": 2, "reb_time": 1}, {"time_stamp": 3, "origin": 4, "destination": 2, "reb_time": 1}, {"time_stamp": 4, "origin": 4, "destination": 2, "reb_time": 1}, {"time_stamp": 5, "origin": 4, "destination": 2, "reb_time": 1}, {"time_stamp": 6, "origin": 4, "destination": 2, "reb_time": 1}, {"time_stamp": 7, "origin": 4, "destination": 2, "reb_time": 1}, {"time_stamp": 8, "origin": 4, "destination": 2, "reb_time": 1}, {"time_stamp": 9, "origin": 4, "destination": 2, "reb_time": 1}, {"time_stamp": 10, "origin": 4, "destination": 2, "reb_time": 1}, {"time_stamp": 11, "origin": 4, "destination": 2, "reb_time": 1}, {"time_stamp": 12, "origin": 4, "destination": 2, "reb_time": 1}, {"time_stamp": 13, "origin": 4, "destination": 2, "reb_time": 1}, {"time_stamp": 14, "origin": 4, "destination": 2, "reb_time": 1}, {"time_stamp": 15, "origin": 4, "destination": 2, "reb_time": 1}, {"time_stamp": 0, "origin": 4, "destination": 3, "reb_time": 1}, {"time_stamp": 1, "origin": 4, "destination": 3, "reb_time": 1}, {"time_stamp": 2, "origin": 4, "destination": 3, "reb_time": 1}, {"time_stamp": 3, "origin": 4, "destination": 3, "reb_time": 1}, {"time_stamp": 4, "origin": 4, "destination": 3, "reb_time": 1}, {"time_stamp": 5, "origin": 4, "destination": 3, "reb_time": 1}, {"time_stamp": 6, "origin": 4, "destination": 3, "reb_time": 1}, {"time_stamp": 7, "origin": 4, "destination": 3, "reb_time": 1}, {"time_stamp": 8, "origin": 4, "destination": 3, "reb_time": 1}, {"time_stamp": 9, "origin": 4, "destination": 3, "reb_time": 1}, {"time_stamp": 10, "origin": 4, "destination": 3, "reb_time": 1}, {"time_stamp": 11, "origin": 4, "destination": 3, "reb_time": 1}, {"time_stamp": 12, "origin": 4, "destination": 3, "reb_time": 1}, {"time_stamp": 13, "origin": 4, "destination": 3, "reb_time": 1}, {"time_stamp": 14, "origin": 4, "destination": 3, "reb_time": 1}, {"time_stamp": 15, "origin": 4, "destination": 3, "reb_time": 1}, {"time_stamp": 0, "origin": 4, "destination": 4, "reb_time": 1}, {"time_stamp": 1, "origin": 4, "destination": 4, "reb_time": 1}, {"time_stamp": 2, "origin": 4, "destination": 4, "reb_time": 1}, {"time_stamp": 3, "origin": 4, "destination": 4, "reb_time": 1}, {"time_stamp": 4, "origin": 4, "destination": 4, "reb_time": 1}, {"time_stamp": 5, "origin": 4, "destination": 4, "reb_time": 1}, {"time_stamp": 6, "origin": 4, "destination": 4, "reb_time": 1}, {"time_stamp": 7, "origin": 4, "destination": 4, "reb_time": 1}, {"time_stamp": 8, "origin": 4, "destination": 4, "reb_time": 1}, {"time_stamp": 9, "origin": 4, "destination": 4, "reb_time": 1}, {"time_stamp": 10, "origin": 4, "destination": 4, "reb_time": 1}, {"time_stamp": 11, "origin": 4, "destination": 4, "reb_time": 1}, {"time_stamp": 12, "origin": 4, "destination": 4, "reb_time": 1}, {"time_stamp": 13, "origin": 4, "destination": 4, "reb_time": 1}, {"time_stamp": 14, "origin": 4, "destination": 4, "reb_time": 1}, {"time_stamp": 15, "origin": 4, "destination": 4, "reb_time": 1}], "totalAcc": [{"hour": 0, "acc": 1400}, {"hour": 1, "acc": 1400}, {"hour": 2, "acc": 1400}, {"hour": 3, "acc": 1400}, {"hour": 4, "acc": 1400}, {"hour": 5, "acc": 1400}, {"hour": 6, "acc": 1400}, {"hour": 7, "acc": 1400}, {"hour": 8, "acc": 1400}, {"hour": 9, "acc": 1400}, {"hour": 10, "acc": 1400}, {"hour": 11, "acc": 1400}, {"hour": 12, "acc": 1400}, {"hour": 13, "acc": 1400}, {"hour": 14, "acc": 1400}, {"hour": 15, "acc": 1400}, {"hour": 16, "acc": 1400}, {"hour": 17, "acc": 1400}, {"hour": 18, "acc": 1400}, {"hour": 19, "acc": 1400}, {"hour": 20, "acc": 1400}, {"hour": 21, "acc": 1400}, {"hour": 22, "acc": 1400}, {"hour": 23, "acc": 1400}], "additionalVehiclesPeakDemand": 0, "peakHours": [20, 21, 22, 23, 24, 25, 26, 27, 28, 29, 30], "chargelevels": 26, "spatialNodes": 5, "chargeLevelsPerChargeStep": 16, "episodeLength": 16, "energy_prices": [0.25308, 0.25308, 0.25308, 0.25308, 0.25308, 0.25308, 0.25308, 0.25308, 0.25308, 0.25308, 0.25308, 0.25308, 0.25308, 0.25308, 0.25308, 0.25308], "chargeLocations": [true, true, true, true, true], "carsPerStationCapacity": [8.0, 20.0, 17.0, 10.0, 18.0], "timeGranularity": 0.5, "operationalCostPerTimestep": 0.3696}