{"demand": [{"time_stamp": 0, "origin": 0, "destination": 0, "demand": 2, "price": 6.9995}, {"time_stamp": 1, "origin": 0, "destination": 0, "demand": 2, "price": 6.9995}, {"time_stamp": 2, "origin": 0, "destination": 0, "demand": 2, "price": 6.9995}, {"time_stamp": 3, "origin": 0, "destination": 0, "demand": 2, "price": 6.9995}, {"time_stamp": 4, "origin": 0, "destination": 0, "demand": 2, "price": 6.9995}, {"time_stamp": 5, "origin": 0, "destination": 0, "demand": 2, "price": 6.9995}, {"time_stamp": 6, "origin": 0, "destination": 0, "demand": 2, "price": 6.9995}, {"time_stamp": 7, "origin": 0, "destination": 0, "demand": 2, "price": 6.9995}, {"time_stamp": 8, "origin": 0, "destination": 0, "demand": 2, "price": 6.9995}, {"time_stamp": 9, "origin": 0, "destination": 0, "demand": 2, "price": 6.9995}, {"time_stamp": 10, "origin": 0, "destination": 0, "demand": 2, "price": 6.9995}, {"time_stamp": 11, "origin": 0, "destination": 0, "demand": 2, "price": 6.9995}, {"time_stamp": 12, "origin": 0, "destination": 0, "demand": 2, "price": 6.9995}, {"time_stamp": 13, "origin": 0, "destination": 0, "demand": 2, "price": 6.9995}, {"time_stamp": 14, "origin": 0, "destination": 0, "demand": 2, "price": 6.9995}, {"time_stamp": 15, "origin": 0, "destination": 0, "demand": 2, "price": 6.9995}, {"time_stamp": 0, "origin": 0, "destination": 1, "demand": 1, "price": 6.9995}, {"time_stamp": 1, "origin": 0, "destination": 1, "demand": 1, "price": 6.9995}, {"time_stamp": 2, "origin": 0, "destination": 1, "demand": 1, "price": 6.9995}, {"time_stamp": 3, "origin": 0, "destination": 1, "demand": 1, "price": 6.9995}, {"time_stamp": 4, "origin": 0, "destination": 1, "demand": 1, "price": 6.9995}, {"time_stamp": 5, "origin": 0, "destination": 1, "demand": 1, "price": 6.9995}, {"time_stamp": 6, "origin": 0, "destination": 1, "demand": 1, "price": 6.9995}, {"time_stamp": 7, "origin": 0, "destination": 1, "demand": 1, "price": 6.9995}, {"time_stamp": 8, "origin": 0, "destination": 1, "demand": 1, "price": 6.9995}, {"time_stamp": 9, "origin": 0, "destination": 1, "demand": 1, "price": 6.9995}, {"time_stamp": 10, "origin": 0, "destination": 1, "demand": 1, "price": 6.9995}, {"time_stamp": 11, "origin": 0, "destination": 1, "demand": 1, "price": 6.9995}, {"time_stamp": 12, "origin": 0, "destination": 1, "demand": 1, "price": 6.9995}, {"time_stamp": 13, "origin": 0, "destination": 1, "demand": 1, "price": 6.9995}, {"time_stamp": 14, "origin": 0, "destination": 1, "demand": 1, "price": 6.9995}, {"time_stamp": 15, "origin": 0, "destination": 1, "demand": 1, "price": 6.9995}, {"time_stamp": 0, "origin": 0, "destination": 2, "demand": 1, "price": 6.9995}, {"time_stamp": 1, "origin": 0, "destination": 2, "demand": 1, "price": 6.9995}, {"time_stamp": 2, "origin": 0, "destination": 2, "demand": 1, "price": 6.9995}, {"time_stamp": 3, "origin": 0, "destination": 2, "demand": 1, "price": 6.9995}, {"time_stamp": 4, "origin": 0, "destination": 2, "demand": 1, "price": 6.9995}, {"time_stamp": 5, "origin": 0, "destination": 2, "demand": 1, "price": 6.9995}, {"time_stamp": 6, "origin": 0, "destination": 2, "demand": 1, "price": 6.9995}, {"time_stamp": 7, "origin": 0, "destination": 2, "demand": 1, "price": 6.9995}, {"time_stamp": 8, "origin": 0, "destination": 2, "demand": 1, "price": 6.9995}, {"time_stamp": 9, "origin": 0, "destination": 2, "demand": 1, "price": 6.9995}, {"time_stamp": 10, "origin": 0, "destination": 2, "demand": 1, "price": 6.9995}, {"time_stamp": 11, "origin": 0, "destination": 2, "demand": 1, "price": 6.9995}, {"time_stamp": 12, "origin": 0, "destination": 2, "demand": 1, "price": 6.9995}, {"time_stamp": 13, "origin": 0, "destination": 2, "demand": 1, "price": 6.9995}, {"time_stamp": 14, "origin": 0, "destination": 2, "demand": 1, "price": 6.9995}, {"time_stamp": 15, "origin": 0, "destination": 2, "demand": 1, "price": 6.9995}, {"time_stamp": 0, "origin": 0, "destination": 3, "demand": 0, "price": 6.9995}, {"time_stamp": 1, "origin": 0, "destination": 3, "demand": 0, "price": 6.9995}, {"time_stamp": 2, "origin": 0, "destination": 3, "demand": 0, "price": 6.9995}, {"time_stamp": 3, "origin": 0, "destination": 3, "demand": 0, "price": 6.9995}, {"time_stamp": 4, "origin": 0, "destination": 3, "demand": 0, "price": 6.9995}, {"time_stamp": 5, "origin": 0, "destination": 3, "demand": 0, "price": 6.9995}, {"time_stamp": 6, "origin": 0, "destination": 3, "demand": 0, "price": 6.9995}, {"time_stamp": 7, "origin": 0, "destination": 3, "demand": 0, "price": 6.9995}, {"time_stamp": 8, "origin": 0, "destination": 3, "demand": 1, "price": 6.9995}, {"time_stamp": 9, "origin": 0, "destination": 3, "demand": 1, "price": 6.9995}, {"time_stamp": 10, "origin": 0, "destination": 3, "demand": 1, "price": 6.9995}, {"time_stamp": 11, "origin": 0, "destination": 3, "demand": 1, "price": 6.9995}, {"time_stamp": 12, "origin": 0, "destination": 3, "demand": 1, "price": 6.9995}, {"time_stamp": 13, "origin": 0, "destination": 3, "demand": 1, "price": 6.9995}, {"time_stamp": 14, "origin": 0, "destination": 3, "demand": 1, "price": 6.9995}, {"time_stamp": 15, "origin": 0, "destination": 3, "demand": 1, "price": 6.9995}, {"time_stamp": 0, "origin": 0, "destination": 4, "demand": 0, "price": 6.9995}, {"time_stamp": 1, "origin": 0, "destination": 4, "demand": 0, "price": 6.9995}, {"time_stamp": 2, "origin": 0, "destination": 4, "demand": 0, "price": 6.9995}, {"time_stamp": 3, "origin": 0, "destination": 4, "demand": 0, "price": 6.9995}, {"time_stamp": 4, "origin": 0, "destination": 4, "demand": 0, "price": 6.9995}, {"time_stamp": 5, "origin": 0, "destination": 4, "demand": 0, "price": 6.9995}, {"time_stamp": 6, "origin": 0, "destination": 4, "demand": 0, "price": 6.9995}, {"time_stamp": 7, "origin": 0, "destination": 4, "demand": 0, "price": 6.9995}, {"time_stamp": 8, "origin": 0, "destination": 4, "demand": 0, "price": 6.9995}, {"time_stamp": 9, "origin": 0, "destination": 4, "demand": 0, "price": 6.9995}, {"time_stamp": 10, "origin": 0, "destination": 4, "demand": 0, "price": 6.9995}, {"time_stamp": 11, "origin": 0, "destination": 4, "demand": 0, "price": 6.9995}, {"time_stamp": 12, "origin": 0, "destination": 4, "demand": 0, "price": 6.9995}, {"time_stamp": 13, "origin": 0, "destination": 4, "demand": 0, "price": 6.9995}, {"time_stamp": 14, "origin": 0, "destination": 4, "demand": 0, "price": 6.9995}, {"time_stamp": 15, "origin": 0, "destination": 4, "demand": 0, "price": 6.9995}, {"time_stamp": 0, "origin": 1, "destination": 0, "demand": 1, "price": 6.9995}, {"time_stamp": 1, "origin": 1, "destination": 0, "demand": 1, "price": 6.9995}, {"time_stamp": 2, "origin": 1, "destination": 0, "demand": 1, "price": 6.9995}, {"time_stamp": 3, "origin": 1, "destination": 0, "demand": 1, "price": 6.9995}, {"time_stamp": 4, "origin": 1, "destination": 0, "demand": 1, "price": 6.9995}, {"time_stamp": 5, "origin": 1, "destination": 0, "demand": 1, "price": 6.9995}, {"time_stamp": 6, "origin": 1, "destination": 0, "demand": 1, "price": 6.9995}, {"time_stamp": 7, "origin": 1, "destination": 0, "demand": 1, "price": 6.9995}, {"time_stamp": 8, "origin": 1, "destination": 0, "demand": 1, "price": 6.9995}, {"time_stamp": 9, "origin": 1, "destination": 0, "demand": 1, "price": 6.9995}, {"time_stamp": 10, "origin": 1, "destination": 0, "demand": 1, "price": 6.9995}, {"time_stamp": 11, "origin": 1, "destination": 0, "demand": 1, "price": 6.9995}, {"time_stamp": 12, "origin": 1, "destination": 0, "demand": 1, "price": 6.9995}, {"time_stamp": 13, "origin": 1, "destination": 0, "demand": 1, "price": 6.9995}, {"time_stamp": 14, "origin": 1, "destination": 0, "demand": 1, "price": 6.9995}, {"time_stamp": 15, "origin": 1, "destination": 0, "demand": 1, "price": 6.9995}, {"time_stamp": 0, "origin": 1, "destination": 1, "demand": 1, "price": 6.9995}, {"time_stamp": 1, "origin": 1, "destination": 1, "demand": 1, "price": 6.9995}, {"time_stamp": 2, "origin": 1, "destination": 1, "demand": 1, "price": 6.9995}, {"time_stamp": 3, "origin": 1, "destination": 1, "demand": 1, "price": 6.9995}, {"time_stamp": 4, "origin": 1, "destination": 1, "demand": 1, "price": 6.9995}, {"time_stamp": 5, "origin": 1, "destination": 1, "demand": 1, "price": 6.9995}, {"time_stamp": 6, "origin": 1, "destination": 1, "demand": 1, "price": 6.9995}, {"time_stamp": 7, "origin": 1, "destination": 1, "demand": 1, "price": 6.9995}, {"time_stamp": 8, "origin": 1, "destination": 1, "demand": 1, "price": 6.9995}, {"time_stamp": 9, "origin": 1, "destination": 1, "demand": 1, "price": 6.9995}, {"time_stamp": 10, "origin": 1, "destination": 1, "demand": 1, "price": 6.9995}, {"time_stamp": 11, "origin": 1, "destination": 1, "demand": 1, "price": 6.9995}, {"time_stamp": 12, "origin": 1, "destination": 1, "demand": 1, "price": 6.9995}, {"time_stamp": 13, "origin": 1, "destination": 1, "demand": 1, "price": 6.9995}, {"time_stamp": 14, "origin": 1, "destination": 1, "demand": 1, "price": 6.9995}, {"time_stamp": 15, "origin": 1, "destination": 1, "demand": 1, "price": 6.9995}, {"time_stamp": 0, "origin": 1, "destination": 2, "demand": 0, "price": 6.9995}, {"time_stamp": 1, "origin": 1, "destination": 2, "demand": 0, "price": 6.9995}, {"time_stamp": 2, "origin": 1, "destination": 2, "demand": 0, "price": 6.9995}, {"time_stamp": 3, "origin": 1, "destination": 2, "demand": 0, "price": 6.9995}, {"time_stamp": 4, "origin": 1, "destination": 2, "demand": 1, "price": 6.9995}, {"time_stamp": 5, "origin": 1, "destination": 2, "demand": 1, "price": 6.9995}, {"time_stamp": 6, "origin": 1, "destination": 2, "demand": 1, "price": 6.9995}, {"time_stamp": 7, "origin": 1, "destination": 2, "demand": 1, "price": 6.9995}, {"time_stamp": 8, "origin": 1, "destination": 2, "demand": 0, "price": 6.9995}, {"time_stamp": 9, "origin": 1, "destination": 2, "demand": 0, "price": 6.9995}, {"time_stamp": 10, "origin": 1, "destination": 2, "demand": 0, "price": 6.9995}, {"time_stamp": 11, "origin": 1, "destination": 2, "demand": 0, "price": 6.9995}, {"time_stamp": 12, "origin": 1, "destination": 2, "demand": 0, "price": 6.9995}, {"time_stamp": 13, "origin": 1, "destination": 2, "demand": 0, "price": 6.9995}, {"time_stamp": 14, "origin": 1, "destination": 2, "demand": 0, "price": 6.9995}, {"time_stamp": 15, "origin": 1, "destination": 2, "demand": 0, "price": 6.9995}, {"time_stamp": 0, "origin": 1, "destination": 3, "demand": 0, "price": 6.9995}, {"time_stamp": 1, "origin": 1, "destination": 3, "demand": 0, "price": 6.9995}, {"time_stamp": 2, "origin": 1, "destination": 3, "demand": 0, "price": 6.9995}, {"time_stamp": 3, "origin": 1, "destination": 3, "demand": 0, "price": 6.9995}, {"time_stamp": 4, "origin": 1, "destination": 3, "demand": 0, "price": 6.9995}, {"time_stamp": 5, "origin": 1, "destination": 3, "demand": 0, "price": 6.9995}, {"time_stamp": 6, "origin": 1, "destination": 3, "demand": 0, "price": 6.9995}, {"time_stamp": 7, "origin": 1, "destination": 3, "demand": 0, "price": 6.9995}, {"time_stamp": 8, "origin": 1, "destination": 3, "demand": 0, "price": 6.9995}, {"time_stamp": 9, "origin": 1, "destination": 3, "demand": 0, "price": 6.9995}, {"time_stamp": 10, "origin": 1, "destination": 3, "demand": 0, "price": 6.9995}, {"time_stamp": 11, "origin": 1, "destination": 3, "demand": 0, "price": 6.9995}, {"time_stamp": 12, "origin": 1, "destination": 3, "demand": 0, "price": 6.9995}, {"time_stamp": 13, "origin": 1, "destination": 3, "demand": 0, "price": 6.9995}, {"time_stamp": 14, "origin": 1, "destination": 3, "demand": 0, "price": 6.9995}, {"time_stamp": 15, "origin": 1, "destination": 3, "demand": 0, "price": 6.9995}, {"time_stamp": 0, "origin": 1, "destination": 4, "demand": 1, "price": 6.9995}, {"time_stamp": 1, "origin": 1, "destination": 4, "demand": 1, "price": 6.9995}, {"time_stamp": 2, "origin": 1, "destination": 4, "demand": 1, "price": 6.9995}, {"time_stamp": 3, "origin": 1, "destination": 4, "demand": 1, "price": 6.9995}, {"time_stamp": 4, "origin": 1, "destination": 4, "demand": 1, "price": 6.9995}, {"time_stamp": 5, "origin": 1, "destination": 4, "demand": 1, "price": 6.9995}, {"time_stamp": 6, "origin": 1, "destination": 4, "demand": 1, "price": 6.9995}, {"time_stamp": 7, "origin": 1, "destination": 4, "demand": 1, "price": 6.9995}, {"time_stamp": 8, "origin": 1, "destination": 4, "demand": 1, "price": 6.9995}, {"time_stamp": 9, "origin": 1, "destination": 4, "demand": 1, "price": 6.9995}, {"time_stamp": 10, "origin": 1, "destination": 4, "demand": 1, "price": 6.9995}, {"time_stamp": 11, "origin": 1, "destination": 4, "demand": 1, "price": 6.9995}, {"time_stamp": 12, "origin": 1, "destination": 4, "demand": 1, "price": 6.9995}, {"time_stamp": 13, "origin": 1, "destination": 4, "demand": 1, "price": 6.9995}, {"time_stamp": 14, "origin": 1, "destination": 4, "demand": 1, "price": 6.9995}, {"time_stamp": 15, "origin": 1, "destination": 4, "demand": 1, "price": 6.9995}, {"time_stamp": 0, "origin": 2, "destination": 0, "demand": 1, "price": 6.9995}, {"time_stamp": 1, "origin": 2, "destination": 0, "demand": 1, "price": 6.9995}, {"time_stamp": 2, "origin": 2, "destination": 0, "demand": 1, "price": 6.9995}, {"time_stamp": 3, "origin": 2, "destination": 0, "demand": 1, "price": 6.9995}, {"time_stamp": 4, "origin": 2, "destination": 0, "demand": 1, "price": 6.9995}, {"time_stamp": 5, "origin": 2, "destination": 0, "demand": 1, "price": 6.9995}, {"time_stamp": 6, "origin": 2, "destination": 0, "demand": 1, "price": 6.9995}, {"time_stamp": 7, "origin": 2, "destination": 0, "demand": 1, "price": 6.9995}, {"time_stamp": 8, "origin": 2, "destination": 0, "demand": 1, "price": 6.9995}, {"time_stamp": 9, "origin": 2, "destination": 0, "demand": 1, "price": 6.9995}, {"time_stamp": 10, "origin": 2, "destination": 0, "demand": 1, "price": 6.9995}, {"time_stamp": 11, "origin": 2, "destination": 0, "demand": 1, "price": 6.9995}, {"time_stamp": 12, "origin": 2, "destination": 0, "demand": 1, "price": 6.9995}, {"time_stamp": 13, "origin": 2, "destination": 0, "demand": 1, "price": 6.9995}, {"time_stamp": 14, "origin": 2, "destination": 0, "demand": 1, "price": 6.9995}, {"time_stamp": 15, "origin": 2, "destination": 0, "demand": 1, "price": 6.9995}, {"time_stamp": 0, "origin": 2, "destination": 1, "demand": 0, "price": 6.9995}, {"time_stamp": 1, "origin": 2, "destination": 1, "demand": 0, "price": 6.9995}, {"time_stamp": 2, "origin": 2, "destination": 1, "demand": 0, "price": 6.9995}, {"time_stamp": 3, "origin": 2, "destination": 1, "demand": 0, "price": 6.9995}, {"time_stamp": 4, "origin": 2, "destination": 1, "demand": 0, "price": 6.9995}, {"time_stamp": 5, "origin": 2, "destination": 1, "demand": 0, "price": 6.9995}, {"time_stamp": 6, "origin": 2, "destination": 1, "demand": 0, "price": 6.9995}, {"time_stamp": 7, "origin": 2, "destination": 1, "demand": 0, "price": 6.9995}, {"time_stamp": 8, "origin": 2, "destination": 1, "demand": 1, "price": 6.9995}, {"time_stamp": 9, "origin": 2, "destination": 1, "demand": 1, "price": 6.9995}, {"time_stamp": 10, "origin": 2, "destination": 1, "demand": 1, "price": 6.9995}, {"time_stamp": 11, "origin": 2, "destination": 1, "demand": 1, "price": 6.9995}, {"time_stamp": 12, "origin": 2, "destination": 1, "demand": 0, "price": 6.9995}, {"time_stamp": 13, "origin": 2, "destination": 1, "demand": 0, "price": 6.9995}, {"time_stamp": 14, "origin": 2, "destination": 1, "demand": 0, "price": 6.9995}, {"time_stamp": 15, "origin": 2, "destination": 1, "demand": 0, "price": 6.9995}, {"time_stamp": 0, "origin": 2, "destination": 2, "demand": 1, "price": 6.9995}, {"time_stamp": 1, "origin": 2, "destination": 2, "demand": 1, "price": 6.9995}, {"time_stamp": 2, "origin": 2, "destination": 2, "demand": 1, "price": 6.9995}, {"time_stamp": 3, "origin": 2, "destination": 2, "demand": 1, "price": 6.9995}, {"time_stamp": 4, "origin": 2, "destination": 2, "demand": 1, "price": 6.9995}, {"time_stamp": 5, "origin": 2, "destination": 2, "demand": 1, "price": 6.9995}, {"time_stamp": 6, "origin": 2, "destination": 2, "demand": 1, "price": 6.9995}, {"time_stamp": 7, "origin": 2, "destination": 2, "demand": 1, "price": 6.9995}, {"time_stamp": 8, "origin": 2, "destination": 2, "demand": 1, "price": 6.9995}, {"time_stamp": 9, "origin": 2, "destination": 2, "demand": 1, "price": 6.9995}, {"time_stamp": 10, "origin": 2, "destination": 2, "demand": 1, "price": 6.9995}, {"time_stamp": 11, "origin": 2, "destination": 2, "demand": 1, "price": 6.9995}, {"time_stamp": 12, "origin": 2, "destination": 2, "demand": 1, "price": 6.9995}, {"time_stamp": 13, "origin": 2, "destination": 2, "demand": 1, "price": 6.9995}, {"time_stamp": 14, "origin": 2, "destination": 2, "demand": 1, "price": 6.9995}, {"time_stamp": 15, "origin": 2, "destination": 2, "demand": 1, "price": 6.9995}, {"time_stamp": 0, "origin": 2, "destination": 3, "demand": 1, "price": 6.9995}, {"time_stamp": 1, "origin": 2, "destination": 3, "demand": 1, "price": 6.9995}, {"time_stamp": 2, "origin": 2, "destination": 3, "demand": 1, "price": 6.9995}, {"time_stamp": 3, "origin": 2, "destination": 3, "demand": 1, "price": 6.9995}, {"time_stamp": 4, "origin": 2, "destination": 3, "demand": 1, "price": 6.9995}, {"time_stamp": 5, "origin": 2, "destination": 3, "demand": 1, "price": 6.9995}, {"time_stamp": 6, "origin": 2, "destination": 3, "demand": 1, "price": 6.9995}, {"time_stamp": 7, "origin": 2, "destination": 3, "demand": 1, "price": 6.9995}, {"time_stamp": 8, "origin": 2, "destination": 3, "demand": 1, "price": 6.9995}, {"time_stamp": 9, "origin": 2, "destination": 3, "demand": 1, "price": 6.9995}, {"time_stamp": 10, "origin": 2, "destination": 3, "demand": 1, "price": 6.9995}, {"time_stamp": 11, "origin": 2, "destination": 3, "demand": 1, "price": 6.9995}, {"time_stamp": 12, "origin": 2, "destination": 3, "demand": 1, "price": 6.9995}, {"time_stamp": 13, "origin": 2, "destination": 3, "demand": 1, "price": 6.9995}, {"time_stamp": 14, "origin": 2, "destination": 3, "demand": 1, "price": 6.9995}, {"time_stamp": 15, "origin": 2, "destination": 3, "demand": 1, "price": 6.9995}, {"time_stamp": 0, "origin": 2, "destination": 4, "demand": 1, "price": 6.9995}, {"time_stamp": 1, "origin": 2, "destination": 4, "demand": 1, "price": 6.9995}, {"time_stamp": 2, "origin": 2, "destination": 4, "demand": 1, "price": 6.9995}, {"time_stamp": 3, "origin": 2, "destination": 4, "demand": 1, "price": 6.9995}, {"time_stamp": 4, "origin": 2, "destination": 4, "demand": 1, "price": 6.9995}, {"time_stamp": 5, "origin": 2, "destination": 4, "demand": 1, "price": 6.9995}, {"time_stamp": 6, "origin": 2, "destination": 4, "demand": 1, "price": 6.9995}, {"time_stamp": 7, "origin": 2, "destination": 4, "demand": 1, "price": 6.9995}, {"time_stamp": 8, "origin": 2, "destination": 4, "demand": 0, "price": 6.9995}, {"time_stamp": 9, "origin": 2, "destination": 4, "demand": 0, "price": 6.9995}, {"time_stamp": 10, "origin": 2, "destination": 4, "demand": 0, "price": 6.9995}, {"time_stamp": 11, "origin": 2, "destination": 4, "demand": 0, "price": 6.9995}, {"time_stamp": 12, "origin": 2, "destination": 4, "demand": 1, "price": 6.9995}, {"time_stamp": 13, "origin": 2, "destination": 4, "demand": 1, "price": 6.9995}, {"time_stamp": 14, "origin": 2, "destination": 4, "demand": 1, "price": 6.9995}, {"time_stamp": 15, "origin": 2, "destination": 4, "demand": 1, "price": 6.9995}, {"time_stamp": 0, "origin": 3, "destination": 0, "demand": 0, "price": 6.9995}, {"time_stamp": 1, "origin": 3, "destination": 0, "demand": 0, "price": 6.9995}, {"time_stamp": 2, "origin": 3, "destination": 0, "demand": 0, "price": 6.9995}, {"time_stamp": 3, "origin": 3, "destination": 0, "demand": 0, "price": 6.9995}, {"time_stamp": 4, "origin": 3, "destination": 0, "demand": 1, "price": 6.9995}, {"time_stamp": 5, "origin": 3, "destination": 0, "demand": 1, "price": 6.9995}, {"time_stamp": 6, "origin": 3, "destination": 0, "demand": 1, "price": 6.9995}, {"time_stamp": 7, "origin": 3, "destination": 0, "demand": 1, "price": 6.9995}, {"time_stamp": 8, "origin": 3, "destination": 0, "demand": 1, "price": 6.9995}, {"time_stamp": 9, "origin": 3, "destination": 0, "demand": 1, "price": 6.9995}, {"time_stamp": 10, "origin": 3, "destination": 0, "demand": 1, "price": 6.9995}, {"time_stamp": 11, "origin": 3, "destination": 0, "demand": 1, "price": 6.9995}, {"time_stamp": 12, "origin": 3, "destination": 0, "demand": 1, "price": 6.9995}, {"time_stamp": 13, "origin": 3, "destination": 0, "demand": 1, "price": 6.9995}, {"time_stamp": 14, "origin": 3, "destination": 0, "demand": 1, "price": 6.9995}, {"time_stamp": 15, "origin": 3, "destination": 0, "demand": 1, "price": 6.9995}, {"time_stamp": 0, "origin": 3, "destination": 1, "demand": 0, "price": 6.9995}, {"time_stamp": 1, "origin": 3, "destination": 1, "demand": 0, "price": 6.9995}, {"time_stamp": 2, "origin": 3, "destination": 1, "demand": 0, "price": 6.9995}, {"time_stamp": 3, "origin": 3, "destination": 1, "demand": 0, "price": 6.9995}, {"time_stamp": 4, "origin": 3, "destination": 1, "demand": 0, "price": 6.9995}, {"time_stamp": 5, "origin": 3, "destination": 1, "demand": 0, "price": 6.9995}, {"time_stamp": 6, "origin": 3, "destination": 1, "demand": 0, "price": 6.9995}, {"time_stamp": 7, "origin": 3, "destination": 1, "demand": 0, "price": 6.9995}, {"time_stamp": 8, "origin": 3, "destination": 1, "demand": 0, "price": 6.9995}, {"time_stamp": 9, "origin": 3, "destination": 1, "demand": 0, "price": 6.9995}, {"time_stamp": 10, "origin": 3, "destination": 1, "demand": 0, "price": 6.9995}, {"time_stamp": 11, "origin": 3, "destination": 1, "demand": 0, "price": 6.9995}, {"time_stamp": 12, "origin": 3, "destination": 1, "demand": 0, "price": 6.9995}, {"time_stamp": 13, "origin": 3, "destination": 1, "demand": 0, "price": 6.9995}, {"time_stamp": 14, "origin": 3, "destination": 1, "demand": 0, "price": 6.9995}, {"time_stamp": 15, "origin": 3, "destination": 1, "demand": 0, "price": 6.9995}, {"time_stamp": 0, "origin": 3, "destination": 2, "demand": 1, "price": 6.9995}, {"time_stamp": 1, "origin": 3, "destination": 2, "demand": 1, "price": 6.9995}, {"time_stamp": 2, "origin": 3, "destination": 2, "demand": 1, "price": 6.9995}, {"time_stamp": 3, "origin": 3, "destination": 2, "demand": 1, "price": 6.9995}, {"time_stamp": 4, "origin": 3, "destination": 2, "demand": 1, "price": 6.9995}, {"time_stamp": 5, "origin": 3, "destination": 2, "demand": 1, "price": 6.9995}, {"time_stamp": 6, "origin": 3, "destination": 2, "demand": 1, "price": 6.9995}, {"time_stamp": 7, "origin": 3, "destination": 2, "demand": 1, "price": 6.9995}, {"time_stamp": 8, "origin": 3, "destination": 2, "demand": 1, "price": 6.9995}, {"time_stamp": 9, "origin": 3, "destination": 2, "demand": 1, "price": 6.9995}, {"time_stamp": 10, "origin": 3, "destination": 2, "demand": 1, "price": 6.9995}, {"time_stamp": 11, "origin": 3, "destination": 2, "demand": 1, "price": 6.9995}, {"time_stamp": 12, "origin": 3, "destination": 2, "demand": 1, "price": 6.9995}, {"time_stamp": 13, "origin": 3, "destination": 2, "demand": 1, "price": 6.9995}, {"time_stamp": 14, "origin": 3, "destination": 2, "demand": 1, "price": 6.9995}, {"time_stamp": 15, "origin": 3, "destination": 2, "demand": 1, "price": 6.9995}, {"time_stamp": 0, "origin": 3, "destination": 3, "demand": 3, "price": 6.9995}, {"time_stamp": 1, "origin": 3, "destination": 3, "demand": 3, "price": 6.9995}, {"time_stamp": 2, "origin": 3, "destination": 3, "demand": 3, "price": 6.9995}, {"time_stamp": 3, "origin": 3, "destination": 3, "demand": 3, "price": 6.9995}, {"time_stamp": 4, "origin": 3, "destination": 3, "demand": 3, "price": 6.9995}, {"time_stamp": 5, "origin": 3, "destination": 3, "demand": 3, "price": 6.9995}, {"time_stamp": 6, "origin": 3, "destination": 3, "demand": 3, "price": 6.9995}, {"time_stamp": 7, "origin": 3, "destination": 3, "demand": 3, "price": 6.9995}, {"time_stamp": 8, "origin": 3, "destination": 3, "demand": 3, "price": 6.9995}, {"time_stamp": 9, "origin": 3, "destination": 3, "demand": 3, "price": 6.9995}, {"time_stamp": 10, "origin": 3, "destination": 3, "demand": 3, "price": 6.9995}, {"time_stamp": 11, "origin": 3, "destination": 3, "demand": 3, "price": 6.9995}, {"time_stamp": 12, "origin": 3, "destination": 3, "demand": 3, "price": 6.9995}, {"time_stamp": 13, "origin": 3, "destination": 3, "demand": 3, "price": 6.9995}, {"time_stamp": 14, "origin": 3, "destination": 3, "demand": 3, "price": 6.9995}, {"time_stamp": 15, "origin": 3, "destination": 3, "demand": 3, "price": 6.9995}, {"time_stamp": 0, "origin": 3, "destination": 4, "demand": 0, "price": 6.9995}, {"time_stamp": 1, "origin": 3, "destination": 4, "demand": 0, "price": 6.9995}, {"time_stamp": 2, "origin": 3, "destination": 4, "demand": 0, "price": 6.9995}, {"time_stamp": 3, "origin": 3, "destination": 4, "demand": 0, "price": 6.9995}, {"time_stamp": 4, "origin": 3, "destination": 4, "demand": 0, "price": 6.9995}, {"time_stamp": 5, "origin": 3, "destination": 4, "demand": 0, "price": 6.9995}, {"time_stamp": 6, "origin": 3, "destination": 4, "demand": 0, "price": 6.9995}, {"time_stamp": 7, "origin": 3, "destination": 4, "demand": 0, "price": 6.9995}, {"time_stamp": 8, "origin": 3, "destination": 4, "demand": 0, "price": 6.9995}, {"time_stamp": 9, "origin": 3, "destination": 4, "demand": 0, "price": 6.9995}, {"time_stamp": 10, "origin": 3, "destination": 4, "demand": 0, "price": 6.9995}, {"time_stamp": 11, "origin": 3, "destination": 4, "demand": 0, "price": 6.9995}, {"time_stamp": 12, "origin": 3, "destination": 4, "demand": 0, "price": 6.9995}, {"time_stamp": 13, "origin": 3, "destination": 4, "demand": 0, "price": 6.9995}, {"time_stamp": 14, "origin": 3, "destination": 4, "demand": 0, "price": 6.9995}, {"time_stamp": 15, "origin": 3, "destination": 4, "demand": 0, "price": 6.9995}, {"time_stamp": 0, "origin": 4, "destination": 0, "demand": 0, "price": 6.9995}, {"time_stamp": 1, "origin": 4, "destination": 0, "demand": 0, "price": 6.9995}, {"time_stamp": 2, "origin": 4, "destination": 0, "demand": 0, "price": 6.9995}, {"time_stamp": 3, "origin": 4, "destination": 0, "demand": 0, "price": 6.9995}, {"time_stamp": 4, "origin": 4, "destination": 0, "demand": 0, "price": 6.9995}, {"time_stamp": 5, "origin": 4, "destination": 0, "demand": 0, "price": 6.9995}, {"time_stamp": 6, "origin": 4, "destination": 0, "demand": 0, "price": 6.9995}, {"time_stamp": 7, "origin": 4, "destination": 0, "demand": 0, "price": 6.9995}, {"time_stamp": 8, "origin": 4, "destination": 0, "demand": 0, "price": 6.9995}, {"time_stamp": 9, "origin": 4, "destination": 0, "demand": 0, "price": 6.9995}, {"time_stamp": 10, "origin": 4, "destination": 0, "demand": 0, "price": 6.9995}, {"time_stamp": 11, "origin": 4, "destination": 0, "demand": 0, "price": 6.9995}, {"time_stamp": 12, "origin": 4, "destination": 0, "demand": 0, "price": 6.9995}, {"time_stamp": 13, "origin": 4, "destination": 0, "demand": 0, "price": 6.9995}, {"time_stamp": 14, "origin": 4, "destination": 0, "demand": 0, "price": 6.9995}, {"time_stamp": 15, "origin": 4, "destination": 0, "demand": 0, "price": 6.9995}, {"time_stamp": 0, "origin": 4, "destination": 1, "demand": 1, "price": 6.9995}, {"time_stamp": 1, "origin": 4, "destination": 1, "demand": 1, "price": 6.9995}, {"time_stamp": 2, "origin": 4, "destination": 1, "demand": 1, "price": 6.9995}, {"time_stamp": 3, "origin": 4, "destination": 1, "demand": 1, "price": 6.9995}, {"time_stamp": 4, "origin": 4, "destination": 1, "demand": 1, "price": 6.9995}, {"time_stamp": 5, "origin": 4, "destination": 1, "demand": 1, "price": 6.9995}, {"time_stamp": 6, "origin": 4, "destination": 1, "demand": 1, "price": 6.9995}, {"time_stamp": 7, "origin": 4, "destination": 1, "demand": 1, "price": 6.9995}, {"time_stamp": 8, "origin": 4, "destination": 1, "demand": 1, "price": 6.9995}, {"time_stamp": 9, "origin": 4, "destination": 1, "demand": 1, "price": 6.9995}, {"time_stamp": 10, "origin": 4, "destination": 1, "demand": 1, "price": 6.9995}, {"time_stamp": 11, "origin": 4, "destination": 1, "demand": 1, "price": 6.9995}, {"time_stamp": 12, "origin": 4, "destination": 1, "demand": 1, "price": 6.9995}, {"time_stamp": 13, "origin": 4, "destination": 1, "demand": 1, "price": 6.9995}, {"time_stamp": 14, "origin": 4, "destination": 1, "demand": 1, "price": 6.9995}, {"time_stamp": 15, "origin": 4, "destination": 1, "demand": 1, "price": 6.9995}, {"time_stamp": 0, "origin": 4, "destination": 2, "demand": 0, "price": 6.9995}, {"time_stamp": 1, "origin": 4, "destination": 2, "demand": 0, "price": 6.9995}, {"time_stamp": 2, "origin": 4, "destination": 2, "demand": 0, "price": 6.9995}, {"time_stamp": 3, "origin": 4, "destination": 2, "demand": 0, "price": 6.9995}, {"time_stamp": 4, "origin": 4, "destination": 2, "demand": 1, "price": 6.9995}, {"time_stamp": 5, "origin": 4, "destination": 2, "demand": 1, "price": 6.9995}, {"time_stamp": 6, "origin": 4, "destination": 2, "demand": 1, "price": 6.9995}, {"time_stamp": 7, "origin": 4, "destination": 2, "demand": 1, "price": 6.9995}, {"time_stamp": 8, "origin": 4, "destination": 2, "demand": 1, "price": 6.9995}, {"time_stamp": 9, "origin": 4, "destination": 2, "demand": 1, "price": 6.9995}, {"time_stamp": 10, "origin": 4, "destination": 2, "demand": 1, "price": 6.9995}, {"time_stamp": 11, "origin": 4, "destination": 2, "demand": 1, "price": 6.9995}, {"time_stamp": 12, "origin": 4, "destination": 2, "demand": 0, "price": 6.9995}, {"time_stamp": 13, "origin": 4, "destination": 2, "demand": 0, "price": 6.9995}, {"time_stamp": 14, "origin": 4, "destination": 2, "demand": 0, "price": 6.9995}, {"time_stamp": 15, "origin": 4, "destination": 2, "demand": 0, "price": 6.9995}, {"time_stamp": 0, "origin": 4, "destination": 3, "demand": 0, "price": 6.9995}, {"time_stamp": 1, "origin": 4, "destination": 3, "demand": 0, "price": 6.9995}, {"time_stamp": 2, "origin": 4, "destination": 3, "demand": 0, "price": 6.9995}, {"time_stamp": 3, "origin": 4, "destination": 3, "demand": 0, "price": 6.9995}, {"time_stamp": 4, "origin": 4, "destination": 3, "demand": 0, "price": 6.9995}, {"time_stamp": 5, "origin": 4, "destination": 3, "demand": 0, "price": 6.9995}, {"time_stamp": 6, "origin": 4, "destination": 3, "demand": 0, "price": 6.9995}, {"time_stamp": 7, "origin": 4, "destination": 3, "demand": 0, "price": 6.9995}, {"time_stamp": 8, "origin": 4, "destination": 3, "demand": 0, "price": 6.9995}, {"time_stamp": 9, "origin": 4, "destination": 3, "demand": 0, "price": 6.9995}, {"time_stamp": 10, "origin": 4, "destination": 3, "demand": 0, "price": 6.9995}, {"time_stamp": 11, "origin": 4, "destination": 3, "demand": 0, "price": 6.9995}, {"time_stamp": 12, "origin": 4, "destination": 3, "demand": 0, "price": 6.9995}, {"time_stamp": 13, "origin": 4, "destination": 3, "demand": 0, "price": 6.9995}, {"time_stamp": 14, "origin": 4, "destination": 3, "demand": 0, "price": 6.9995}, {"time_stamp": 15, "origin": 4, "destination": 3, "demand": 0, "price": 6.9995}, {"time_stamp": 0, "origin": 4, "destination": 4, "demand": 0, "price": 6.9995}, {"time_stamp": 1, "origin": 4, "destination": 4, "demand": 0, "price": 6.9995}, {"time_stamp": 2, "origin": 4, "destination": 4, "demand": 0, "price": 6.9995}, {"time_stamp": 3, "origin": 4, "destination": 4, "demand": 0, "price": 6.9995}, {"time_stamp": 4, "origin": 4, "destination": 4, "demand": 0, "price": 6.9995}, {"time_stamp": 5, "origin": 4, "destination": 4, "demand": 0, "price": 6.9995}, {"time_stamp": 6, "origin": 4, "destination": 4, "demand": 0, "price": 6.9995}, {"time_stamp": 7, "origin": 4, "destination": 4, "demand": 0, "price": 6.9995}, {"time_stamp": 8, "origin": 4, "destination": 4, "demand": 0, "price": 6.9995}, {"time_stamp": 9, "origin": 4, "destination": 4, "demand": 0, "price": 6.9995}, {"time_stamp": 10, "origin": 4, "destination": 4, "demand": 0, "price": 6.9995}, {"time_stamp": 11, "origin": 4, "destination": 4, "demand": 0, "price": 6.9995}, {"time_stamp": 12, "origin": 4, "destination": 4, "demand": 0, "price": 6.9995}, {"time_stamp": 13, "origin": 4, "destination": 4, "demand": 0, "price": 6.9995}, {"time_stamp": 14, "origin": 4, "destination": 4, "demand": 0, "price": 6.9995}, {"time_stamp": 15, "origin": 4, "destination": 4, "demand": 0, "price": 6.9995}], "rebTime": [{"time_stamp": 0, "origin": 0, "destination": 0, "reb_time": 1}, {"time_stamp": 1, "origin": 0, "destination": 0, "reb_time": 1}, {"time_stamp": 2, "origin": 0, "destination": 0, "reb_time": 1}, {"time_stamp": 3, "origin": 0, "destination": 0, "reb_time": 1}, {"time_stamp": 4, "origin": 0, "destination": 0, "reb_time": 1}, {"time_stamp": 5, "origin": 0, "destination": 0, "reb_time": 1}, {"time_stamp": 6, "origin": 0, "destination": 0, "reb_time": 1}, {"time_stamp": 7, "origin": 0, "destination": 0, "reb_time": 1}, {"time_stamp": 8, "origin": 0, "destination": 0, "reb_time": 1}, {"time_stamp": 9, "origin": 0, "destination": 0, "reb_time": 1}, {"time_stamp": 10, "origin": 0, "destination": 0, "reb_time": 1}, {"time_stamp": 11, "origin": 0, "destination": 0, "reb_time": 1}, {"time_stamp": 12, "origin": 0, "destination": 0, "reb_time": 1}, {"time_stamp": 13, "origin": 0, "destination": 0, "reb_time": 1}, {"time_stamp": 14, "origin": 0, "destination": 0, "reb_time": 1}, {"time_stamp": 15, "origin": 0, "destination": 0, "reb_time": 1}, {"time_stamp": 0, "origin": 0, "destination": 1, "reb_time": 1}, {"time_stamp": 1, "origin": 0, "destination": 1, "reb_time": 1}, {"time_stamp": 2, "origin": 0, "destination": 1, "reb_time": 1}, {"time_stamp": 3, "origin": 0, "destination": 1, "reb_time": 1}, {"time_stamp": 4, "origin": 0, "destination": 1, "reb_time": 1}, {"time_stamp": 5, "origin": 0, "destination": 1, "reb_time": 1}, {"time_stamp": 6, "origin": 0, "destination": 1, "reb_time": 1}, {"time_stamp": 7, "origin": 0, "destination": 1, "reb_time": 1}, {"time_stamp": 8, "origin": 0, "destination": 1, "reb_time": 1}, {"time_stamp": 9, "origin": 0, "destination": 1, "reb_time": 1}, {"time_stamp": 10, "origin": 0, "destination": 1, "reb_time": 1}, {"time_stamp": 11, "origin": 0, "destination": 1, "reb_time": 1}, {"time_stamp": 12, "origin": 0, "destination": 1, "reb_time": 1}, {"time_stamp": 13, "origin": 0, "destination": 1, "reb_time": 1}, {"time_stamp": 14, "origin": 0, "destination": 1, "reb_time": 1}, {"time_stamp": 15, "origin": 0, "destination": 1, "reb_time": 1}, {"time_stamp": 0, "origin": 0, "destination": 2, "reb_time": 1}, {"time_stamp": 1, "origin": 0, "destination": 2, "reb_time": 1}, {"time_stamp": 2, "origin": 0, "destination": 2, "reb_time": 1}, {"time_stamp": 3, "origin": 0, "destination": 2, "reb_time": 1}, {"time_stamp": 4, "origin": 0, "destination": 2, "reb_time": 1}, {"time_stamp": 5, "origin": 0, "destination": 2, "reb_time": 1}, {"time_stamp": 6, "origin": 0, "destination": 2, "reb_time": 1}, {"time_stamp": 7, "origin": 0, "destination": 2, "reb_time": 1}, {"time_stamp": 8, "origin": 0, "destination": 2, "reb_time": 1}, {"time_stamp": 9, "origin": 0, "destination": 2, "reb_time": 1}, {"time_stamp": 10, "origin": 0, "destination": 2, "reb_time": 1}, {"time_stamp": 11, "origin": 0, "destination": 2, "reb_time": 1}, {"time_stamp": 12, "origin": 0, "destination": 2, "reb_time": 1}, {"time_stamp": 13, "origin": 0, "destination": 2, "reb_time": 1}, {"time_stamp": 14, "origin": 0, "destination": 2, "reb_time": 1}, {"time_stamp": 15, "origin": 0, "destination": 2, "reb_time": 1}, {"time_stamp": 0, "origin": 0, "destination": 3, "reb_time": 1}, {"time_stamp": 1, "origin": 0, "destination": 3, "reb_time": 1}, {"time_stamp": 2, "origin": 0, "destination": 3, "reb_time": 1}, {"time_stamp": 3, "origin": 0, "destination": 3, "reb_time": 1}, {"time_stamp": 4, "origin": 0, "destination": 3, "reb_time": 1}, {"time_stamp": 5, "origin": 0, "destination": 3, "reb_time": 1}, {"time_stamp": 6, "origin": 0, "destination": 3, "reb_time": 1}, {"time_stamp": 7, "origin": 0, "destination": 3, "reb_time": 1}, {"time_stamp": 8, "origin": 0, "destination": 3, "reb_time": 1}, {"time_stamp": 9, "origin": 0, "destination": 3, "reb_time": 1}, {"time_stamp": 10, "origin": 0, "destination": 3, "reb_time": 1}, {"time_stamp": 11, "origin": 0, "destination": 3, "reb_time": 1}, {"time_stamp": 12, "origin": 0, "destination": 3, "reb_time": 1}, {"time_stamp": 13, "origin": 0, "destination": 3, "reb_time": 1}, {"time_stamp": 14, "origin": 0, "destination": 3, "reb_time": 1}, {"time_stamp": 15, "origin": 0, "destination": 3, "reb_time": 1}, {"time_stamp": 0, "origin": 0, "destination": 4, "reb_time": 1}, {"time_stamp": 1, "origin": 0, "destination": 4, "reb_time": 1}, {"time_stamp": 2, "origin": 0, "destination": 4, "reb_time": 1}, {"time_stamp": 3, "origin": 0, "destination": 4, "reb_time": 1}, {"time_stamp": 4, "origin": 0, "destination": 4, "reb_time": 1}, {"time_stamp": 5, "origin": 0, "destination": 4, "reb_time": 1}, {"time_stamp": 6, "origin": 0, "destination": 4, "reb_time": 1}, {"time_stamp": 7, "origin": 0, "destination": 4, "reb_time": 1}, {"time_stamp": 8, "origin": 0, "destination": 4, "reb_time": 1}, {"time_stamp": 9, "origin": 0, "destination": 4, "reb_time": 1}, {"time_stamp": 10, "origin": 0, "destination": 4, "reb_time": 1}, {"time_stamp": 11, "origin": 0, "destination": 4, "reb_time": 1}, {"time_stamp": 12, "origin": 0, "destination": 4, "reb_time": 1}, {"time_stamp": 13, "origin": 0, "destination": 4, "reb_time": 1}, {"time_stamp": 14, "origin": 0, "destination": 4, "reb_time": 1}, {"time_stamp": 15, "origin": 0, "destination": 4, "reb_time": 1}, {"time_stamp": 0, "origin": 1, "destination": 0, "reb_time": 1}, {"time_stamp": 1, "origin": 1, "destination": 0, "reb_time": 1}, {"time_stamp": 2, "origin": 1, "destination": 0, "reb_time": 1}, {"time_stamp": 3, "origin": 1, "destination": 0, "reb_time": 1}, {"time_stamp": 4, "origin": 1, "destination": 0, "reb_time": 1}, {"time_stamp": 5, "origin": 1, "destination": 0, "reb_time": 1}, {"time_stamp": 6, "origin": 1, "destination": 0, "reb_time": 1}, {"time_stamp": 7, "origin": 1, "destination": 0, "reb_time": 1}, {"time_stamp": 8, "origin": 1, "destination": 0, "reb_time": 1}, {"time_stamp": 9, "origin": 1, "destination": 0, "reb_time": 1}, {"time_stamp": 10, "origin": 1, "destination": 0, "reb_time": 1}, {"time_stamp": 11, "origin": 1, "destination": 0, "reb_time": 1}, {"time_stamp": 12, "origin": 1, "destination": 0, "reb_time": 1}, {"time_stamp": 13, "origin": 1, "destination": 0, "reb_time": 1}, {"time_stamp": 14, "origin": 1, "destination": 0, "reb_time": 1}, {"time_stamp": 15, "origin": 1, "destination": 0, "reb_time": 1}, {"time_stamp": 0, "origin": 1, "destination": 1, "reb_time": 1}, {"time_stamp": 1, "origin": 1, "destination": 1, "reb_time": 1}, {"time_stamp": 2, "origin": 1, "destination": 1, "reb_time": 1}, {"time_stamp": 3, "origin": 1, "destination": 1, "reb_time": 1}, {"time_stamp": 4, "origin": 1, "destination": 1, "reb_time": 1}, {"time_stamp": 5, "origin": 1, "destination": 1, "reb_time": 1}, {"time_stamp": 6, "origin": 1, "destination": 1, "reb_time": 1}, {"time_stamp": 7, "origin": 1, "destination": 1, "reb_time": 1}, {"time_stamp": 8, "origin": 1, "destination": 1, "reb_time": 1}, {"time_stamp": 9, "origin": 1, "destination": 1, "reb_time": 1}, {"time_stamp": 10, "origin": 1, "destination": 1, "reb_time": 1}, {"time_stamp": 11, "origin": 1, "destination": 1, "reb_time": 1}, {"time_stamp": 12, "origin": 1, "destination": 1, "reb_time": 1}, {"time_stamp": 13, "origin": 1, "destination": 1, "reb_time": 1}, {"time_stamp": 14, "origin": 1, "destination": 1, "reb_time": 1}, {"time_stamp": 15, "origin": 1, "destination": 1, "reb_time": 1}, {"time_stamp": 0, "origin": 1, "destination": 2, "reb_time": 1}, {"time_stamp": 1, "origin": 1, "destination": 2, "reb_time": 1}, {"time_stamp": 2, "origin": 1, "destination": 2, "reb_time": 1}, {"time_stamp": 3, "origin": 1, "destination": 2, "reb_time": 1}, {"time_stamp": 4, "origin": 1, "destination": 2, "reb_time": 1}, {"time_stamp": 5, "origin": 1, "destination": 2, "reb_time": 1}, {"time_stamp": 6, "origin": 1, "destination": 2, "reb_time": 1}, {"time_stamp": 7, "origin": 1, "destination": 2, "reb_time": 1}, {"time_stamp": 8, "origin": 1, "destination": 2, "reb_time": 1}, {"time_stamp": 9, "origin": 1, "destination": 2, "reb_time": 1}, {"time_stamp": 10, "origin": 1, "destination": 2, "reb_time": 1}, {"time_stamp": 11, "origin": 1, "destination": 2, "reb_time": 1}, {"time_stamp": 12, "origin": 1, "destination": 2, "reb_time": 1}, {"time_stamp": 13, "origin": 1, "destination": 2, "reb_time": 1}, {"time_stamp": 14, "origin": 1, "destination": 2, "reb_time": 1}, {"time_stamp": 15, "origin": 1, "destination": 2, "reb_time": 1}, {"time_stamp": 0, "origin": 1, "destination": 3, "reb_time": 1}, {"time_stamp": 1, "origin": 1, "destination": 3, "reb_time": 1}, {"time_stamp": 2, "origin": 1, "destination": 3, "reb_time": 1}, {"time_stamp": 3, "origin": 1, "destination": 3, "reb_time": 1}, {"time_stamp": 4, "origin": 1, "destination": 3, "reb_time": 1}, {"time_stamp": 5, "origin": 1, "destination": 3, "reb_time": 1}, {"time_stamp": 6, "origin": 1, "destination": 3, "reb_time": 1}, {"time_stamp": 7, "origin": 1, "destination": 3, "reb_time": 1}, {"time_stamp": 8, "origin": 1, "destination": 3, "reb_time": 1}, {"time_stamp": 9, "origin": 1, "destination": 3, "reb_time": 1}, {"time_stamp": 10, "origin": 1, "destination": 3, "reb_time": 1}, {"time_stamp": 11, "origin": 1, "destination": 3, "reb_time": 1}, {"time_stamp": 12, "origin": 1, "destination": 3, "reb_time": 1}, {"time_stamp": 13, "origin": 1, "destination": 3, "reb_time": 1}, {"time_stamp": 14, "origin": 1, "destination": 3, "reb_time": 1}, {"time_stamp": 15, "origin": 1, "destination": 3, "reb_time": 1}, {"time_stamp": 0, "origin": 1, "destination": 4, "reb_time": 1}, {"time_stamp": 1, "origin": 1, "destination": 4, "reb_time": 1}, {"time_stamp": 2, "origin": 1, "destination": 4, "reb_time": 1}, {"time_stamp": 3, "origin": 1, "destination": 4, "reb_time": 1}, {"time_stamp": 4, "origin": 1, "destination": 4, "reb_time": 1}, {"time_stamp": 5, "origin": 1, "destination": 4, "reb_time": 1}, {"time_stamp": 6, "origin": 1, "destination": 4, "reb_time": 1}, {"time_stamp": 7, "origin": 1, "destination": 4, "reb_time": 1}, {"time_stamp": 8, "origin": 1, "destination": 4, "reb_time": 1}, {"time_stamp": 9, "origin": 1, "destination": 4, "reb_time": 1}, {"time_stamp": 10, "origin": 1, "destination": 4, "reb_time": 1}, {"time_stamp": 11, "origin": 1, "destination": 4, "reb_time": 1}, {"time_stamp": 12, "origin": 1, "destination": 4, "reb_time": 1}, {"time_stamp": 13, "origin": 1, "destination": 4, "reb_time": 1}, {"time_stamp": 14, "origin": 1, "destination": 4, "reb_time": 1}, {"time_stamp": 15, "origin": 1, "destination": 4, "reb_time": 1}, {"time_stamp": 0, "origin": 2, "destination": 0, "reb_time": 1}, {"time_stamp": 1, "origin": 2, "destination": 0, "reb_time": 1}, {"time_stamp": 2, "origin": 2, "destination": 0, "reb_time": 1}, {"time_stamp": 3, "origin": 2, "destination": 0, "reb_time": 1}, {"time_stamp": 4, "origin": 2, "destination": 0, "reb_time": 1}, {"time_stamp": 5, "origin": 2, "destination": 0, "reb_time": 1}, {"time_stamp": 6, "origin": 2, "destination": 0, "reb_time": 1}, {"time_stamp": 7, "origin": 2, "destination": 0, "reb_time": 1}, {"time_stamp": 8, "origin": 2, "destination": 0, "reb_time": 1}, {"time_stamp": 9, "origin": 2, "destination": 0, "reb_time": 1}, {"time_stamp": 10, "origin": 2, "destination": 0, "reb_time": 1}, {"time_stamp": 11, "origin": 2, "destination": 0, "reb_time": 1}, {"time_stamp": 12, "origin": 2, "destination": 0, "reb_time": 1}, {"time_stamp": 13, "origin": 2, "destination": 0, "reb_time": 1}, {"time_stamp": 14, "origin": 2, "destination": 0, "reb_time": 1}, {"time_stamp": 15, "origin": 2, "destination": 0, "reb_time": 1}, {"time_stamp": 0, "origin": 2, "destination": 1, "reb_time": 1}, {"time_stamp": 1, "origin": 2, "destination": 1, "reb_time": 1}, {"time_stamp": 2, "origin": 2, "destination": 1, "reb_time": 1}, {"time_stamp": 3, "origin": 2, "destination": 1, "reb_time": 1}, {"time_stamp": 4, "origin": 2, "destination": 1, "reb_time": 1}, {"time_stamp": 5, "origin": 2, "destination": 1, "reb_time": 1}, {"time_stamp": 6, "origin": 2, "destination": 1, "reb_time": 1}, {"time_stamp": 7, "origin": 2, "destination": 1, "reb_time": 1}, {"time_stamp": 8, "origin": 2, "destination": 1, "reb_time": 1}, {"time_stamp": 9, "origin": 2, "destination": 1, "reb_time": 1}, {"time_stamp": 10, "origin": 2, "destination": 1, "reb_time": 1}, {"time_stamp": 11, "origin": 2, "destination": 1, "reb_time": 1}, {"time_stamp": 12, "origin": 2, "destination": 1, "reb_time": 1}, {"time_stamp": 13, "origin": 2, "destination": 1, "reb_time": 1}, {"time_stamp": 14, "origin": 2, "destination": 1, "reb_time": 1}, {"time_stamp": 15, "origin": 2, "destination": 1, "reb_time": 1}, {"time_stamp": 0, "origin": 2, "destination": 2, "reb_time": 1}, {"time_stamp": 1, "origin": 2, "destination": 2, "reb_time": 1}, {"time_stamp": 2, "origin": 2, "destination": 2, "reb_time": 1}, {"time_stamp": 3, "origin": 2, "destination": 2, "reb_time": 1}, {"time_stamp": 4, "origin": 2, "destination": 2, "reb_time": 1}, {"time_stamp": 5, "origin": 2, "destination": 2, "reb_time": 1}, {"time_stamp": 6, "origin": 2, "destination": 2, "reb_time": 1}, {"time_stamp": 7, "origin": 2, "destination": 2, "reb_time": 1}, {"time_stamp": 8, "origin": 2, "destination": 2, "reb_time": 1}, {"time_stamp": 9, "origin": 2, "destination": 2, "reb_time": 1}, {"time_stamp": 10, "origin": 2, "destination": 2, "reb_time": 1}, {"time_stamp": 11, "origin": 2, "destination": 2, "reb_time": 1}, {"time_stamp": 12, "origin": 2, "destination": 2, "reb_time": 1}, {"time_stamp": 13, "origin": 2, "destination": 2, "reb_time": 1}, {"time_stamp": 14, "origin": 2, "destination": 2, "reb_time": 1}, {"time_stamp": 15, "origin": 2, "destination": 2, "reb_time": 1}, {"time_stamp": 0, "origin": 2, "destination": 3, "reb_time": 1}, {"time_stamp": 1, "origin": 2, "destination": 3, "reb_time": 1}, {"time_stamp": 2, "origin": 2, "destination": 3, "reb_time": 1}, {"time_stamp": 3, "origin": 2, "destination": 3, "reb_time": 1}, {"time_stamp": 4, "origin": 2, "destination": 3, "reb_time": 1}, {"time_stamp": 5, "origin": 2, "destination": 3, "reb_time": 1}, {"time_stamp": 6, "origin": 2, "destination": 3, "reb_time": 1}, {"time_stamp": 7, "origin": 2, "destination": 3, "reb_time": 1}, {"time_stamp": 8, "origin": 2, "destination": 3, "reb_time": 1}, {"time_stamp": 9, "origin": 2, "destination": 3, "reb_time": 1}, {"time_stamp": 10, "origin": 2, "destination": 3, "reb_time": 1}, {"time_stamp": 11, "origin": 2, "destination": 3, "reb_time": 1}, {"time_stamp": 12, "origin": 2, "destination": 3, "reb_time": 1}, {"time_stamp": 13, "origin": 2, "destination": 3, "reb_time": 1}, {"time_stamp": 14, "origin": 2, "destination": 3, "reb_time": 1}, {"time_stamp": 15, "origin": 2, "destination": 3, "reb_time": 1}, {"time_stamp": 0, "origin": 2, "destination": 4, "reb_time": 1}, {"time_stamp": 1, "origin": 2, "destination": 4, "reb_time": 1}, {"time_stamp": 2, "origin": 2, "destination": 4, "reb_time": 1}, {"time_stamp": 3, "origin": 2, "destination": 4, "reb_time": 1}, {"time_stamp": 4, "origin": 2, "destination": 4, "reb_time": 1}, {"time_stamp": 5, "origin": 2, "destination": 4, "reb_time": 1}, {"time_stamp": 6, "origin": 2, "destination": 4, "reb_time": 1}, {"time_stamp": 7, "origin": 2, "destination": 4, "reb_time": 1}, {"time_stamp": 8, "origin": 2, "destination": 4, "reb_time": 1}, {"time_stamp": 9, "origin": 2, "destination": 4, "reb_time": 1}, {"time_stamp": 10, "origin": 2, "destination": 4, "reb_time": 1}, {"time_stamp": 11, "origin": 2, "destination": 4, "reb_time": 1}, {"time_stamp": 12, "origin": 2, "destination": 4, "reb_time": 1}, {"time_stamp": 13, "origin": 2, "destination": 4, "reb_time": 1}, {"time_stamp": 14, "origin": 2, "destination": 4, "reb_time": 1}, {"time_stamp": 15, "origin": 2, "destination": 4, "reb_time": 1}, {"time_stamp": 0, "origin": 3, "destination": 0, "reb_time": 1}, {"time_stamp": 1, "origin": 3, "destination": 0, "reb_time": 1}, {"time_stamp": 2, "origin": 3, "destination": 0, "reb_time": 1}, {"time_stamp": 3, "origin": 3, "destination": 0, "reb_time": 1}, {"time_stamp": 4, "origin": 3, "destination": 0, "reb_time": 1}, {"time_stamp": 5, "origin": 3, "destination": 0, "reb_time": 1}, {"time_stamp": 6, "origin": 3, "destination": 0, "reb_time": 1}, {"time_stamp": 7, "origin": 3, "destination": 0, "reb_time": 1}, {"time_stamp": 8, "origin": 3, "destination": 0, "reb_time": 1}, {"time_stamp": 9, "origin": 3, "destination": 0, "reb_time": 1}, {"time_stamp": 10, "origin": 3, "destination": 0, "reb_time": 1}, {"time_stamp": 11, "origin": 3, "destination": 0, "reb_time": 1}, {"time_stamp": 12, "origin": 3, "destination": 0, "reb_time": 1}, {"time_stamp": 13, "origin": 3, "destination": 0, "reb_time": 1}, {"time_stamp": 14, "origin": 3, "destination": 0, "reb_time": 1}, {"time_stamp": 15, "origin": 3, "destination": 0, "reb_time": 1}, {"time_stamp": 0, "origin": 3, "destination": 1, "reb_time": 1}, {"time_stamp": 1, "origin": 3, "destination": 1, "reb_time": 1}, {"time_stamp": 2, "origin": 3, "destination": 1, "reb_time": 1}, {"time_stamp": 3, "origin": 3, "destination": 1, "reb_time": 1}, {"time_stamp": 4, "origin": 3, "destination": 1, "reb_time": 1}, {"time_stamp": 5, "origin": 3, "destination": 1, "reb_time": 1}, {"time_stamp": 6, "origin": 3, "destination": 1, "reb_time": 1}, {"time_stamp": 7, "origin": 3, "destination": 1, "reb_time": 1}, {"time_stamp": 8, "origin": 3, "destination": 1, "reb_time": 1}, {"time_stamp": 9, "origin": 3, "destination": 1, "reb_time": 1}, {"time_stamp": 10, "origin": 3, "destination": 1, "reb_time": 1}, {"time_stamp": 11, "origin": 3, "destination": 1, "reb_time": 1}, {"time_stamp": 12, "origin": 3, "destination": 1, "reb_time": 1}, {"time_stamp": 13, "origin": 3, "destination": 1, "reb_time": 1}, {"time_stamp": 14, "origin": 3, "destination": 1, "reb_time": 1}, {"time_stamp": 15, "origin": 3, "destination": 1, "reb_time": 1}, {"time_stamp": 0, "origin": 3, "destination": 2, "reb_time": 1}, {"time_stamp": 1, "origin": 3, "destination": 2, "reb_time": 1}, {"time_stamp": 2, "origin": 3, "destination": 2, "reb_time": 1}, {"time_stamp": 3, "origin": 3, "destination": 2, "reb_time": 1}, {"time_stamp": 4, "origin": 3, "destination": 2, "reb_time": 1}, {"time_stamp": 5, "origin": 3, "destination": 2, "reb_time": 1}, {"time_stamp": 6, "origin": 3, "destination": 2, "reb_time": 1}, {"time_stamp": 7, "origin": 3, "destination": 2, "reb_time": 1}, {"time_stamp": 8, "origin": 3, "destination": 2, "reb_time": 1}, {"time_stamp": 9, "origin": 3, "destination": 2, "reb_time": 1}, {"time_stamp": 10, "origin": 3, "destination": 2, "reb_time": 1}, {"time_stamp": 11, "origin": 3, "destination": 2, "reb_time": 1}, {"time_stamp": 12, "origin": 3, "destination": 2, "reb_time": 1}, {"time_stamp": 13, "origin": 3, "destination": 2, "reb_time": 1}, {"time_stamp": 14, "origin": 3, "destination": 2, "reb_time": 1}, {"time_stamp": 15, "origin": 3, "destination": 2, "reb_time": 1}, {"time_stamp": 0, "origin": 3, "destination": 3, "reb_time": 1}, {"time_stamp": 1, "origin": 3, "destination": 3, "reb_time": 1}, {"time_stamp": 2, "origin": 3, "destination": 3, "reb_time": 1}, {"time_stamp": 3, "origin": 3, "destination": 3, "reb_time": 1}, {"time_stamp": 4, "origin": 3, "destination": 3, "reb_time": 1}, {"time_stamp": 5, "origin": 3, "destination": 3, "reb_time": 1}, {"time_stamp": 6, "origin": 3, "destination": 3, "reb_time": 1}, {"time_stamp": 7, "origin": 3, "destination": 3, "reb_time": 1}, {"time_stamp": 8, "origin": 3, "destination": 3, "reb_time": 1}, {"time_stamp": 9, "origin": 3, "destination": 3, "reb_time": 1}, {"time_stamp": 10, "origin": 3, "destination": 3, "reb_time": 1}, {"time_stamp": 11, "origin": 3, "destination": 3, "reb_time": 1}, {"time_stamp": 12, "origin": 3, "destination": 3, "reb_time": 1}, {"time_stamp": 13, "origin": 3, "destination": 3, "reb_time": 1}, {"time_stamp": 14, "origin": 3, "destination": 3, "reb_time": 1}, {"time_stamp": 15, "origin": 3, "destination": 3, "reb_time": 1}, {"time_stamp": 0, "origin": 3, "destination": 4, "reb_time": 1}, {"time_stamp": 1, "origin": 3, "destination": 4, "reb_time": 1}, {"time_stamp": 2, "origin": 3, "destination": 4, "reb_time": 1}, {"time_stamp": 3, "origin": 3, "destination": 4, "reb_time": 1}, {"time_stamp": 4, "origin": 3, "destination": 4, "reb_time": 1}, {"time_stamp": 5, "origin": 3, "destination": 4, "reb_time": 1}, {"time_stamp": 6, "origin": 3, "destination": 4, "reb_time": 1}, {"time_stamp": 7, "origin": 3, "destination": 4, "reb_time": 1}, {"time_stamp": 8, "origin": 3, "destination": 4, "reb_time": 1}, {"time_stamp": 9, "origin": 3, "destination": 4, "reb_time": 1}, {"time_stamp": 10, "origin": 3, "destination": 4, "reb_time": 1}, {"time_stamp": 11, "origin": 3, "destination": 4, "reb_time": 1}, {"time_stamp": 12, "origin": 3, "destination": 4, "reb_time": 1}, {"time_stamp": 13, "origin": 3, "destination": 4, "reb_time": 1}, {"time_stamp": 14, "origin": 3, "destination": 4, "reb_time": 1}, {"time_stamp": 15, "origin": 3, "destination": 4, "reb_time": 1}, {"time_stamp": 0, "origin": 4, "destination": 0, "reb_time": 1}, {"time_stamp": 1, "origin": 4, "destination": 0, "reb_time": 1}, {"time_stamp": 2, "origin": 4, "destination": 0, "reb_time": 1}, {"time_stamp": 3, "origin": 4, "destination": 0, "reb_time": 1}, {"time_stamp": 4, "origin": 4, "destination": 0, "reb_time": 1}, {"time_stamp": 5, "origin": 4, "destination": 0, "reb_time": 1}, {"time_stamp": 6, "origin": 4, "destination": 0, "reb_time": 1}, {"time_stamp": 7, "origin": 4, "destination": 0, "reb_time": 1}, {"time_stamp": 8, "origin": 4, "destination": 0, "reb_time": 1}, {"time_stamp": 9, "origin": 4, "destination": 0, "reb_time": 1}, {"time_stamp": 10, "origin": 4, "destination": 0, "reb_time": 1}, {"time_stamp": 11, "origin": 4, "destination": 0, "reb_time": 1}, {"time_stamp": 12, "origin": 4, "destination": 0, "reb_time": 1}, {"time_stamp": 13, "origin": 4, "destination": 0, "reb_time": 1}, {"time_stamp": 14, "origin": 4, "destination": 0, "reb_time": 1}, {"time_stamp": 15, "origin": 4, "destination": 0, "reb_time": 1}, {"time_stamp": 0, "origin": 4, "destination": 1, "reb_time": 1}, {"time_stamp": 1, "origin": 4, "destination": 1, "reb_time": 1}, {"time_stamp": 2, "origin": 4, "destination": 1, "reb_time": 1}, {"time_stamp": 3, "origin": 4, "destination": 1, "reb_time": 1}, {"time_stamp": 4, "origin": 4, "destination": 1, "reb_time": 1}, {"time_stamp": 5, "origin": 4, "destination": 1, "reb_time": 1}, {"time_stamp": 6, "origin": 4, "destination": 1, "reb_time": 1}, {"time_stamp": 7, "origin": 4, "destination": 1, "reb_time": 1}, {"time_stamp": 8, "origin": 4, "destination": 1, "reb_time": 1}, {"time_stamp": 9, "origin": 4, "destination": 1, "reb_time": 1}, {"time_stamp": 10, "origin": 4, "destination": 1, "reb_time": 1}, {"time_stamp": 11, "origin": 4, "destination": 1, "reb_time": 1}, {"time_stamp": 12, "origin": 4, "destination": 1, "reb_time": 1}, {"time_stamp": 13, "origin": 4, "destination": 1, "reb_time": 1}, {"time_stamp": 14, "origin": 4, "destination": 1, "reb_time": 1}, {"time_stamp": 15, "origin": 4, "destination": 1, "reb_time": 1}, {"time_stamp": 0, "origin": 4, "destination": 2, "reb_time": 1}, {"time_stamp": 1, "origin": 4, "destination": 2, "reb_time": 1}, {"time_stamp": 2, "origin": 4, "destination": 2, "reb_time": 1}, {"time_stamp": 3, "origin": 4, "destination": 2, "reb_time": 1}, {"time_stamp": 4, "origin": 4, "destination": 2, "reb_time": 1}, {"time_stamp": 5, "origin": 4, "destination": 2, "reb_time": 1}, {"time_stamp": 6, "origin": 4, "destination": 2, "reb_time": 1}, {"time_stamp": 7, "origin": 4, "destination": 2, "reb_time": 1}, {"time_stamp": 8, "origin": 4, "destination": 2, "reb_time": 1}, {"time_stamp": 9, "origin": 4, "destination": 2, "reb_time": 1}, {"time_stamp": 10, "origin": 4, "destination": 2, "reb_time": 1}, {"time_stamp": 11, "origin": 4, "destination": 2, "reb_time": 1}, {"time_stamp": 12, "origin": 4, "destination": 2, "reb_time": 1}, {"time_stamp": 13, "origin": 4, "destination": 2, "reb_time": 1}, {"time_stamp": 14, "origin": 4, "destination": 2, "reb_time": 1}, {"time_stamp": 15, "origin": 4, "destination": 2, "reb_time": 1}, {"time_stamp": 0, "origin": 4, "destination": 3, "reb_time": 1}, {"time_stamp": 1, "origin": 4, "destination": 3, "reb_time": 1}, {"time_stamp": 2, "origin": 4, "destination": 3, "reb_time": 1}, {"time_stamp": 3, "origin": 4, "destination": 3, "reb_time": 1}, {"time_stamp": 4, "origin": 4, "destination": 3, "reb_time": 1}, {"time_stamp": 5, "origin": 4, "destination": 3, "reb_time": 1}, {"time_stamp": 6, "origin": 4, "destination": 3, "reb_time": 1}, {"time_stamp": 7, "origin": 4, "destination": 3, "reb_time": 1}, {"time_stamp": 8, "origin": 4, "destination": 3, "reb_time": 1}, {"time_stamp": 9, "origin": 4, "destination": 3, "reb_time": 1}, {"time_stamp": 10, "origin": 4, "destination": 3, "reb_time": 1}, {"time_stamp": 11, "origin": 4, "destination": 3, "reb_time": 1}, {"time_stamp": 12, "origin": 4, "destination": 3, "reb_time": 1}, {"time_stamp": 13, "origin": 4, "destination": 3, "reb_time": 1}, {"time_stamp": 14, "origin": 4, "destination": 3, "reb_time": 1}, {"time_stamp": 15, "origin": 4, "destination": 3, "reb_time": 1}, {"time_stamp": 0, "origin": 4, "destination": 4, "reb_time": 1}, {"time_stamp": 1, "origin": 4, "destination": 4, "reb_time": 1}, {"time_stamp": 2, "origin": 4, "destination": 4, "reb_time": 1}, {"time_stamp": 3, "origin": 4, "destination": 4, "reb_time": 1}, {"time_stamp": 4, "origin": 4, "destination": 4, "reb_time": 1}, {"time_stamp": 5, "origin": 4, "destination": 4, "reb_time": 1}, {"time_stamp": 6, "origin": 4, "destination": 4, "reb_time": 1}, {"time_stamp": 7, "origin": 4, "destination": 4, "reb_time": 1}, {"time_stamp": 8, "origin": 4, "destination": 4, "reb_time": 1}, {"time_stamp": 9, "origin": 4, "destination": 4, "reb_time": 1}, {"time_stamp": 10, "origin": 4, "destination": 4, "reb_time": 1}, {"time_stamp": 11, "origin": 4, "destination": 4, "reb_time": 1}, {"time_stamp": 12, "origin": 4, "destination": 4, "reb_time": 1}, {"time_stamp": 13, "origin": 4, "destination": 4, "reb_time": 1}, {"time_stamp": 14, "origin": 4, "destination": 4, "reb_time": 1}, {"time_stamp": 15, "origin": 4, "destination": 4, "reb_time": 1}], "totalAcc": [{"hour": 0, "acc": 40}, {"hour": 1, "acc": 40}, {"hour": 2, "acc": 40}, {"hour": 3, "acc": 40}, {"hour": 4, "acc": 40}, {"hour": 5, "acc": 40}, {"hour": 6, "acc": 40}, {"hour": 7, "acc": 40}, {"hour": 8, "acc": 40}, {"hour": 9, "acc": 40}, {"hour": 10, "acc": 40}, {"hour": 11, "acc": 40}, {"hour": 12, "acc": 40}, {"hour": 13, "acc": 40}, {"hour": 14, "acc": 40}, {"hour": 15, "acc": 40}, {"hour": 16, "acc": 40}, {"hour": 17, "acc": 40}, {"hour": 18, "acc": 40}, {"hour": 19, "acc": 40}, {"hour": 20, "acc": 40}, {"hour": 21, "acc": 40}, {"hour": 22, "acc": 40}, {"hour": 23, "acc": 40}], "chargelevels": 39, "spatialNodes": 5, "chargeLevelsPerChargeStep": 12, "episodeLength": 16, "energy_prices": [0.16872, 0.16872, 0.16872, 0.16872, 0.16872, 0.16872, 0.16872, 0.16872, 0.16872, 0.16872, 0.16872, 0.16872, 0.16872, 0.16872, 0.16872, 0.16872], "chargeLocations": [true, true, true, true, true], "carsPerStationCapacity": [1.0, 1.0, 1.0, 1.0, 1.0], "timeGranularity": 0.25, "operationalCostPerTimestep": 0.1848}