{"demand": [{"time_stamp": 0, "origin": 0, "destination": 0, "demand": 766, "price": 3.7800000000000002}, {"time_stamp": 1, "origin": 0, "destination": 0, "demand": 457, "price": 3.7800000000000002}, {"time_stamp": 2, "origin": 0, "destination": 0, "demand": 321, "price": 3.7800000000000002}, {"time_stamp": 3, "origin": 0, "destination": 0, "demand": 228, "price": 3.7800000000000002}, {"time_stamp": 4, "origin": 0, "destination": 0, "demand": 322, "price": 3.7800000000000002}, {"time_stamp": 5, "origin": 0, "destination": 0, "demand": 3188, "price": 3.6}, {"time_stamp": 6, "origin": 0, "destination": 0, "demand": 9234, "price": 3.7800000000000002}, {"time_stamp": 7, "origin": 0, "destination": 0, "demand": 10789, "price": 3.7800000000000002}, {"time_stamp": 8, "origin": 0, "destination": 0, "demand": 8348, "price": 3.7800000000000002}, {"time_stamp": 9, "origin": 0, "destination": 0, "demand": 7387, "price": 3.6}, {"time_stamp": 10, "origin": 0, "destination": 0, "demand": 8623, "price": 3.9600000000000004}, {"time_stamp": 11, "origin": 0, "destination": 0, "demand": 9552, "price": 3.7800000000000002}, {"time_stamp": 12, "origin": 0, "destination": 0, "demand": 9587, "price": 3.7800000000000002}, {"time_stamp": 13, "origin": 0, "destination": 0, "demand": 10784, "price": 3.9600000000000004}, {"time_stamp": 14, "origin": 0, "destination": 0, "demand": 12830, "price": 3.9600000000000004}, {"time_stamp": 15, "origin": 0, "destination": 0, "demand": 12403, "price": 3.9600000000000004}, {"time_stamp": 16, "origin": 0, "destination": 0, "demand": 14921, "price": 3.7800000000000002}, {"time_stamp": 17, "origin": 0, "destination": 0, "demand": 12931, "price": 3.7800000000000002}, {"time_stamp": 18, "origin": 0, "destination": 0, "demand": 9707, "price": 3.7800000000000002}, {"time_stamp": 19, "origin": 0, "destination": 0, "demand": 6562, "price": 3.6}, {"time_stamp": 20, "origin": 0, "destination": 0, "demand": 4471, "price": 3.7800000000000002}, {"time_stamp": 21, "origin": 0, "destination": 0, "demand": 2708, "price": 3.6}, {"time_stamp": 22, "origin": 0, "destination": 0, "demand": 1585, "price": 3.6}, {"time_stamp": 23, "origin": 0, "destination": 0, "demand": 1141, "price": 3.6}, {"time_stamp": 0, "origin": 0, "destination": 1, "demand": 217, "price": 6.84}, {"time_stamp": 1, "origin": 0, "destination": 1, "demand": 111, "price": 7.02}, {"time_stamp": 2, "origin": 0, "destination": 1, "demand": 59, "price": 7.02}, {"time_stamp": 3, "origin": 0, "destination": 1, "demand": 37, "price": 7.02}, {"time_stamp": 4, "origin": 0, "destination": 1, "demand": 77, "price": 7.02}, {"time_stamp": 5, "origin": 0, "destination": 1, "demand": 652, "price": 6.84}, {"time_stamp": 6, "origin": 0, "destination": 1, "demand": 2783, "price": 6.84}, {"time_stamp": 7, "origin": 0, "destination": 1, "demand": 2147, "price": 7.02}, {"time_stamp": 8, "origin": 0, "destination": 1, "demand": 1676, "price": 7.02}, {"time_stamp": 9, "origin": 0, "destination": 1, "demand": 1503, "price": 7.2}, {"time_stamp": 10, "origin": 0, "destination": 1, "demand": 1503, "price": 7.02}, {"time_stamp": 11, "origin": 0, "destination": 1, "demand": 1623, "price": 7.02}, {"time_stamp": 12, "origin": 0, "destination": 1, "demand": 1581, "price": 7.02}, {"time_stamp": 13, "origin": 0, "destination": 1, "demand": 1842, "price": 7.02}, {"time_stamp": 14, "origin": 0, "destination": 1, "demand": 2549, "price": 7.02}, {"time_stamp": 15, "origin": 0, "destination": 1, "demand": 2325, "price": 6.84}, {"time_stamp": 16, "origin": 0, "destination": 1, "demand": 2257, "price": 6.84}, {"time_stamp": 17, "origin": 0, "destination": 1, "demand": 1901, "price": 6.84}, {"time_stamp": 18, "origin": 0, "destination": 1, "demand": 1432, "price": 7.02}, {"time_stamp": 19, "origin": 0, "destination": 1, "demand": 1072, "price": 7.02}, {"time_stamp": 20, "origin": 0, "destination": 1, "demand": 890, "price": 6.84}, {"time_stamp": 21, "origin": 0, "destination": 1, "demand": 581, "price": 6.84}, {"time_stamp": 22, "origin": 0, "destination": 1, "demand": 366, "price": 6.84}, {"time_stamp": 23, "origin": 0, "destination": 1, "demand": 235, "price": 6.84}, {"time_stamp": 0, "origin": 0, "destination": 2, "demand": 76, "price": 12.78}, {"time_stamp": 1, "origin": 0, "destination": 2, "demand": 28, "price": 12.6}, {"time_stamp": 2, "origin": 0, "destination": 2, "demand": 42, "price": 12.78}, {"time_stamp": 3, "origin": 0, "destination": 2, "demand": 70, "price": 12.6}, {"time_stamp": 4, "origin": 0, "destination": 2, "demand": 88, "price": 12.78}, {"time_stamp": 5, "origin": 0, "destination": 2, "demand": 559, "price": 12.420000000000002}, {"time_stamp": 6, "origin": 0, "destination": 2, "demand": 889, "price": 12.24}, {"time_stamp": 7, "origin": 0, "destination": 2, "demand": 609, "price": 12.24}, {"time_stamp": 8, "origin": 0, "destination": 2, "demand": 722, "price": 12.06}, {"time_stamp": 9, "origin": 0, "destination": 2, "demand": 580, "price": 12.24}, {"time_stamp": 10, "origin": 0, "destination": 2, "demand": 576, "price": 12.420000000000002}, {"time_stamp": 11, "origin": 0, "destination": 2, "demand": 658, "price": 12.24}, {"time_stamp": 12, "origin": 0, "destination": 2, "demand": 689, "price": 12.420000000000002}, {"time_stamp": 13, "origin": 0, "destination": 2, "demand": 858, "price": 12.24}, {"time_stamp": 14, "origin": 0, "destination": 2, "demand": 1204, "price": 12.420000000000002}, {"time_stamp": 15, "origin": 0, "destination": 2, "demand": 1003, "price": 12.06}, {"time_stamp": 16, "origin": 0, "destination": 2, "demand": 988, "price": 12.24}, {"time_stamp": 17, "origin": 0, "destination": 2, "demand": 656, "price": 12.06}, {"time_stamp": 18, "origin": 0, "destination": 2, "demand": 499, "price": 12.420000000000002}, {"time_stamp": 19, "origin": 0, "destination": 2, "demand": 464, "price": 12.420000000000002}, {"time_stamp": 20, "origin": 0, "destination": 2, "demand": 296, "price": 12.420000000000002}, {"time_stamp": 21, "origin": 0, "destination": 2, "demand": 244, "price": 12.6}, {"time_stamp": 22, "origin": 0, "destination": 2, "demand": 164, "price": 12.78}, {"time_stamp": 23, "origin": 0, "destination": 2, "demand": 243, "price": 12.6}, {"time_stamp": 0, "origin": 0, "destination": 3, "demand": 84, "price": 12.78}, {"time_stamp": 1, "origin": 0, "destination": 3, "demand": 62, "price": 12.78}, {"time_stamp": 2, "origin": 0, "destination": 3, "demand": 20, "price": 12.78}, {"time_stamp": 3, "origin": 0, "destination": 3, "demand": 24, "price": 12.96}, {"time_stamp": 4, "origin": 0, "destination": 3, "demand": 44, "price": 12.96}, {"time_stamp": 5, "origin": 0, "destination": 3, "demand": 284, "price": 12.6}, {"time_stamp": 6, "origin": 0, "destination": 3, "demand": 625, "price": 12.78}, {"time_stamp": 7, "origin": 0, "destination": 3, "demand": 402, "price": 12.6}, {"time_stamp": 8, "origin": 0, "destination": 3, "demand": 471, "price": 12.78}, {"time_stamp": 9, "origin": 0, "destination": 3, "demand": 401, "price": 12.24}, {"time_stamp": 10, "origin": 0, "destination": 3, "demand": 405, "price": 12.78}, {"time_stamp": 11, "origin": 0, "destination": 3, "demand": 525, "price": 12.6}, {"time_stamp": 12, "origin": 0, "destination": 3, "demand": 531, "price": 12.78}, {"time_stamp": 13, "origin": 0, "destination": 3, "demand": 931, "price": 12.78}, {"time_stamp": 14, "origin": 0, "destination": 3, "demand": 1307, "price": 12.78}, {"time_stamp": 15, "origin": 0, "destination": 3, "demand": 1211, "price": 12.78}, {"time_stamp": 16, "origin": 0, "destination": 3, "demand": 1183, "price": 12.420000000000002}, {"time_stamp": 17, "origin": 0, "destination": 3, "demand": 801, "price": 12.420000000000002}, {"time_stamp": 18, "origin": 0, "destination": 3, "demand": 629, "price": 12.420000000000002}, {"time_stamp": 19, "origin": 0, "destination": 3, "demand": 675, "price": 12.24}, {"time_stamp": 20, "origin": 0, "destination": 3, "demand": 451, "price": 12.420000000000002}, {"time_stamp": 21, "origin": 0, "destination": 3, "demand": 330, "price": 12.420000000000002}, {"time_stamp": 22, "origin": 0, "destination": 3, "demand": 165, "price": 12.6}, {"time_stamp": 23, "origin": 0, "destination": 3, "demand": 103, "price": 12.6}, {"time_stamp": 0, "origin": 1, "destination": 0, "demand": 336, "price": 6.84}, {"time_stamp": 1, "origin": 1, "destination": 0, "demand": 280, "price": 7.02}, {"time_stamp": 2, "origin": 1, "destination": 0, "demand": 252, "price": 6.84}, {"time_stamp": 3, "origin": 1, "destination": 0, "demand": 121, "price": 6.84}, {"time_stamp": 4, "origin": 1, "destination": 0, "demand": 97, "price": 6.84}, {"time_stamp": 5, "origin": 1, "destination": 0, "demand": 591, "price": 6.84}, {"time_stamp": 6, "origin": 1, "destination": 0, "demand": 1651, "price": 7.02}, {"time_stamp": 7, "origin": 1, "destination": 0, "demand": 1613, "price": 7.2}, {"time_stamp": 8, "origin": 1, "destination": 0, "demand": 1192, "price": 7.2}, {"time_stamp": 9, "origin": 1, "destination": 0, "demand": 1241, "price": 7.2}, {"time_stamp": 10, "origin": 1, "destination": 0, "demand": 1403, "price": 7.2}, {"time_stamp": 11, "origin": 1, "destination": 0, "demand": 1489, "price": 7.02}, {"time_stamp": 12, "origin": 1, "destination": 0, "demand": 1668, "price": 7.02}, {"time_stamp": 13, "origin": 1, "destination": 0, "demand": 1957, "price": 7.2}, {"time_stamp": 14, "origin": 1, "destination": 0, "demand": 2224, "price": 7.02}, {"time_stamp": 15, "origin": 1, "destination": 0, "demand": 2499, "price": 6.84}, {"time_stamp": 16, "origin": 1, "destination": 0, "demand": 2711, "price": 7.02}, {"time_stamp": 17, "origin": 1, "destination": 0, "demand": 2444, "price": 7.02}, {"time_stamp": 18, "origin": 1, "destination": 0, "demand": 1799, "price": 7.02}, {"time_stamp": 19, "origin": 1, "destination": 0, "demand": 1298, "price": 6.84}, {"time_stamp": 20, "origin": 1, "destination": 0, "demand": 1152, "price": 6.84}, {"time_stamp": 21, "origin": 1, "destination": 0, "demand": 901, "price": 6.84}, {"time_stamp": 22, "origin": 1, "destination": 0, "demand": 549, "price": 6.84}, {"time_stamp": 23, "origin": 1, "destination": 0, "demand": 239, "price": 6.84}, {"time_stamp": 0, "origin": 1, "destination": 1, "demand": 1512, "price": 2.7}, {"time_stamp": 1, "origin": 1, "destination": 1, "demand": 1218, "price": 2.7}, {"time_stamp": 2, "origin": 1, "destination": 1, "demand": 920, "price": 2.7}, {"time_stamp": 3, "origin": 1, "destination": 1, "demand": 567, "price": 2.8800000000000003}, {"time_stamp": 4, "origin": 1, "destination": 1, "demand": 542, "price": 2.7}, {"time_stamp": 5, "origin": 1, "destination": 1, "demand": 2075, "price": 2.7}, {"time_stamp": 6, "origin": 1, "destination": 1, "demand": 6083, "price": 2.7}, {"time_stamp": 7, "origin": 1, "destination": 1, "demand": 6996, "price": 2.7}, {"time_stamp": 8, "origin": 1, "destination": 1, "demand": 5798, "price": 2.7}, {"time_stamp": 9, "origin": 1, "destination": 1, "demand": 5766, "price": 2.52}, {"time_stamp": 10, "origin": 1, "destination": 1, "demand": 6678, "price": 2.7}, {"time_stamp": 11, "origin": 1, "destination": 1, "demand": 7359, "price": 2.7}, {"time_stamp": 12, "origin": 1, "destination": 1, "demand": 7371, "price": 2.7}, {"time_stamp": 13, "origin": 1, "destination": 1, "demand": 7602, "price": 2.7}, {"time_stamp": 14, "origin": 1, "destination": 1, "demand": 9175, "price": 2.7}, {"time_stamp": 15, "origin": 1, "destination": 1, "demand": 9215, "price": 2.7}, {"time_stamp": 16, "origin": 1, "destination": 1, "demand": 9898, "price": 2.52}, {"time_stamp": 17, "origin": 1, "destination": 1, "demand": 9060, "price": 2.52}, {"time_stamp": 18, "origin": 1, "destination": 1, "demand": 7353, "price": 2.52}, {"time_stamp": 19, "origin": 1, "destination": 1, "demand": 5840, "price": 2.7}, {"time_stamp": 20, "origin": 1, "destination": 1, "demand": 4530, "price": 2.7}, {"time_stamp": 21, "origin": 1, "destination": 1, "demand": 3682, "price": 2.52}, {"time_stamp": 22, "origin": 1, "destination": 1, "demand": 2373, "price": 2.52}, {"time_stamp": 23, "origin": 1, "destination": 1, "demand": 903, "price": 2.7}, {"time_stamp": 0, "origin": 1, "destination": 2, "demand": 579, "price": 5.9399999999999995}, {"time_stamp": 1, "origin": 1, "destination": 2, "demand": 429, "price": 5.9399999999999995}, {"time_stamp": 2, "origin": 1, "destination": 2, "demand": 302, "price": 5.760000000000001}, {"time_stamp": 3, "origin": 1, "destination": 2, "demand": 201, "price": 5.9399999999999995}, {"time_stamp": 4, "origin": 1, "destination": 2, "demand": 220, "price": 5.760000000000001}, {"time_stamp": 5, "origin": 1, "destination": 2, "demand": 1275, "price": 5.760000000000001}, {"time_stamp": 6, "origin": 1, "destination": 2, "demand": 1948, "price": 5.9399999999999995}, {"time_stamp": 7, "origin": 1, "destination": 2, "demand": 3025, "price": 5.9399999999999995}, {"time_stamp": 8, "origin": 1, "destination": 2, "demand": 2214, "price": 5.9399999999999995}, {"time_stamp": 9, "origin": 1, "destination": 2, "demand": 2246, "price": 5.9399999999999995}, {"time_stamp": 10, "origin": 1, "destination": 2, "demand": 2492, "price": 5.760000000000001}, {"time_stamp": 11, "origin": 1, "destination": 2, "demand": 3056, "price": 5.760000000000001}, {"time_stamp": 12, "origin": 1, "destination": 2, "demand": 3114, "price": 5.9399999999999995}, {"time_stamp": 13, "origin": 1, "destination": 2, "demand": 3341, "price": 5.9399999999999995}, {"time_stamp": 14, "origin": 1, "destination": 2, "demand": 4079, "price": 5.9399999999999995}, {"time_stamp": 15, "origin": 1, "destination": 2, "demand": 4083, "price": 5.9399999999999995}, {"time_stamp": 16, "origin": 1, "destination": 2, "demand": 4099, "price": 5.760000000000001}, {"time_stamp": 17, "origin": 1, "destination": 2, "demand": 3293, "price": 5.760000000000001}, {"time_stamp": 18, "origin": 1, "destination": 2, "demand": 2394, "price": 5.9399999999999995}, {"time_stamp": 19, "origin": 1, "destination": 2, "demand": 2039, "price": 5.760000000000001}, {"time_stamp": 20, "origin": 1, "destination": 2, "demand": 1741, "price": 5.58}, {"time_stamp": 21, "origin": 1, "destination": 2, "demand": 1392, "price": 5.760000000000001}, {"time_stamp": 22, "origin": 1, "destination": 2, "demand": 960, "price": 5.760000000000001}, {"time_stamp": 23, "origin": 1, "destination": 2, "demand": 400, "price": 5.760000000000001}, {"time_stamp": 0, "origin": 1, "destination": 3, "demand": 203, "price": 8.46}, {"time_stamp": 1, "origin": 1, "destination": 3, "demand": 190, "price": 8.64}, {"time_stamp": 2, "origin": 1, "destination": 3, "demand": 101, "price": 8.46}, {"time_stamp": 3, "origin": 1, "destination": 3, "demand": 49, "price": 8.46}, {"time_stamp": 4, "origin": 1, "destination": 3, "demand": 65, "price": 8.46}, {"time_stamp": 5, "origin": 1, "destination": 3, "demand": 422, "price": 8.28}, {"time_stamp": 6, "origin": 1, "destination": 3, "demand": 738, "price": 8.28}, {"time_stamp": 7, "origin": 1, "destination": 3, "demand": 931, "price": 8.28}, {"time_stamp": 8, "origin": 1, "destination": 3, "demand": 738, "price": 8.28}, {"time_stamp": 9, "origin": 1, "destination": 3, "demand": 712, "price": 8.46}, {"time_stamp": 10, "origin": 1, "destination": 3, "demand": 783, "price": 8.46}, {"time_stamp": 11, "origin": 1, "destination": 3, "demand": 877, "price": 8.64}, {"time_stamp": 12, "origin": 1, "destination": 3, "demand": 1087, "price": 8.64}, {"time_stamp": 13, "origin": 1, "destination": 3, "demand": 1161, "price": 8.82}, {"time_stamp": 14, "origin": 1, "destination": 3, "demand": 1796, "price": 8.64}, {"time_stamp": 15, "origin": 1, "destination": 3, "demand": 1858, "price": 8.64}, {"time_stamp": 16, "origin": 1, "destination": 3, "demand": 1688, "price": 8.46}, {"time_stamp": 17, "origin": 1, "destination": 3, "demand": 1442, "price": 8.46}, {"time_stamp": 18, "origin": 1, "destination": 3, "demand": 1016, "price": 8.64}, {"time_stamp": 19, "origin": 1, "destination": 3, "demand": 799, "price": 8.64}, {"time_stamp": 20, "origin": 1, "destination": 3, "demand": 805, "price": 8.64}, {"time_stamp": 21, "origin": 1, "destination": 3, "demand": 552, "price": 8.46}, {"time_stamp": 22, "origin": 1, "destination": 3, "demand": 372, "price": 8.46}, {"time_stamp": 23, "origin": 1, "destination": 3, "demand": 118, "price": 8.46}, {"time_stamp": 0, "origin": 2, "destination": 0, "demand": 92, "price": 12.420000000000002}, {"time_stamp": 1, "origin": 2, "destination": 0, "demand": 42, "price": 12.24}, {"time_stamp": 2, "origin": 2, "destination": 0, "demand": 33, "price": 12.06}, {"time_stamp": 3, "origin": 2, "destination": 0, "demand": 20, "price": 12.06}, {"time_stamp": 4, "origin": 2, "destination": 0, "demand": 10, "price": 12.06}, {"time_stamp": 5, "origin": 2, "destination": 0, "demand": 568, "price": 12.420000000000002}, {"time_stamp": 6, "origin": 2, "destination": 0, "demand": 1657, "price": 12.420000000000002}, {"time_stamp": 7, "origin": 2, "destination": 0, "demand": 1026, "price": 12.24}, {"time_stamp": 8, "origin": 2, "destination": 0, "demand": 647, "price": 12.06}, {"time_stamp": 9, "origin": 2, "destination": 0, "demand": 621, "price": 11.879999999999999}, {"time_stamp": 10, "origin": 2, "destination": 0, "demand": 550, "price": 12.24}, {"time_stamp": 11, "origin": 2, "destination": 0, "demand": 591, "price": 12.24}, {"time_stamp": 12, "origin": 2, "destination": 0, "demand": 677, "price": 12.420000000000002}, {"time_stamp": 13, "origin": 2, "destination": 0, "demand": 869, "price": 12.6}, {"time_stamp": 14, "origin": 2, "destination": 0, "demand": 968, "price": 12.6}, {"time_stamp": 15, "origin": 2, "destination": 0, "demand": 1056, "price": 12.420000000000002}, {"time_stamp": 16, "origin": 2, "destination": 0, "demand": 826, "price": 12.24}, {"time_stamp": 17, "origin": 2, "destination": 0, "demand": 623, "price": 12.24}, {"time_stamp": 18, "origin": 2, "destination": 0, "demand": 420, "price": 12.420000000000002}, {"time_stamp": 19, "origin": 2, "destination": 0, "demand": 318, "price": 12.24}, {"time_stamp": 20, "origin": 2, "destination": 0, "demand": 351, "price": 12.24}, {"time_stamp": 21, "origin": 2, "destination": 0, "demand": 227, "price": 12.24}, {"time_stamp": 22, "origin": 2, "destination": 0, "demand": 159, "price": 12.24}, {"time_stamp": 23, "origin": 2, "destination": 0, "demand": 99, "price": 12.420000000000002}, {"time_stamp": 0, "origin": 2, "destination": 1, "demand": 442, "price": 5.760000000000001}, {"time_stamp": 1, "origin": 2, "destination": 1, "demand": 362, "price": 5.9399999999999995}, {"time_stamp": 2, "origin": 2, "destination": 1, "demand": 251, "price": 5.9399999999999995}, {"time_stamp": 3, "origin": 2, "destination": 1, "demand": 208, "price": 6.12}, {"time_stamp": 4, "origin": 2, "destination": 1, "demand": 313, "price": 6.12}, {"time_stamp": 5, "origin": 2, "destination": 1, "demand": 1345, "price": 5.760000000000001}, {"time_stamp": 6, "origin": 2, "destination": 1, "demand": 3804, "price": 5.58}, {"time_stamp": 7, "origin": 2, "destination": 1, "demand": 3138, "price": 5.760000000000001}, {"time_stamp": 8, "origin": 2, "destination": 1, "demand": 2646, "price": 5.760000000000001}, {"time_stamp": 9, "origin": 2, "destination": 1, "demand": 2658, "price": 5.760000000000001}, {"time_stamp": 10, "origin": 2, "destination": 1, "demand": 2909, "price": 5.9399999999999995}, {"time_stamp": 11, "origin": 2, "destination": 1, "demand": 2946, "price": 5.760000000000001}, {"time_stamp": 12, "origin": 2, "destination": 1, "demand": 3016, "price": 5.760000000000001}, {"time_stamp": 13, "origin": 2, "destination": 1, "demand": 3048, "price": 5.9399999999999995}, {"time_stamp": 14, "origin": 2, "destination": 1, "demand": 3344, "price": 5.760000000000001}, {"time_stamp": 15, "origin": 2, "destination": 1, "demand": 3741, "price": 5.760000000000001}, {"time_stamp": 16, "origin": 2, "destination": 1, "demand": 3886, "price": 5.9399999999999995}, {"time_stamp": 17, "origin": 2, "destination": 1, "demand": 3212, "price": 5.760000000000001}, {"time_stamp": 18, "origin": 2, "destination": 1, "demand": 2556, "price": 5.760000000000001}, {"time_stamp": 19, "origin": 2, "destination": 1, "demand": 2039, "price": 5.760000000000001}, {"time_stamp": 20, "origin": 2, "destination": 1, "demand": 1532, "price": 5.58}, {"time_stamp": 21, "origin": 2, "destination": 1, "demand": 1106, "price": 5.58}, {"time_stamp": 22, "origin": 2, "destination": 1, "demand": 774, "price": 5.760000000000001}, {"time_stamp": 23, "origin": 2, "destination": 1, "demand": 461, "price": 5.760000000000001}, {"time_stamp": 0, "origin": 2, "destination": 2, "demand": 1195, "price": 3.6}, {"time_stamp": 1, "origin": 2, "destination": 2, "demand": 1025, "price": 3.6}, {"time_stamp": 2, "origin": 2, "destination": 2, "demand": 789, "price": 3.6}, {"time_stamp": 3, "origin": 2, "destination": 2, "demand": 709, "price": 3.6}, {"time_stamp": 4, "origin": 2, "destination": 2, "demand": 947, "price": 3.6}, {"time_stamp": 5, "origin": 2, "destination": 2, "demand": 4168, "price": 3.6}, {"time_stamp": 6, "origin": 2, "destination": 2, "demand": 7330, "price": 3.7800000000000002}, {"time_stamp": 7, "origin": 2, "destination": 2, "demand": 7147, "price": 3.6}, {"time_stamp": 8, "origin": 2, "destination": 2, "demand": 6290, "price": 3.6}, {"time_stamp": 9, "origin": 2, "destination": 2, "demand": 6265, "price": 3.6}, {"time_stamp": 10, "origin": 2, "destination": 2, "demand": 6893, "price": 3.7800000000000002}, {"time_stamp": 11, "origin": 2, "destination": 2, "demand": 7718, "price": 3.6}, {"time_stamp": 12, "origin": 2, "destination": 2, "demand": 7677, "price": 3.6}, {"time_stamp": 13, "origin": 2, "destination": 2, "demand": 7953, "price": 3.6}, {"time_stamp": 14, "origin": 2, "destination": 2, "demand": 8655, "price": 3.6}, {"time_stamp": 15, "origin": 2, "destination": 2, "demand": 8759, "price": 3.6}, {"time_stamp": 16, "origin": 2, "destination": 2, "demand": 8653, "price": 3.6}, {"time_stamp": 17, "origin": 2, "destination": 2, "demand": 7287, "price": 3.42}, {"time_stamp": 18, "origin": 2, "destination": 2, "demand": 5641, "price": 3.42}, {"time_stamp": 19, "origin": 2, "destination": 2, "demand": 4135, "price": 3.6}, {"time_stamp": 20, "origin": 2, "destination": 2, "demand": 3279, "price": 3.6}, {"time_stamp": 21, "origin": 2, "destination": 2, "demand": 2441, "price": 3.42}, {"time_stamp": 22, "origin": 2, "destination": 2, "demand": 1856, "price": 3.6}, {"time_stamp": 23, "origin": 2, "destination": 2, "demand": 1919, "price": 3.6}, {"time_stamp": 0, "origin": 2, "destination": 3, "demand": 531, "price": 6.3}, {"time_stamp": 1, "origin": 2, "destination": 3, "demand": 435, "price": 6.3}, {"time_stamp": 2, "origin": 2, "destination": 3, "demand": 278, "price": 6.3}, {"time_stamp": 3, "origin": 2, "destination": 3, "demand": 189, "price": 6.12}, {"time_stamp": 4, "origin": 2, "destination": 3, "demand": 303, "price": 6.12}, {"time_stamp": 5, "origin": 2, "destination": 3, "demand": 1256, "price": 6.3}, {"time_stamp": 6, "origin": 2, "destination": 3, "demand": 3487, "price": 6.12}, {"time_stamp": 7, "origin": 2, "destination": 3, "demand": 2766, "price": 6.12}, {"time_stamp": 8, "origin": 2, "destination": 3, "demand": 2581, "price": 6.12}, {"time_stamp": 9, "origin": 2, "destination": 3, "demand": 2393, "price": 6.12}, {"time_stamp": 10, "origin": 2, "destination": 3, "demand": 2742, "price": 6.12}, {"time_stamp": 11, "origin": 2, "destination": 3, "demand": 2926, "price": 6.3}, {"time_stamp": 12, "origin": 2, "destination": 3, "demand": 3146, "price": 6.12}, {"time_stamp": 13, "origin": 2, "destination": 3, "demand": 3627, "price": 5.9399999999999995}, {"time_stamp": 14, "origin": 2, "destination": 3, "demand": 4231, "price": 6.12}, {"time_stamp": 15, "origin": 2, "destination": 3, "demand": 4557, "price": 6.12}, {"time_stamp": 16, "origin": 2, "destination": 3, "demand": 4480, "price": 6.12}, {"time_stamp": 17, "origin": 2, "destination": 3, "demand": 3541, "price": 5.9399999999999995}, {"time_stamp": 18, "origin": 2, "destination": 3, "demand": 2652, "price": 5.9399999999999995}, {"time_stamp": 19, "origin": 2, "destination": 3, "demand": 2159, "price": 5.9399999999999995}, {"time_stamp": 20, "origin": 2, "destination": 3, "demand": 1677, "price": 6.12}, {"time_stamp": 21, "origin": 2, "destination": 3, "demand": 1187, "price": 5.9399999999999995}, {"time_stamp": 22, "origin": 2, "destination": 3, "demand": 682, "price": 5.9399999999999995}, {"time_stamp": 23, "origin": 2, "destination": 3, "demand": 615, "price": 6.12}, {"time_stamp": 0, "origin": 3, "destination": 0, "demand": 45, "price": 12.6}, {"time_stamp": 1, "origin": 3, "destination": 0, "demand": 13, "price": 12.420000000000002}, {"time_stamp": 2, "origin": 3, "destination": 0, "demand": 8, "price": 12.6}, {"time_stamp": 3, "origin": 3, "destination": 0, "demand": 33, "price": 12.6}, {"time_stamp": 4, "origin": 3, "destination": 0, "demand": 147, "price": 12.420000000000002}, {"time_stamp": 5, "origin": 3, "destination": 0, "demand": 924, "price": 12.6}, {"time_stamp": 6, "origin": 3, "destination": 0, "demand": 2344, "price": 12.78}, {"time_stamp": 7, "origin": 3, "destination": 0, "demand": 1113, "price": 12.420000000000002}, {"time_stamp": 8, "origin": 3, "destination": 0, "demand": 728, "price": 12.6}, {"time_stamp": 9, "origin": 3, "destination": 0, "demand": 646, "price": 12.78}, {"time_stamp": 10, "origin": 3, "destination": 0, "demand": 539, "price": 13.14}, {"time_stamp": 11, "origin": 3, "destination": 0, "demand": 582, "price": 12.78}, {"time_stamp": 12, "origin": 3, "destination": 0, "demand": 757, "price": 13.32}, {"time_stamp": 13, "origin": 3, "destination": 0, "demand": 845, "price": 13.5}, {"time_stamp": 14, "origin": 3, "destination": 0, "demand": 687, "price": 12.96}, {"time_stamp": 15, "origin": 3, "destination": 0, "demand": 713, "price": 12.78}, {"time_stamp": 16, "origin": 3, "destination": 0, "demand": 864, "price": 12.6}, {"time_stamp": 17, "origin": 3, "destination": 0, "demand": 591, "price": 12.78}, {"time_stamp": 18, "origin": 3, "destination": 0, "demand": 502, "price": 12.6}, {"time_stamp": 19, "origin": 3, "destination": 0, "demand": 341, "price": 12.78}, {"time_stamp": 20, "origin": 3, "destination": 0, "demand": 161, "price": 12.6}, {"time_stamp": 21, "origin": 3, "destination": 0, "demand": 272, "price": 12.420000000000002}, {"time_stamp": 22, "origin": 3, "destination": 0, "demand": 79, "price": 12.6}, {"time_stamp": 23, "origin": 3, "destination": 0, "demand": 290, "price": 12.6}, {"time_stamp": 0, "origin": 3, "destination": 1, "demand": 83, "price": 8.64}, {"time_stamp": 1, "origin": 3, "destination": 1, "demand": 88, "price": 8.46}, {"time_stamp": 2, "origin": 3, "destination": 1, "demand": 71, "price": 8.46}, {"time_stamp": 3, "origin": 3, "destination": 1, "demand": 72, "price": 8.64}, {"time_stamp": 4, "origin": 3, "destination": 1, "demand": 90, "price": 8.64}, {"time_stamp": 5, "origin": 3, "destination": 1, "demand": 972, "price": 8.46}, {"time_stamp": 6, "origin": 3, "destination": 1, "demand": 3063, "price": 8.46}, {"time_stamp": 7, "origin": 3, "destination": 1, "demand": 1780, "price": 8.46}, {"time_stamp": 8, "origin": 3, "destination": 1, "demand": 1344, "price": 8.46}, {"time_stamp": 9, "origin": 3, "destination": 1, "demand": 982, "price": 8.64}, {"time_stamp": 10, "origin": 3, "destination": 1, "demand": 1094, "price": 8.64}, {"time_stamp": 11, "origin": 3, "destination": 1, "demand": 1023, "price": 8.64}, {"time_stamp": 12, "origin": 3, "destination": 1, "demand": 1067, "price": 8.64}, {"time_stamp": 13, "origin": 3, "destination": 1, "demand": 1266, "price": 8.46}, {"time_stamp": 14, "origin": 3, "destination": 1, "demand": 1366, "price": 8.46}, {"time_stamp": 15, "origin": 3, "destination": 1, "demand": 1319, "price": 8.46}, {"time_stamp": 16, "origin": 3, "destination": 1, "demand": 1470, "price": 8.46}, {"time_stamp": 17, "origin": 3, "destination": 1, "demand": 1192, "price": 8.46}, {"time_stamp": 18, "origin": 3, "destination": 1, "demand": 854, "price": 8.64}, {"time_stamp": 19, "origin": 3, "destination": 1, "demand": 523, "price": 8.82}, {"time_stamp": 20, "origin": 3, "destination": 1, "demand": 451, "price": 8.64}, {"time_stamp": 21, "origin": 3, "destination": 1, "demand": 335, "price": 8.64}, {"time_stamp": 22, "origin": 3, "destination": 1, "demand": 191, "price": 8.64}, {"time_stamp": 23, "origin": 3, "destination": 1, "demand": 279, "price": 8.64}, {"time_stamp": 0, "origin": 3, "destination": 2, "demand": 450, "price": 6.12}, {"time_stamp": 1, "origin": 3, "destination": 2, "demand": 373, "price": 6.3}, {"time_stamp": 2, "origin": 3, "destination": 2, "demand": 211, "price": 6.3}, {"time_stamp": 3, "origin": 3, "destination": 2, "demand": 192, "price": 6.48}, {"time_stamp": 4, "origin": 3, "destination": 2, "demand": 599, "price": 6.48}, {"time_stamp": 5, "origin": 3, "destination": 2, "demand": 2653, "price": 6.3}, {"time_stamp": 6, "origin": 3, "destination": 2, "demand": 5526, "price": 6.3}, {"time_stamp": 7, "origin": 3, "destination": 2, "demand": 4821, "price": 5.9399999999999995}, {"time_stamp": 8, "origin": 3, "destination": 2, "demand": 4103, "price": 6.12}, {"time_stamp": 9, "origin": 3, "destination": 2, "demand": 3287, "price": 6.12}, {"time_stamp": 10, "origin": 3, "destination": 2, "demand": 3354, "price": 6.3}, {"time_stamp": 11, "origin": 3, "destination": 2, "demand": 3564, "price": 6.3}, {"time_stamp": 12, "origin": 3, "destination": 2, "demand": 3712, "price": 6.12}, {"time_stamp": 13, "origin": 3, "destination": 2, "demand": 4064, "price": 6.48}, {"time_stamp": 14, "origin": 3, "destination": 2, "demand": 3797, "price": 6.48}, {"time_stamp": 15, "origin": 3, "destination": 2, "demand": 4138, "price": 6.12}, {"time_stamp": 16, "origin": 3, "destination": 2, "demand": 4024, "price": 5.9399999999999995}, {"time_stamp": 17, "origin": 3, "destination": 2, "demand": 3635, "price": 6.12}, {"time_stamp": 18, "origin": 3, "destination": 2, "demand": 2591, "price": 6.12}, {"time_stamp": 19, "origin": 3, "destination": 2, "demand": 1735, "price": 6.12}, {"time_stamp": 20, "origin": 3, "destination": 2, "demand": 1287, "price": 6.12}, {"time_stamp": 21, "origin": 3, "destination": 2, "demand": 841, "price": 6.12}, {"time_stamp": 22, "origin": 3, "destination": 2, "demand": 605, "price": 5.9399999999999995}, {"time_stamp": 23, "origin": 3, "destination": 2, "demand": 971, "price": 6.12}, {"time_stamp": 0, "origin": 3, "destination": 3, "demand": 751, "price": 5.4}, {"time_stamp": 1, "origin": 3, "destination": 3, "demand": 557, "price": 5.22}, {"time_stamp": 2, "origin": 3, "destination": 3, "demand": 433, "price": 5.4}, {"time_stamp": 3, "origin": 3, "destination": 3, "demand": 449, "price": 5.4}, {"time_stamp": 4, "origin": 3, "destination": 3, "demand": 560, "price": 5.4}, {"time_stamp": 5, "origin": 3, "destination": 3, "demand": 2493, "price": 5.4}, {"time_stamp": 6, "origin": 3, "destination": 3, "demand": 7039, "price": 5.58}, {"time_stamp": 7, "origin": 3, "destination": 3, "demand": 6870, "price": 5.4}, {"time_stamp": 8, "origin": 3, "destination": 3, "demand": 5179, "price": 5.4}, {"time_stamp": 9, "origin": 3, "destination": 3, "demand": 4731, "price": 5.4}, {"time_stamp": 10, "origin": 3, "destination": 3, "demand": 5108, "price": 5.4}, {"time_stamp": 11, "origin": 3, "destination": 3, "demand": 5536, "price": 5.22}, {"time_stamp": 12, "origin": 3, "destination": 3, "demand": 5781, "price": 5.22}, {"time_stamp": 13, "origin": 3, "destination": 3, "demand": 5886, "price": 5.4}, {"time_stamp": 14, "origin": 3, "destination": 3, "demand": 6391, "price": 5.4}, {"time_stamp": 15, "origin": 3, "destination": 3, "demand": 6852, "price": 5.4}, {"time_stamp": 16, "origin": 3, "destination": 3, "demand": 7333, "price": 5.22}, {"time_stamp": 17, "origin": 3, "destination": 3, "demand": 6126, "price": 5.04}, {"time_stamp": 18, "origin": 3, "destination": 3, "demand": 4365, "price": 5.04}, {"time_stamp": 19, "origin": 3, "destination": 3, "demand": 3117, "price": 5.22}, {"time_stamp": 20, "origin": 3, "destination": 3, "demand": 2452, "price": 5.22}, {"time_stamp": 21, "origin": 3, "destination": 3, "demand": 1854, "price": 5.22}, {"time_stamp": 22, "origin": 3, "destination": 3, "demand": 1138, "price": 5.22}, {"time_stamp": 23, "origin": 3, "destination": 3, "demand": 1015, "price": 5.4}], "rebTime": [{"time_stamp": 0, "origin": 0, "destination": 0, "reb_time": 1}, {"time_stamp": 1, "origin": 0, "destination": 0, "reb_time": 1}, {"time_stamp": 2, "origin": 0, "destination": 0, "reb_time": 1}, {"time_stamp": 3, "origin": 0, "destination": 0, "reb_time": 1}, {"time_stamp": 4, "origin": 0, "destination": 0, "reb_time": 1}, {"time_stamp": 5, "origin": 0, "destination": 0, "reb_time": 1}, {"time_stamp": 6, "origin": 0, "destination": 0, "reb_time": 1}, {"time_stamp": 7, "origin": 0, "destination": 0, "reb_time": 1}, {"time_stamp": 8, "origin": 0, "destination": 0, "reb_time": 1}, {"time_stamp": 9, "origin": 0, "destination": 0, "reb_time": 1}, {"time_stamp": 10, "origin": 0, "destination": 0, "reb_time": 1}, {"time_stamp": 11, "origin": 0, "destination": 0, "reb_time": 1}, {"time_stamp": 12, "origin": 0, "destination": 0, "reb_time": 1}, {"time_stamp": 13, "origin": 0, "destination": 0, "reb_time": 1}, {"time_stamp": 14, "origin": 0, "destination": 0, "reb_time": 1}, {"time_stamp": 15, "origin": 0, "destination": 0, "reb_time": 1}, {"time_stamp": 16, "origin": 0, "destination": 0, "reb_time": 1}, {"time_stamp": 17, "origin": 0, "destination": 0, "reb_time": 1}, {"time_stamp": 18, "origin": 0, "destination": 0, "reb_time": 1}, {"time_stamp": 19, "origin": 0, "destination": 0, "reb_time": 1}, {"time_stamp": 20, "origin": 0, "destination": 0, "reb_time": 1}, {"time_stamp": 21, "origin": 0, "destination": 0, "reb_time": 1}, {"time_stamp": 22, "origin": 0, "destination": 0, "reb_time": 1}, {"time_stamp": 23, "origin": 0, "destination": 0, "reb_time": 1}, {"time_stamp": 0, "origin": 0, "destination": 1, "reb_time": 1}, {"time_stamp": 1, "origin": 0, "destination": 1, "reb_time": 1}, {"time_stamp": 2, "origin": 0, "destination": 1, "reb_time": 1}, {"time_stamp": 3, "origin": 0, "destination": 1, "reb_time": 1}, {"time_stamp": 4, "origin": 0, "destination": 1, "reb_time": 1}, {"time_stamp": 5, "origin": 0, "destination": 1, "reb_time": 1}, {"time_stamp": 6, "origin": 0, "destination": 1, "reb_time": 1}, {"time_stamp": 7, "origin": 0, "destination": 1, "reb_time": 1}, {"time_stamp": 8, "origin": 0, "destination": 1, "reb_time": 1}, {"time_stamp": 9, "origin": 0, "destination": 1, "reb_time": 1}, {"time_stamp": 10, "origin": 0, "destination": 1, "reb_time": 1}, {"time_stamp": 11, "origin": 0, "destination": 1, "reb_time": 1}, {"time_stamp": 12, "origin": 0, "destination": 1, "reb_time": 1}, {"time_stamp": 13, "origin": 0, "destination": 1, "reb_time": 1}, {"time_stamp": 14, "origin": 0, "destination": 1, "reb_time": 1}, {"time_stamp": 15, "origin": 0, "destination": 1, "reb_time": 1}, {"time_stamp": 16, "origin": 0, "destination": 1, "reb_time": 1}, {"time_stamp": 17, "origin": 0, "destination": 1, "reb_time": 1}, {"time_stamp": 18, "origin": 0, "destination": 1, "reb_time": 1}, {"time_stamp": 19, "origin": 0, "destination": 1, "reb_time": 1}, {"time_stamp": 20, "origin": 0, "destination": 1, "reb_time": 1}, {"time_stamp": 21, "origin": 0, "destination": 1, "reb_time": 1}, {"time_stamp": 22, "origin": 0, "destination": 1, "reb_time": 1}, {"time_stamp": 23, "origin": 0, "destination": 1, "reb_time": 1}, {"time_stamp": 0, "origin": 0, "destination": 2, "reb_time": 1}, {"time_stamp": 1, "origin": 0, "destination": 2, "reb_time": 1}, {"time_stamp": 2, "origin": 0, "destination": 2, "reb_time": 1}, {"time_stamp": 3, "origin": 0, "destination": 2, "reb_time": 1}, {"time_stamp": 4, "origin": 0, "destination": 2, "reb_time": 1}, {"time_stamp": 5, "origin": 0, "destination": 2, "reb_time": 1}, {"time_stamp": 6, "origin": 0, "destination": 2, "reb_time": 1}, {"time_stamp": 7, "origin": 0, "destination": 2, "reb_time": 1}, {"time_stamp": 8, "origin": 0, "destination": 2, "reb_time": 1}, {"time_stamp": 9, "origin": 0, "destination": 2, "reb_time": 1}, {"time_stamp": 10, "origin": 0, "destination": 2, "reb_time": 1}, {"time_stamp": 11, "origin": 0, "destination": 2, "reb_time": 1}, {"time_stamp": 12, "origin": 0, "destination": 2, "reb_time": 1}, {"time_stamp": 13, "origin": 0, "destination": 2, "reb_time": 1}, {"time_stamp": 14, "origin": 0, "destination": 2, "reb_time": 1}, {"time_stamp": 15, "origin": 0, "destination": 2, "reb_time": 1}, {"time_stamp": 16, "origin": 0, "destination": 2, "reb_time": 1}, {"time_stamp": 17, "origin": 0, "destination": 2, "reb_time": 1}, {"time_stamp": 18, "origin": 0, "destination": 2, "reb_time": 1}, {"time_stamp": 19, "origin": 0, "destination": 2, "reb_time": 1}, {"time_stamp": 20, "origin": 0, "destination": 2, "reb_time": 1}, {"time_stamp": 21, "origin": 0, "destination": 2, "reb_time": 1}, {"time_stamp": 22, "origin": 0, "destination": 2, "reb_time": 1}, {"time_stamp": 23, "origin": 0, "destination": 2, "reb_time": 1}, {"time_stamp": 0, "origin": 0, "destination": 3, "reb_time": 1}, {"time_stamp": 1, "origin": 0, "destination": 3, "reb_time": 1}, {"time_stamp": 2, "origin": 0, "destination": 3, "reb_time": 1}, {"time_stamp": 3, "origin": 0, "destination": 3, "reb_time": 1}, {"time_stamp": 4, "origin": 0, "destination": 3, "reb_time": 1}, {"time_stamp": 5, "origin": 0, "destination": 3, "reb_time": 1}, {"time_stamp": 6, "origin": 0, "destination": 3, "reb_time": 1}, {"time_stamp": 7, "origin": 0, "destination": 3, "reb_time": 1}, {"time_stamp": 8, "origin": 0, "destination": 3, "reb_time": 1}, {"time_stamp": 9, "origin": 0, "destination": 3, "reb_time": 1}, {"time_stamp": 10, "origin": 0, "destination": 3, "reb_time": 1}, {"time_stamp": 11, "origin": 0, "destination": 3, "reb_time": 1}, {"time_stamp": 12, "origin": 0, "destination": 3, "reb_time": 1}, {"time_stamp": 13, "origin": 0, "destination": 3, "reb_time": 1}, {"time_stamp": 14, "origin": 0, "destination": 3, "reb_time": 1}, {"time_stamp": 15, "origin": 0, "destination": 3, "reb_time": 1}, {"time_stamp": 16, "origin": 0, "destination": 3, "reb_time": 1}, {"time_stamp": 17, "origin": 0, "destination": 3, "reb_time": 1}, {"time_stamp": 18, "origin": 0, "destination": 3, "reb_time": 1}, {"time_stamp": 19, "origin": 0, "destination": 3, "reb_time": 1}, {"time_stamp": 20, "origin": 0, "destination": 3, "reb_time": 1}, {"time_stamp": 21, "origin": 0, "destination": 3, "reb_time": 1}, {"time_stamp": 22, "origin": 0, "destination": 3, "reb_time": 1}, {"time_stamp": 23, "origin": 0, "destination": 3, "reb_time": 1}, {"time_stamp": 0, "origin": 1, "destination": 0, "reb_time": 1}, {"time_stamp": 1, "origin": 1, "destination": 0, "reb_time": 1}, {"time_stamp": 2, "origin": 1, "destination": 0, "reb_time": 1}, {"time_stamp": 3, "origin": 1, "destination": 0, "reb_time": 1}, {"time_stamp": 4, "origin": 1, "destination": 0, "reb_time": 1}, {"time_stamp": 5, "origin": 1, "destination": 0, "reb_time": 1}, {"time_stamp": 6, "origin": 1, "destination": 0, "reb_time": 1}, {"time_stamp": 7, "origin": 1, "destination": 0, "reb_time": 1}, {"time_stamp": 8, "origin": 1, "destination": 0, "reb_time": 1}, {"time_stamp": 9, "origin": 1, "destination": 0, "reb_time": 1}, {"time_stamp": 10, "origin": 1, "destination": 0, "reb_time": 1}, {"time_stamp": 11, "origin": 1, "destination": 0, "reb_time": 1}, {"time_stamp": 12, "origin": 1, "destination": 0, "reb_time": 1}, {"time_stamp": 13, "origin": 1, "destination": 0, "reb_time": 1}, {"time_stamp": 14, "origin": 1, "destination": 0, "reb_time": 1}, {"time_stamp": 15, "origin": 1, "destination": 0, "reb_time": 1}, {"time_stamp": 16, "origin": 1, "destination": 0, "reb_time": 1}, {"time_stamp": 17, "origin": 1, "destination": 0, "reb_time": 1}, {"time_stamp": 18, "origin": 1, "destination": 0, "reb_time": 1}, {"time_stamp": 19, "origin": 1, "destination": 0, "reb_time": 1}, {"time_stamp": 20, "origin": 1, "destination": 0, "reb_time": 1}, {"time_stamp": 21, "origin": 1, "destination": 0, "reb_time": 1}, {"time_stamp": 22, "origin": 1, "destination": 0, "reb_time": 1}, {"time_stamp": 23, "origin": 1, "destination": 0, "reb_time": 1}, {"time_stamp": 0, "origin": 1, "destination": 1, "reb_time": 1}, {"time_stamp": 1, "origin": 1, "destination": 1, "reb_time": 1}, {"time_stamp": 2, "origin": 1, "destination": 1, "reb_time": 1}, {"time_stamp": 3, "origin": 1, "destination": 1, "reb_time": 1}, {"time_stamp": 4, "origin": 1, "destination": 1, "reb_time": 1}, {"time_stamp": 5, "origin": 1, "destination": 1, "reb_time": 1}, {"time_stamp": 6, "origin": 1, "destination": 1, "reb_time": 1}, {"time_stamp": 7, "origin": 1, "destination": 1, "reb_time": 1}, {"time_stamp": 8, "origin": 1, "destination": 1, "reb_time": 1}, {"time_stamp": 9, "origin": 1, "destination": 1, "reb_time": 1}, {"time_stamp": 10, "origin": 1, "destination": 1, "reb_time": 1}, {"time_stamp": 11, "origin": 1, "destination": 1, "reb_time": 1}, {"time_stamp": 12, "origin": 1, "destination": 1, "reb_time": 1}, {"time_stamp": 13, "origin": 1, "destination": 1, "reb_time": 1}, {"time_stamp": 14, "origin": 1, "destination": 1, "reb_time": 1}, {"time_stamp": 15, "origin": 1, "destination": 1, "reb_time": 1}, {"time_stamp": 16, "origin": 1, "destination": 1, "reb_time": 1}, {"time_stamp": 17, "origin": 1, "destination": 1, "reb_time": 1}, {"time_stamp": 18, "origin": 1, "destination": 1, "reb_time": 1}, {"time_stamp": 19, "origin": 1, "destination": 1, "reb_time": 1}, {"time_stamp": 20, "origin": 1, "destination": 1, "reb_time": 1}, {"time_stamp": 21, "origin": 1, "destination": 1, "reb_time": 1}, {"time_stamp": 22, "origin": 1, "destination": 1, "reb_time": 1}, {"time_stamp": 23, "origin": 1, "destination": 1, "reb_time": 1}, {"time_stamp": 0, "origin": 1, "destination": 2, "reb_time": 1}, {"time_stamp": 1, "origin": 1, "destination": 2, "reb_time": 1}, {"time_stamp": 2, "origin": 1, "destination": 2, "reb_time": 1}, {"time_stamp": 3, "origin": 1, "destination": 2, "reb_time": 1}, {"time_stamp": 4, "origin": 1, "destination": 2, "reb_time": 1}, {"time_stamp": 5, "origin": 1, "destination": 2, "reb_time": 1}, {"time_stamp": 6, "origin": 1, "destination": 2, "reb_time": 1}, {"time_stamp": 7, "origin": 1, "destination": 2, "reb_time": 1}, {"time_stamp": 8, "origin": 1, "destination": 2, "reb_time": 1}, {"time_stamp": 9, "origin": 1, "destination": 2, "reb_time": 1}, {"time_stamp": 10, "origin": 1, "destination": 2, "reb_time": 1}, {"time_stamp": 11, "origin": 1, "destination": 2, "reb_time": 1}, {"time_stamp": 12, "origin": 1, "destination": 2, "reb_time": 1}, {"time_stamp": 13, "origin": 1, "destination": 2, "reb_time": 1}, {"time_stamp": 14, "origin": 1, "destination": 2, "reb_time": 1}, {"time_stamp": 15, "origin": 1, "destination": 2, "reb_time": 1}, {"time_stamp": 16, "origin": 1, "destination": 2, "reb_time": 1}, {"time_stamp": 17, "origin": 1, "destination": 2, "reb_time": 1}, {"time_stamp": 18, "origin": 1, "destination": 2, "reb_time": 1}, {"time_stamp": 19, "origin": 1, "destination": 2, "reb_time": 1}, {"time_stamp": 20, "origin": 1, "destination": 2, "reb_time": 1}, {"time_stamp": 21, "origin": 1, "destination": 2, "reb_time": 1}, {"time_stamp": 22, "origin": 1, "destination": 2, "reb_time": 1}, {"time_stamp": 23, "origin": 1, "destination": 2, "reb_time": 1}, {"time_stamp": 0, "origin": 1, "destination": 3, "reb_time": 1}, {"time_stamp": 1, "origin": 1, "destination": 3, "reb_time": 1}, {"time_stamp": 2, "origin": 1, "destination": 3, "reb_time": 1}, {"time_stamp": 3, "origin": 1, "destination": 3, "reb_time": 1}, {"time_stamp": 4, "origin": 1, "destination": 3, "reb_time": 1}, {"time_stamp": 5, "origin": 1, "destination": 3, "reb_time": 1}, {"time_stamp": 6, "origin": 1, "destination": 3, "reb_time": 1}, {"time_stamp": 7, "origin": 1, "destination": 3, "reb_time": 1}, {"time_stamp": 8, "origin": 1, "destination": 3, "reb_time": 1}, {"time_stamp": 9, "origin": 1, "destination": 3, "reb_time": 1}, {"time_stamp": 10, "origin": 1, "destination": 3, "reb_time": 1}, {"time_stamp": 11, "origin": 1, "destination": 3, "reb_time": 1}, {"time_stamp": 12, "origin": 1, "destination": 3, "reb_time": 1}, {"time_stamp": 13, "origin": 1, "destination": 3, "reb_time": 1}, {"time_stamp": 14, "origin": 1, "destination": 3, "reb_time": 1}, {"time_stamp": 15, "origin": 1, "destination": 3, "reb_time": 1}, {"time_stamp": 16, "origin": 1, "destination": 3, "reb_time": 1}, {"time_stamp": 17, "origin": 1, "destination": 3, "reb_time": 1}, {"time_stamp": 18, "origin": 1, "destination": 3, "reb_time": 1}, {"time_stamp": 19, "origin": 1, "destination": 3, "reb_time": 1}, {"time_stamp": 20, "origin": 1, "destination": 3, "reb_time": 1}, {"time_stamp": 21, "origin": 1, "destination": 3, "reb_time": 1}, {"time_stamp": 22, "origin": 1, "destination": 3, "reb_time": 1}, {"time_stamp": 23, "origin": 1, "destination": 3, "reb_time": 1}, {"time_stamp": 0, "origin": 2, "destination": 0, "reb_time": 1}, {"time_stamp": 1, "origin": 2, "destination": 0, "reb_time": 1}, {"time_stamp": 2, "origin": 2, "destination": 0, "reb_time": 1}, {"time_stamp": 3, "origin": 2, "destination": 0, "reb_time": 1}, {"time_stamp": 4, "origin": 2, "destination": 0, "reb_time": 1}, {"time_stamp": 5, "origin": 2, "destination": 0, "reb_time": 1}, {"time_stamp": 6, "origin": 2, "destination": 0, "reb_time": 1}, {"time_stamp": 7, "origin": 2, "destination": 0, "reb_time": 1}, {"time_stamp": 8, "origin": 2, "destination": 0, "reb_time": 1}, {"time_stamp": 9, "origin": 2, "destination": 0, "reb_time": 1}, {"time_stamp": 10, "origin": 2, "destination": 0, "reb_time": 1}, {"time_stamp": 11, "origin": 2, "destination": 0, "reb_time": 1}, {"time_stamp": 12, "origin": 2, "destination": 0, "reb_time": 1}, {"time_stamp": 13, "origin": 2, "destination": 0, "reb_time": 1}, {"time_stamp": 14, "origin": 2, "destination": 0, "reb_time": 1}, {"time_stamp": 15, "origin": 2, "destination": 0, "reb_time": 1}, {"time_stamp": 16, "origin": 2, "destination": 0, "reb_time": 1}, {"time_stamp": 17, "origin": 2, "destination": 0, "reb_time": 1}, {"time_stamp": 18, "origin": 2, "destination": 0, "reb_time": 1}, {"time_stamp": 19, "origin": 2, "destination": 0, "reb_time": 1}, {"time_stamp": 20, "origin": 2, "destination": 0, "reb_time": 1}, {"time_stamp": 21, "origin": 2, "destination": 0, "reb_time": 1}, {"time_stamp": 22, "origin": 2, "destination": 0, "reb_time": 1}, {"time_stamp": 23, "origin": 2, "destination": 0, "reb_time": 1}, {"time_stamp": 0, "origin": 2, "destination": 1, "reb_time": 1}, {"time_stamp": 1, "origin": 2, "destination": 1, "reb_time": 1}, {"time_stamp": 2, "origin": 2, "destination": 1, "reb_time": 1}, {"time_stamp": 3, "origin": 2, "destination": 1, "reb_time": 1}, {"time_stamp": 4, "origin": 2, "destination": 1, "reb_time": 1}, {"time_stamp": 5, "origin": 2, "destination": 1, "reb_time": 1}, {"time_stamp": 6, "origin": 2, "destination": 1, "reb_time": 1}, {"time_stamp": 7, "origin": 2, "destination": 1, "reb_time": 1}, {"time_stamp": 8, "origin": 2, "destination": 1, "reb_time": 1}, {"time_stamp": 9, "origin": 2, "destination": 1, "reb_time": 1}, {"time_stamp": 10, "origin": 2, "destination": 1, "reb_time": 1}, {"time_stamp": 11, "origin": 2, "destination": 1, "reb_time": 1}, {"time_stamp": 12, "origin": 2, "destination": 1, "reb_time": 1}, {"time_stamp": 13, "origin": 2, "destination": 1, "reb_time": 1}, {"time_stamp": 14, "origin": 2, "destination": 1, "reb_time": 1}, {"time_stamp": 15, "origin": 2, "destination": 1, "reb_time": 1}, {"time_stamp": 16, "origin": 2, "destination": 1, "reb_time": 1}, {"time_stamp": 17, "origin": 2, "destination": 1, "reb_time": 1}, {"time_stamp": 18, "origin": 2, "destination": 1, "reb_time": 1}, {"time_stamp": 19, "origin": 2, "destination": 1, "reb_time": 1}, {"time_stamp": 20, "origin": 2, "destination": 1, "reb_time": 1}, {"time_stamp": 21, "origin": 2, "destination": 1, "reb_time": 1}, {"time_stamp": 22, "origin": 2, "destination": 1, "reb_time": 1}, {"time_stamp": 23, "origin": 2, "destination": 1, "reb_time": 1}, {"time_stamp": 0, "origin": 2, "destination": 2, "reb_time": 1}, {"time_stamp": 1, "origin": 2, "destination": 2, "reb_time": 1}, {"time_stamp": 2, "origin": 2, "destination": 2, "reb_time": 1}, {"time_stamp": 3, "origin": 2, "destination": 2, "reb_time": 1}, {"time_stamp": 4, "origin": 2, "destination": 2, "reb_time": 1}, {"time_stamp": 5, "origin": 2, "destination": 2, "reb_time": 1}, {"time_stamp": 6, "origin": 2, "destination": 2, "reb_time": 1}, {"time_stamp": 7, "origin": 2, "destination": 2, "reb_time": 1}, {"time_stamp": 8, "origin": 2, "destination": 2, "reb_time": 1}, {"time_stamp": 9, "origin": 2, "destination": 2, "reb_time": 1}, {"time_stamp": 10, "origin": 2, "destination": 2, "reb_time": 1}, {"time_stamp": 11, "origin": 2, "destination": 2, "reb_time": 1}, {"time_stamp": 12, "origin": 2, "destination": 2, "reb_time": 1}, {"time_stamp": 13, "origin": 2, "destination": 2, "reb_time": 1}, {"time_stamp": 14, "origin": 2, "destination": 2, "reb_time": 1}, {"time_stamp": 15, "origin": 2, "destination": 2, "reb_time": 1}, {"time_stamp": 16, "origin": 2, "destination": 2, "reb_time": 1}, {"time_stamp": 17, "origin": 2, "destination": 2, "reb_time": 1}, {"time_stamp": 18, "origin": 2, "destination": 2, "reb_time": 1}, {"time_stamp": 19, "origin": 2, "destination": 2, "reb_time": 1}, {"time_stamp": 20, "origin": 2, "destination": 2, "reb_time": 1}, {"time_stamp": 21, "origin": 2, "destination": 2, "reb_time": 1}, {"time_stamp": 22, "origin": 2, "destination": 2, "reb_time": 1}, {"time_stamp": 23, "origin": 2, "destination": 2, "reb_time": 1}, {"time_stamp": 0, "origin": 2, "destination": 3, "reb_time": 1}, {"time_stamp": 1, "origin": 2, "destination": 3, "reb_time": 1}, {"time_stamp": 2, "origin": 2, "destination": 3, "reb_time": 1}, {"time_stamp": 3, "origin": 2, "destination": 3, "reb_time": 1}, {"time_stamp": 4, "origin": 2, "destination": 3, "reb_time": 1}, {"time_stamp": 5, "origin": 2, "destination": 3, "reb_time": 1}, {"time_stamp": 6, "origin": 2, "destination": 3, "reb_time": 1}, {"time_stamp": 7, "origin": 2, "destination": 3, "reb_time": 1}, {"time_stamp": 8, "origin": 2, "destination": 3, "reb_time": 1}, {"time_stamp": 9, "origin": 2, "destination": 3, "reb_time": 1}, {"time_stamp": 10, "origin": 2, "destination": 3, "reb_time": 1}, {"time_stamp": 11, "origin": 2, "destination": 3, "reb_time": 1}, {"time_stamp": 12, "origin": 2, "destination": 3, "reb_time": 1}, {"time_stamp": 13, "origin": 2, "destination": 3, "reb_time": 1}, {"time_stamp": 14, "origin": 2, "destination": 3, "reb_time": 1}, {"time_stamp": 15, "origin": 2, "destination": 3, "reb_time": 1}, {"time_stamp": 16, "origin": 2, "destination": 3, "reb_time": 1}, {"time_stamp": 17, "origin": 2, "destination": 3, "reb_time": 1}, {"time_stamp": 18, "origin": 2, "destination": 3, "reb_time": 1}, {"time_stamp": 19, "origin": 2, "destination": 3, "reb_time": 1}, {"time_stamp": 20, "origin": 2, "destination": 3, "reb_time": 1}, {"time_stamp": 21, "origin": 2, "destination": 3, "reb_time": 1}, {"time_stamp": 22, "origin": 2, "destination": 3, "reb_time": 1}, {"time_stamp": 23, "origin": 2, "destination": 3, "reb_time": 1}, {"time_stamp": 0, "origin": 3, "destination": 0, "reb_time": 1}, {"time_stamp": 1, "origin": 3, "destination": 0, "reb_time": 1}, {"time_stamp": 2, "origin": 3, "destination": 0, "reb_time": 1}, {"time_stamp": 3, "origin": 3, "destination": 0, "reb_time": 1}, {"time_stamp": 4, "origin": 3, "destination": 0, "reb_time": 1}, {"time_stamp": 5, "origin": 3, "destination": 0, "reb_time": 1}, {"time_stamp": 6, "origin": 3, "destination": 0, "reb_time": 1}, {"time_stamp": 7, "origin": 3, "destination": 0, "reb_time": 1}, {"time_stamp": 8, "origin": 3, "destination": 0, "reb_time": 1}, {"time_stamp": 9, "origin": 3, "destination": 0, "reb_time": 1}, {"time_stamp": 10, "origin": 3, "destination": 0, "reb_time": 1}, {"time_stamp": 11, "origin": 3, "destination": 0, "reb_time": 1}, {"time_stamp": 12, "origin": 3, "destination": 0, "reb_time": 1}, {"time_stamp": 13, "origin": 3, "destination": 0, "reb_time": 1}, {"time_stamp": 14, "origin": 3, "destination": 0, "reb_time": 1}, {"time_stamp": 15, "origin": 3, "destination": 0, "reb_time": 1}, {"time_stamp": 16, "origin": 3, "destination": 0, "reb_time": 1}, {"time_stamp": 17, "origin": 3, "destination": 0, "reb_time": 1}, {"time_stamp": 18, "origin": 3, "destination": 0, "reb_time": 1}, {"time_stamp": 19, "origin": 3, "destination": 0, "reb_time": 1}, {"time_stamp": 20, "origin": 3, "destination": 0, "reb_time": 1}, {"time_stamp": 21, "origin": 3, "destination": 0, "reb_time": 1}, {"time_stamp": 22, "origin": 3, "destination": 0, "reb_time": 1}, {"time_stamp": 23, "origin": 3, "destination": 0, "reb_time": 1}, {"time_stamp": 0, "origin": 3, "destination": 1, "reb_time": 1}, {"time_stamp": 1, "origin": 3, "destination": 1, "reb_time": 1}, {"time_stamp": 2, "origin": 3, "destination": 1, "reb_time": 1}, {"time_stamp": 3, "origin": 3, "destination": 1, "reb_time": 1}, {"time_stamp": 4, "origin": 3, "destination": 1, "reb_time": 1}, {"time_stamp": 5, "origin": 3, "destination": 1, "reb_time": 1}, {"time_stamp": 6, "origin": 3, "destination": 1, "reb_time": 1}, {"time_stamp": 7, "origin": 3, "destination": 1, "reb_time": 1}, {"time_stamp": 8, "origin": 3, "destination": 1, "reb_time": 1}, {"time_stamp": 9, "origin": 3, "destination": 1, "reb_time": 1}, {"time_stamp": 10, "origin": 3, "destination": 1, "reb_time": 1}, {"time_stamp": 11, "origin": 3, "destination": 1, "reb_time": 1}, {"time_stamp": 12, "origin": 3, "destination": 1, "reb_time": 1}, {"time_stamp": 13, "origin": 3, "destination": 1, "reb_time": 1}, {"time_stamp": 14, "origin": 3, "destination": 1, "reb_time": 1}, {"time_stamp": 15, "origin": 3, "destination": 1, "reb_time": 1}, {"time_stamp": 16, "origin": 3, "destination": 1, "reb_time": 1}, {"time_stamp": 17, "origin": 3, "destination": 1, "reb_time": 1}, {"time_stamp": 18, "origin": 3, "destination": 1, "reb_time": 1}, {"time_stamp": 19, "origin": 3, "destination": 1, "reb_time": 1}, {"time_stamp": 20, "origin": 3, "destination": 1, "reb_time": 1}, {"time_stamp": 21, "origin": 3, "destination": 1, "reb_time": 1}, {"time_stamp": 22, "origin": 3, "destination": 1, "reb_time": 1}, {"time_stamp": 23, "origin": 3, "destination": 1, "reb_time": 1}, {"time_stamp": 0, "origin": 3, "destination": 2, "reb_time": 1}, {"time_stamp": 1, "origin": 3, "destination": 2, "reb_time": 1}, {"time_stamp": 2, "origin": 3, "destination": 2, "reb_time": 1}, {"time_stamp": 3, "origin": 3, "destination": 2, "reb_time": 1}, {"time_stamp": 4, "origin": 3, "destination": 2, "reb_time": 1}, {"time_stamp": 5, "origin": 3, "destination": 2, "reb_time": 1}, {"time_stamp": 6, "origin": 3, "destination": 2, "reb_time": 1}, {"time_stamp": 7, "origin": 3, "destination": 2, "reb_time": 1}, {"time_stamp": 8, "origin": 3, "destination": 2, "reb_time": 1}, {"time_stamp": 9, "origin": 3, "destination": 2, "reb_time": 1}, {"time_stamp": 10, "origin": 3, "destination": 2, "reb_time": 1}, {"time_stamp": 11, "origin": 3, "destination": 2, "reb_time": 1}, {"time_stamp": 12, "origin": 3, "destination": 2, "reb_time": 1}, {"time_stamp": 13, "origin": 3, "destination": 2, "reb_time": 1}, {"time_stamp": 14, "origin": 3, "destination": 2, "reb_time": 1}, {"time_stamp": 15, "origin": 3, "destination": 2, "reb_time": 1}, {"time_stamp": 16, "origin": 3, "destination": 2, "reb_time": 1}, {"time_stamp": 17, "origin": 3, "destination": 2, "reb_time": 1}, {"time_stamp": 18, "origin": 3, "destination": 2, "reb_time": 1}, {"time_stamp": 19, "origin": 3, "destination": 2, "reb_time": 1}, {"time_stamp": 20, "origin": 3, "destination": 2, "reb_time": 1}, {"time_stamp": 21, "origin": 3, "destination": 2, "reb_time": 1}, {"time_stamp": 22, "origin": 3, "destination": 2, "reb_time": 1}, {"time_stamp": 23, "origin": 3, "destination": 2, "reb_time": 1}, {"time_stamp": 0, "origin": 3, "destination": 3, "reb_time": 1}, {"time_stamp": 1, "origin": 3, "destination": 3, "reb_time": 1}, {"time_stamp": 2, "origin": 3, "destination": 3, "reb_time": 1}, {"time_stamp": 3, "origin": 3, "destination": 3, "reb_time": 1}, {"time_stamp": 4, "origin": 3, "destination": 3, "reb_time": 1}, {"time_stamp": 5, "origin": 3, "destination": 3, "reb_time": 1}, {"time_stamp": 6, "origin": 3, "destination": 3, "reb_time": 1}, {"time_stamp": 7, "origin": 3, "destination": 3, "reb_time": 1}, {"time_stamp": 8, "origin": 3, "destination": 3, "reb_time": 1}, {"time_stamp": 9, "origin": 3, "destination": 3, "reb_time": 1}, {"time_stamp": 10, "origin": 3, "destination": 3, "reb_time": 1}, {"time_stamp": 11, "origin": 3, "destination": 3, "reb_time": 1}, {"time_stamp": 12, "origin": 3, "destination": 3, "reb_time": 1}, {"time_stamp": 13, "origin": 3, "destination": 3, "reb_time": 1}, {"time_stamp": 14, "origin": 3, "destination": 3, "reb_time": 1}, {"time_stamp": 15, "origin": 3, "destination": 3, "reb_time": 1}, {"time_stamp": 16, "origin": 3, "destination": 3, "reb_time": 1}, {"time_stamp": 17, "origin": 3, "destination": 3, "reb_time": 1}, {"time_stamp": 18, "origin": 3, "destination": 3, "reb_time": 1}, {"time_stamp": 19, "origin": 3, "destination": 3, "reb_time": 1}, {"time_stamp": 20, "origin": 3, "destination": 3, "reb_time": 1}, {"time_stamp": 21, "origin": 3, "destination": 3, "reb_time": 1}, {"time_stamp": 22, "origin": 3, "destination": 3, "reb_time": 1}, {"time_stamp": 23, "origin": 3, "destination": 3, "reb_time": 1}], "totalAcc": [{"hour": 0, "acc": 77744}, {"hour": 1, "acc": 77744}, {"hour": 2, "acc": 77744}, {"hour": 3, "acc": 77744}, {"hour": 4, "acc": 77744}, {"hour": 5, "acc": 77744}, {"hour": 6, "acc": 77744}, {"hour": 7, "acc": 77744}, {"hour": 8, "acc": 77744}, {"hour": 9, "acc": 77744}, {"hour": 10, "acc": 77744}, {"hour": 11, "acc": 77744}, {"hour": 12, "acc": 77744}, {"hour": 13, "acc": 77744}, {"hour": 14, "acc": 77744}, {"hour": 15, "acc": 77744}, {"hour": 16, "acc": 77744}, {"hour": 17, "acc": 77744}, {"hour": 18, "acc": 77744}, {"hour": 19, "acc": 77744}, {"hour": 20, "acc": 77744}, {"hour": 21, "acc": 77744}, {"hour": 22, "acc": 77744}, {"hour": 23, "acc": 77744}], "chargelevels": 5, "spacialNodes": 4, "chargeTime": 1, "episodeLength": 24}