{"demand": [{"time_stamp": 0, "origin": 0, "destination": 0, "demand": 1856, "price": 3.06}, {"time_stamp": 1, "origin": 0, "destination": 0, "demand": 1291, "price": 3.06}, {"time_stamp": 2, "origin": 0, "destination": 0, "demand": 1062, "price": 3.24}, {"time_stamp": 3, "origin": 0, "destination": 0, "demand": 890, "price": 3.24}, {"time_stamp": 4, "origin": 0, "destination": 0, "demand": 1491, "price": 3.24}, {"time_stamp": 5, "origin": 0, "destination": 0, "demand": 6772, "price": 3.06}, {"time_stamp": 6, "origin": 0, "destination": 0, "demand": 11812, "price": 3.06}, {"time_stamp": 7, "origin": 0, "destination": 0, "demand": 17979, "price": 3.06}, {"time_stamp": 8, "origin": 0, "destination": 0, "demand": 17812, "price": 3.06}, {"time_stamp": 9, "origin": 0, "destination": 0, "demand": 13569, "price": 3.24}, {"time_stamp": 10, "origin": 0, "destination": 0, "demand": 15545, "price": 3.24}, {"time_stamp": 11, "origin": 0, "destination": 0, "demand": 17366, "price": 3.24}, {"time_stamp": 12, "origin": 0, "destination": 0, "demand": 16645, "price": 3.24}, {"time_stamp": 13, "origin": 0, "destination": 0, "demand": 17205, "price": 3.24}, {"time_stamp": 14, "origin": 0, "destination": 0, "demand": 18223, "price": 3.24}, {"time_stamp": 15, "origin": 0, "destination": 0, "demand": 23240, "price": 3.06}, {"time_stamp": 16, "origin": 0, "destination": 0, "demand": 25789, "price": 3.06}, {"time_stamp": 17, "origin": 0, "destination": 0, "demand": 18588, "price": 3.06}, {"time_stamp": 18, "origin": 0, "destination": 0, "demand": 11495, "price": 3.06}, {"time_stamp": 19, "origin": 0, "destination": 0, "demand": 8348, "price": 3.06}, {"time_stamp": 20, "origin": 0, "destination": 0, "demand": 6739, "price": 3.06}, {"time_stamp": 21, "origin": 0, "destination": 0, "demand": 5198, "price": 3.06}, {"time_stamp": 22, "origin": 0, "destination": 0, "demand": 3352, "price": 3.06}, {"time_stamp": 23, "origin": 0, "destination": 0, "demand": 4047, "price": 3.06}, {"time_stamp": 0, "origin": 0, "destination": 1, "demand": 587, "price": 4.14}, {"time_stamp": 1, "origin": 0, "destination": 1, "demand": 385, "price": 4.32}, {"time_stamp": 2, "origin": 0, "destination": 1, "demand": 329, "price": 4.32}, {"time_stamp": 3, "origin": 0, "destination": 1, "demand": 235, "price": 4.32}, {"time_stamp": 4, "origin": 0, "destination": 1, "demand": 533, "price": 4.32}, {"time_stamp": 5, "origin": 0, "destination": 1, "demand": 2197, "price": 4.14}, {"time_stamp": 6, "origin": 0, "destination": 1, "demand": 4596, "price": 4.32}, {"time_stamp": 7, "origin": 0, "destination": 1, "demand": 6743, "price": 4.32}, {"time_stamp": 8, "origin": 0, "destination": 1, "demand": 6414, "price": 4.14}, {"time_stamp": 9, "origin": 0, "destination": 1, "demand": 5570, "price": 4.32}, {"time_stamp": 10, "origin": 0, "destination": 1, "demand": 6540, "price": 4.5}, {"time_stamp": 11, "origin": 0, "destination": 1, "demand": 6491, "price": 4.32}, {"time_stamp": 12, "origin": 0, "destination": 1, "demand": 6042, "price": 4.14}, {"time_stamp": 13, "origin": 0, "destination": 1, "demand": 5917, "price": 4.32}, {"time_stamp": 14, "origin": 0, "destination": 1, "demand": 6211, "price": 4.32}, {"time_stamp": 15, "origin": 0, "destination": 1, "demand": 7626, "price": 4.32}, {"time_stamp": 16, "origin": 0, "destination": 1, "demand": 8809, "price": 4.32}, {"time_stamp": 17, "origin": 0, "destination": 1, "demand": 6237, "price": 4.32}, {"time_stamp": 18, "origin": 0, "destination": 1, "demand": 4123, "price": 4.32}, {"time_stamp": 19, "origin": 0, "destination": 1, "demand": 3040, "price": 4.14}, {"time_stamp": 20, "origin": 0, "destination": 1, "demand": 2566, "price": 4.14}, {"time_stamp": 21, "origin": 0, "destination": 1, "demand": 1907, "price": 4.14}, {"time_stamp": 22, "origin": 0, "destination": 1, "demand": 1095, "price": 4.14}, {"time_stamp": 23, "origin": 0, "destination": 1, "demand": 1153, "price": 4.14}, {"time_stamp": 0, "origin": 0, "destination": 2, "demand": 237, "price": 13.5}, {"time_stamp": 1, "origin": 0, "destination": 2, "demand": 166, "price": 12.96}, {"time_stamp": 2, "origin": 0, "destination": 2, "demand": 100, "price": 13.14}, {"time_stamp": 3, "origin": 0, "destination": 2, "demand": 56, "price": 13.32}, {"time_stamp": 4, "origin": 0, "destination": 2, "demand": 51, "price": 13.32}, {"time_stamp": 5, "origin": 0, "destination": 2, "demand": 358, "price": 13.32}, {"time_stamp": 6, "origin": 0, "destination": 2, "demand": 663, "price": 13.5}, {"time_stamp": 7, "origin": 0, "destination": 2, "demand": 653, "price": 13.68}, {"time_stamp": 8, "origin": 0, "destination": 2, "demand": 639, "price": 14.04}, {"time_stamp": 9, "origin": 0, "destination": 2, "demand": 772, "price": 13.860000000000001}, {"time_stamp": 10, "origin": 0, "destination": 2, "demand": 771, "price": 14.4}, {"time_stamp": 11, "origin": 0, "destination": 2, "demand": 929, "price": 13.860000000000001}, {"time_stamp": 12, "origin": 0, "destination": 2, "demand": 1129, "price": 13.860000000000001}, {"time_stamp": 13, "origin": 0, "destination": 2, "demand": 1246, "price": 13.5}, {"time_stamp": 14, "origin": 0, "destination": 2, "demand": 1590, "price": 13.14}, {"time_stamp": 15, "origin": 0, "destination": 2, "demand": 2614, "price": 13.14}, {"time_stamp": 16, "origin": 0, "destination": 2, "demand": 2786, "price": 13.14}, {"time_stamp": 17, "origin": 0, "destination": 2, "demand": 1972, "price": 13.32}, {"time_stamp": 18, "origin": 0, "destination": 2, "demand": 1138, "price": 13.5}, {"time_stamp": 19, "origin": 0, "destination": 2, "demand": 996, "price": 13.5}, {"time_stamp": 20, "origin": 0, "destination": 2, "demand": 740, "price": 13.5}, {"time_stamp": 21, "origin": 0, "destination": 2, "demand": 579, "price": 13.68}, {"time_stamp": 22, "origin": 0, "destination": 2, "demand": 375, "price": 13.5}, {"time_stamp": 23, "origin": 0, "destination": 2, "demand": 113, "price": 13.32}, {"time_stamp": 0, "origin": 0, "destination": 3, "demand": 1188, "price": 5.04}, {"time_stamp": 1, "origin": 0, "destination": 3, "demand": 847, "price": 4.86}, {"time_stamp": 2, "origin": 0, "destination": 3, "demand": 641, "price": 5.04}, {"time_stamp": 3, "origin": 0, "destination": 3, "demand": 507, "price": 5.04}, {"time_stamp": 4, "origin": 0, "destination": 3, "demand": 527, "price": 5.04}, {"time_stamp": 5, "origin": 0, "destination": 3, "demand": 2123, "price": 5.04}, {"time_stamp": 6, "origin": 0, "destination": 3, "demand": 3952, "price": 4.680000000000001}, {"time_stamp": 7, "origin": 0, "destination": 3, "demand": 4437, "price": 4.86}, {"time_stamp": 8, "origin": 0, "destination": 3, "demand": 4314, "price": 5.04}, {"time_stamp": 9, "origin": 0, "destination": 3, "demand": 4446, "price": 5.04}, {"time_stamp": 10, "origin": 0, "destination": 3, "demand": 5029, "price": 5.04}, {"time_stamp": 11, "origin": 0, "destination": 3, "demand": 5599, "price": 5.04}, {"time_stamp": 12, "origin": 0, "destination": 3, "demand": 5770, "price": 5.04}, {"time_stamp": 13, "origin": 0, "destination": 3, "demand": 6252, "price": 5.04}, {"time_stamp": 14, "origin": 0, "destination": 3, "demand": 6899, "price": 4.86}, {"time_stamp": 15, "origin": 0, "destination": 3, "demand": 8668, "price": 4.86}, {"time_stamp": 16, "origin": 0, "destination": 3, "demand": 10686, "price": 4.86}, {"time_stamp": 17, "origin": 0, "destination": 3, "demand": 8694, "price": 4.680000000000001}, {"time_stamp": 18, "origin": 0, "destination": 3, "demand": 6189, "price": 4.86}, {"time_stamp": 19, "origin": 0, "destination": 3, "demand": 4480, "price": 4.86}, {"time_stamp": 20, "origin": 0, "destination": 3, "demand": 3767, "price": 4.86}, {"time_stamp": 21, "origin": 0, "destination": 3, "demand": 2782, "price": 4.86}, {"time_stamp": 22, "origin": 0, "destination": 3, "demand": 2004, "price": 4.86}, {"time_stamp": 23, "origin": 0, "destination": 3, "demand": 937, "price": 5.04}, {"time_stamp": 0, "origin": 1, "destination": 0, "demand": 727, "price": 4.14}, {"time_stamp": 1, "origin": 1, "destination": 0, "demand": 502, "price": 4.14}, {"time_stamp": 2, "origin": 1, "destination": 0, "demand": 385, "price": 4.32}, {"time_stamp": 3, "origin": 1, "destination": 0, "demand": 351, "price": 4.32}, {"time_stamp": 4, "origin": 1, "destination": 0, "demand": 383, "price": 4.5}, {"time_stamp": 5, "origin": 1, "destination": 0, "demand": 2223, "price": 4.14}, {"time_stamp": 6, "origin": 1, "destination": 0, "demand": 4999, "price": 4.14}, {"time_stamp": 7, "origin": 1, "destination": 0, "demand": 7027, "price": 4.14}, {"time_stamp": 8, "origin": 1, "destination": 0, "demand": 6114, "price": 4.5}, {"time_stamp": 9, "origin": 1, "destination": 0, "demand": 5202, "price": 4.5}, {"time_stamp": 10, "origin": 1, "destination": 0, "demand": 6401, "price": 4.5}, {"time_stamp": 11, "origin": 1, "destination": 0, "demand": 7354, "price": 4.32}, {"time_stamp": 12, "origin": 1, "destination": 0, "demand": 7645, "price": 4.32}, {"time_stamp": 13, "origin": 1, "destination": 0, "demand": 7429, "price": 4.32}, {"time_stamp": 14, "origin": 1, "destination": 0, "demand": 8018, "price": 4.5}, {"time_stamp": 15, "origin": 1, "destination": 0, "demand": 9674, "price": 4.5}, {"time_stamp": 16, "origin": 1, "destination": 0, "demand": 11189, "price": 4.32}, {"time_stamp": 17, "origin": 1, "destination": 0, "demand": 7867, "price": 4.32}, {"time_stamp": 18, "origin": 1, "destination": 0, "demand": 5279, "price": 4.32}, {"time_stamp": 19, "origin": 1, "destination": 0, "demand": 4077, "price": 4.32}, {"time_stamp": 20, "origin": 1, "destination": 0, "demand": 3398, "price": 4.14}, {"time_stamp": 21, "origin": 1, "destination": 0, "demand": 2544, "price": 4.14}, {"time_stamp": 22, "origin": 1, "destination": 0, "demand": 1608, "price": 3.9600000000000004}, {"time_stamp": 23, "origin": 1, "destination": 0, "demand": 1013, "price": 3.9600000000000004}, {"time_stamp": 0, "origin": 1, "destination": 1, "demand": 787, "price": 1.8}, {"time_stamp": 1, "origin": 1, "destination": 1, "demand": 505, "price": 1.8}, {"time_stamp": 2, "origin": 1, "destination": 1, "demand": 374, "price": 1.8}, {"time_stamp": 3, "origin": 1, "destination": 1, "demand": 341, "price": 1.8}, {"time_stamp": 4, "origin": 1, "destination": 1, "demand": 492, "price": 1.8}, {"time_stamp": 5, "origin": 1, "destination": 1, "demand": 2220, "price": 1.8}, {"time_stamp": 6, "origin": 1, "destination": 1, "demand": 4703, "price": 1.8}, {"time_stamp": 7, "origin": 1, "destination": 1, "demand": 7934, "price": 1.8}, {"time_stamp": 8, "origin": 1, "destination": 1, "demand": 7861, "price": 1.8}, {"time_stamp": 9, "origin": 1, "destination": 1, "demand": 7656, "price": 1.9800000000000002}, {"time_stamp": 10, "origin": 1, "destination": 1, "demand": 9988, "price": 1.9800000000000002}, {"time_stamp": 11, "origin": 1, "destination": 1, "demand": 11525, "price": 1.9800000000000002}, {"time_stamp": 12, "origin": 1, "destination": 1, "demand": 10964, "price": 1.9800000000000002}, {"time_stamp": 13, "origin": 1, "destination": 1, "demand": 10096, "price": 1.9800000000000002}, {"time_stamp": 14, "origin": 1, "destination": 1, "demand": 10807, "price": 1.9800000000000002}, {"time_stamp": 15, "origin": 1, "destination": 1, "demand": 11888, "price": 1.9800000000000002}, {"time_stamp": 16, "origin": 1, "destination": 1, "demand": 12716, "price": 1.8}, {"time_stamp": 17, "origin": 1, "destination": 1, "demand": 9485, "price": 1.9800000000000002}, {"time_stamp": 18, "origin": 1, "destination": 1, "demand": 7009, "price": 1.8}, {"time_stamp": 19, "origin": 1, "destination": 1, "demand": 5168, "price": 1.8}, {"time_stamp": 20, "origin": 1, "destination": 1, "demand": 4149, "price": 1.8}, {"time_stamp": 21, "origin": 1, "destination": 1, "demand": 2641, "price": 1.8}, {"time_stamp": 22, "origin": 1, "destination": 1, "demand": 1485, "price": 1.8}, {"time_stamp": 23, "origin": 1, "destination": 1, "demand": 976, "price": 1.8}, {"time_stamp": 0, "origin": 1, "destination": 2, "demand": 224, "price": 12.06}, {"time_stamp": 1, "origin": 1, "destination": 2, "demand": 75, "price": 12.24}, {"time_stamp": 2, "origin": 1, "destination": 2, "demand": 46, "price": 12.420000000000002}, {"time_stamp": 3, "origin": 1, "destination": 2, "demand": 32, "price": 12.24}, {"time_stamp": 4, "origin": 1, "destination": 2, "demand": 20, "price": 12.24}, {"time_stamp": 5, "origin": 1, "destination": 2, "demand": 161, "price": 12.24}, {"time_stamp": 6, "origin": 1, "destination": 2, "demand": 377, "price": 12.24}, {"time_stamp": 7, "origin": 1, "destination": 2, "demand": 514, "price": 12.06}, {"time_stamp": 8, "origin": 1, "destination": 2, "demand": 617, "price": 12.78}, {"time_stamp": 9, "origin": 1, "destination": 2, "demand": 668, "price": 12.6}, {"time_stamp": 10, "origin": 1, "destination": 2, "demand": 808, "price": 12.420000000000002}, {"time_stamp": 11, "origin": 1, "destination": 2, "demand": 969, "price": 12.24}, {"time_stamp": 12, "origin": 1, "destination": 2, "demand": 1078, "price": 12.06}, {"time_stamp": 13, "origin": 1, "destination": 2, "demand": 1182, "price": 11.879999999999999}, {"time_stamp": 14, "origin": 1, "destination": 2, "demand": 1425, "price": 11.700000000000001}, {"time_stamp": 15, "origin": 1, "destination": 2, "demand": 2581, "price": 11.700000000000001}, {"time_stamp": 16, "origin": 1, "destination": 2, "demand": 2777, "price": 11.879999999999999}, {"time_stamp": 17, "origin": 1, "destination": 2, "demand": 1996, "price": 11.700000000000001}, {"time_stamp": 18, "origin": 1, "destination": 2, "demand": 1163, "price": 11.879999999999999}, {"time_stamp": 19, "origin": 1, "destination": 2, "demand": 958, "price": 12.24}, {"time_stamp": 20, "origin": 1, "destination": 2, "demand": 749, "price": 11.879999999999999}, {"time_stamp": 21, "origin": 1, "destination": 2, "demand": 589, "price": 11.879999999999999}, {"time_stamp": 22, "origin": 1, "destination": 2, "demand": 304, "price": 12.06}, {"time_stamp": 23, "origin": 1, "destination": 2, "demand": 50, "price": 12.06}, {"time_stamp": 0, "origin": 1, "destination": 3, "demand": 692, "price": 4.680000000000001}, {"time_stamp": 1, "origin": 1, "destination": 3, "demand": 545, "price": 4.5}, {"time_stamp": 2, "origin": 1, "destination": 3, "demand": 405, "price": 4.680000000000001}, {"time_stamp": 3, "origin": 1, "destination": 3, "demand": 234, "price": 4.680000000000001}, {"time_stamp": 4, "origin": 1, "destination": 3, "demand": 189, "price": 4.680000000000001}, {"time_stamp": 5, "origin": 1, "destination": 3, "demand": 953, "price": 4.680000000000001}, {"time_stamp": 6, "origin": 1, "destination": 3, "demand": 1771, "price": 4.680000000000001}, {"time_stamp": 7, "origin": 1, "destination": 3, "demand": 2113, "price": 4.680000000000001}, {"time_stamp": 8, "origin": 1, "destination": 3, "demand": 2393, "price": 4.680000000000001}, {"time_stamp": 9, "origin": 1, "destination": 3, "demand": 2656, "price": 4.680000000000001}, {"time_stamp": 10, "origin": 1, "destination": 3, "demand": 3269, "price": 4.680000000000001}, {"time_stamp": 11, "origin": 1, "destination": 3, "demand": 3661, "price": 4.680000000000001}, {"time_stamp": 12, "origin": 1, "destination": 3, "demand": 3825, "price": 4.680000000000001}, {"time_stamp": 13, "origin": 1, "destination": 3, "demand": 4101, "price": 4.680000000000001}, {"time_stamp": 14, "origin": 1, "destination": 3, "demand": 4675, "price": 4.680000000000001}, {"time_stamp": 15, "origin": 1, "destination": 3, "demand": 5431, "price": 4.680000000000001}, {"time_stamp": 16, "origin": 1, "destination": 3, "demand": 6184, "price": 4.5}, {"time_stamp": 17, "origin": 1, "destination": 3, "demand": 5089, "price": 4.5}, {"time_stamp": 18, "origin": 1, "destination": 3, "demand": 4099, "price": 4.680000000000001}, {"time_stamp": 19, "origin": 1, "destination": 3, "demand": 3368, "price": 4.680000000000001}, {"time_stamp": 20, "origin": 1, "destination": 3, "demand": 2885, "price": 4.5}, {"time_stamp": 21, "origin": 1, "destination": 3, "demand": 2335, "price": 4.5}, {"time_stamp": 22, "origin": 1, "destination": 3, "demand": 1538, "price": 4.5}, {"time_stamp": 23, "origin": 1, "destination": 3, "demand": 498, "price": 4.680000000000001}, {"time_stamp": 0, "origin": 2, "destination": 0, "demand": 101, "price": 13.32}, {"time_stamp": 1, "origin": 2, "destination": 0, "demand": 81, "price": 13.32}, {"time_stamp": 2, "origin": 2, "destination": 0, "demand": 46, "price": 13.5}, {"time_stamp": 3, "origin": 2, "destination": 0, "demand": 104, "price": 13.32}, {"time_stamp": 4, "origin": 2, "destination": 0, "demand": 272, "price": 13.32}, {"time_stamp": 5, "origin": 2, "destination": 0, "demand": 1746, "price": 12.420000000000002}, {"time_stamp": 6, "origin": 2, "destination": 0, "demand": 3554, "price": 12.78}, {"time_stamp": 7, "origin": 2, "destination": 0, "demand": 3060, "price": 12.6}, {"time_stamp": 8, "origin": 2, "destination": 0, "demand": 1726, "price": 12.78}, {"time_stamp": 9, "origin": 2, "destination": 0, "demand": 1168, "price": 13.14}, {"time_stamp": 10, "origin": 2, "destination": 0, "demand": 972, "price": 13.32}, {"time_stamp": 11, "origin": 2, "destination": 0, "demand": 919, "price": 13.32}, {"time_stamp": 12, "origin": 2, "destination": 0, "demand": 1041, "price": 13.32}, {"time_stamp": 13, "origin": 2, "destination": 0, "demand": 1060, "price": 13.5}, {"time_stamp": 14, "origin": 2, "destination": 0, "demand": 1248, "price": 13.68}, {"time_stamp": 15, "origin": 2, "destination": 0, "demand": 1157, "price": 13.860000000000001}, {"time_stamp": 16, "origin": 2, "destination": 0, "demand": 1223, "price": 13.68}, {"time_stamp": 17, "origin": 2, "destination": 0, "demand": 855, "price": 13.860000000000001}, {"time_stamp": 18, "origin": 2, "destination": 0, "demand": 637, "price": 14.04}, {"time_stamp": 19, "origin": 2, "destination": 0, "demand": 433, "price": 13.5}, {"time_stamp": 20, "origin": 2, "destination": 0, "demand": 440, "price": 13.32}, {"time_stamp": 21, "origin": 2, "destination": 0, "demand": 321, "price": 13.32}, {"time_stamp": 22, "origin": 2, "destination": 0, "demand": 164, "price": 13.32}, {"time_stamp": 23, "origin": 2, "destination": 0, "demand": 620, "price": 12.78}, {"time_stamp": 0, "origin": 2, "destination": 1, "demand": 46, "price": 12.06}, {"time_stamp": 1, "origin": 2, "destination": 1, "demand": 35, "price": 12.24}, {"time_stamp": 2, "origin": 2, "destination": 1, "demand": 12, "price": 12.24}, {"time_stamp": 3, "origin": 2, "destination": 1, "demand": 23, "price": 12.06}, {"time_stamp": 4, "origin": 2, "destination": 1, "demand": 112, "price": 11.879999999999999}, {"time_stamp": 5, "origin": 2, "destination": 1, "demand": 1039, "price": 11.700000000000001}, {"time_stamp": 6, "origin": 2, "destination": 1, "demand": 2424, "price": 11.700000000000001}, {"time_stamp": 7, "origin": 2, "destination": 1, "demand": 2405, "price": 11.700000000000001}, {"time_stamp": 8, "origin": 2, "destination": 1, "demand": 1372, "price": 11.520000000000001}, {"time_stamp": 9, "origin": 2, "destination": 1, "demand": 1008, "price": 11.700000000000001}, {"time_stamp": 10, "origin": 2, "destination": 1, "demand": 996, "price": 12.06}, {"time_stamp": 11, "origin": 2, "destination": 1, "demand": 876, "price": 11.879999999999999}, {"time_stamp": 12, "origin": 2, "destination": 1, "demand": 845, "price": 12.24}, {"time_stamp": 13, "origin": 2, "destination": 1, "demand": 895, "price": 12.24}, {"time_stamp": 14, "origin": 2, "destination": 1, "demand": 1074, "price": 12.24}, {"time_stamp": 15, "origin": 2, "destination": 1, "demand": 1044, "price": 12.24}, {"time_stamp": 16, "origin": 2, "destination": 1, "demand": 957, "price": 12.420000000000002}, {"time_stamp": 17, "origin": 2, "destination": 1, "demand": 647, "price": 12.24}, {"time_stamp": 18, "origin": 2, "destination": 1, "demand": 485, "price": 12.06}, {"time_stamp": 19, "origin": 2, "destination": 1, "demand": 345, "price": 12.06}, {"time_stamp": 20, "origin": 2, "destination": 1, "demand": 245, "price": 12.24}, {"time_stamp": 21, "origin": 2, "destination": 1, "demand": 151, "price": 12.24}, {"time_stamp": 22, "origin": 2, "destination": 1, "demand": 95, "price": 12.420000000000002}, {"time_stamp": 23, "origin": 2, "destination": 1, "demand": 345, "price": 12.06}, {"time_stamp": 0, "origin": 2, "destination": 2, "demand": 798, "price": 3.7800000000000002}, {"time_stamp": 1, "origin": 2, "destination": 2, "demand": 527, "price": 3.9600000000000004}, {"time_stamp": 2, "origin": 2, "destination": 2, "demand": 310, "price": 3.9600000000000004}, {"time_stamp": 3, "origin": 2, "destination": 2, "demand": 213, "price": 3.9600000000000004}, {"time_stamp": 4, "origin": 2, "destination": 2, "demand": 299, "price": 3.9600000000000004}, {"time_stamp": 5, "origin": 2, "destination": 2, "demand": 2046, "price": 4.14}, {"time_stamp": 6, "origin": 2, "destination": 2, "demand": 5760, "price": 4.14}, {"time_stamp": 7, "origin": 2, "destination": 2, "demand": 7647, "price": 4.14}, {"time_stamp": 8, "origin": 2, "destination": 2, "demand": 6102, "price": 4.14}, {"time_stamp": 9, "origin": 2, "destination": 2, "demand": 6774, "price": 3.9600000000000004}, {"time_stamp": 10, "origin": 2, "destination": 2, "demand": 7525, "price": 4.14}, {"time_stamp": 11, "origin": 2, "destination": 2, "demand": 8356, "price": 4.14}, {"time_stamp": 12, "origin": 2, "destination": 2, "demand": 9086, "price": 4.14}, {"time_stamp": 13, "origin": 2, "destination": 2, "demand": 9433, "price": 4.14}, {"time_stamp": 14, "origin": 2, "destination": 2, "demand": 10344, "price": 4.14}, {"time_stamp": 15, "origin": 2, "destination": 2, "demand": 9748, "price": 4.14}, {"time_stamp": 16, "origin": 2, "destination": 2, "demand": 10629, "price": 4.14}, {"time_stamp": 17, "origin": 2, "destination": 2, "demand": 8547, "price": 3.9600000000000004}, {"time_stamp": 18, "origin": 2, "destination": 2, "demand": 6716, "price": 3.9600000000000004}, {"time_stamp": 19, "origin": 2, "destination": 2, "demand": 4610, "price": 3.9600000000000004}, {"time_stamp": 20, "origin": 2, "destination": 2, "demand": 3242, "price": 3.9600000000000004}, {"time_stamp": 21, "origin": 2, "destination": 2, "demand": 2232, "price": 3.9600000000000004}, {"time_stamp": 22, "origin": 2, "destination": 2, "demand": 1416, "price": 3.9600000000000004}, {"time_stamp": 23, "origin": 2, "destination": 2, "demand": 678, "price": 3.9600000000000004}, {"time_stamp": 0, "origin": 2, "destination": 3, "demand": 226, "price": 8.28}, {"time_stamp": 1, "origin": 2, "destination": 3, "demand": 182, "price": 8.28}, {"time_stamp": 2, "origin": 2, "destination": 3, "demand": 109, "price": 8.46}, {"time_stamp": 3, "origin": 2, "destination": 3, "demand": 75, "price": 8.46}, {"time_stamp": 4, "origin": 2, "destination": 3, "demand": 126, "price": 8.46}, {"time_stamp": 5, "origin": 2, "destination": 3, "demand": 1475, "price": 8.1}, {"time_stamp": 6, "origin": 2, "destination": 3, "demand": 4294, "price": 8.1}, {"time_stamp": 7, "origin": 2, "destination": 3, "demand": 3869, "price": 8.28}, {"time_stamp": 8, "origin": 2, "destination": 3, "demand": 2585, "price": 8.1}, {"time_stamp": 9, "origin": 2, "destination": 3, "demand": 2463, "price": 8.28}, {"time_stamp": 10, "origin": 2, "destination": 3, "demand": 2311, "price": 8.46}, {"time_stamp": 11, "origin": 2, "destination": 3, "demand": 2532, "price": 8.28}, {"time_stamp": 12, "origin": 2, "destination": 3, "demand": 2580, "price": 8.46}, {"time_stamp": 13, "origin": 2, "destination": 3, "demand": 2726, "price": 8.46}, {"time_stamp": 14, "origin": 2, "destination": 3, "demand": 2990, "price": 8.28}, {"time_stamp": 15, "origin": 2, "destination": 3, "demand": 2756, "price": 8.46}, {"time_stamp": 16, "origin": 2, "destination": 3, "demand": 2976, "price": 8.46}, {"time_stamp": 17, "origin": 2, "destination": 3, "demand": 2299, "price": 8.1}, {"time_stamp": 18, "origin": 2, "destination": 3, "demand": 1697, "price": 8.28}, {"time_stamp": 19, "origin": 2, "destination": 3, "demand": 1263, "price": 8.46}, {"time_stamp": 20, "origin": 2, "destination": 3, "demand": 1071, "price": 8.1}, {"time_stamp": 21, "origin": 2, "destination": 3, "demand": 786, "price": 8.1}, {"time_stamp": 22, "origin": 2, "destination": 3, "demand": 431, "price": 8.1}, {"time_stamp": 23, "origin": 2, "destination": 3, "demand": 623, "price": 8.1}, {"time_stamp": 0, "origin": 3, "destination": 0, "demand": 1023, "price": 5.04}, {"time_stamp": 1, "origin": 3, "destination": 0, "demand": 683, "price": 5.04}, {"time_stamp": 2, "origin": 3, "destination": 0, "demand": 488, "price": 5.04}, {"time_stamp": 3, "origin": 3, "destination": 0, "demand": 452, "price": 5.22}, {"time_stamp": 4, "origin": 3, "destination": 0, "demand": 560, "price": 4.86}, {"time_stamp": 5, "origin": 3, "destination": 0, "demand": 3067, "price": 4.680000000000001}, {"time_stamp": 6, "origin": 3, "destination": 0, "demand": 6454, "price": 4.86}, {"time_stamp": 7, "origin": 3, "destination": 0, "demand": 8899, "price": 4.86}, {"time_stamp": 8, "origin": 3, "destination": 0, "demand": 7777, "price": 4.86}, {"time_stamp": 9, "origin": 3, "destination": 0, "demand": 5846, "price": 5.04}, {"time_stamp": 10, "origin": 3, "destination": 0, "demand": 5703, "price": 5.04}, {"time_stamp": 11, "origin": 3, "destination": 0, "demand": 5789, "price": 5.04}, {"time_stamp": 12, "origin": 3, "destination": 0, "demand": 5754, "price": 5.04}, {"time_stamp": 13, "origin": 3, "destination": 0, "demand": 5947, "price": 5.04}, {"time_stamp": 14, "origin": 3, "destination": 0, "demand": 6441, "price": 5.04}, {"time_stamp": 15, "origin": 3, "destination": 0, "demand": 6894, "price": 5.04}, {"time_stamp": 16, "origin": 3, "destination": 0, "demand": 6819, "price": 5.04}, {"time_stamp": 17, "origin": 3, "destination": 0, "demand": 5257, "price": 5.04}, {"time_stamp": 18, "origin": 3, "destination": 0, "demand": 3945, "price": 5.04}, {"time_stamp": 19, "origin": 3, "destination": 0, "demand": 3229, "price": 5.22}, {"time_stamp": 20, "origin": 3, "destination": 0, "demand": 2955, "price": 5.04}, {"time_stamp": 21, "origin": 3, "destination": 0, "demand": 2725, "price": 5.04}, {"time_stamp": 22, "origin": 3, "destination": 0, "demand": 1935, "price": 5.04}, {"time_stamp": 23, "origin": 3, "destination": 0, "demand": 1508, "price": 5.04}, {"time_stamp": 0, "origin": 3, "destination": 1, "demand": 530, "price": 4.680000000000001}, {"time_stamp": 1, "origin": 3, "destination": 1, "demand": 372, "price": 4.680000000000001}, {"time_stamp": 2, "origin": 3, "destination": 1, "demand": 258, "price": 4.680000000000001}, {"time_stamp": 3, "origin": 3, "destination": 1, "demand": 229, "price": 4.680000000000001}, {"time_stamp": 4, "origin": 3, "destination": 1, "demand": 337, "price": 4.86}, {"time_stamp": 5, "origin": 3, "destination": 1, "demand": 1250, "price": 4.680000000000001}, {"time_stamp": 6, "origin": 3, "destination": 1, "demand": 2961, "price": 4.86}, {"time_stamp": 7, "origin": 3, "destination": 1, "demand": 4038, "price": 4.680000000000001}, {"time_stamp": 8, "origin": 3, "destination": 1, "demand": 3542, "price": 4.680000000000001}, {"time_stamp": 9, "origin": 3, "destination": 1, "demand": 3322, "price": 4.680000000000001}, {"time_stamp": 10, "origin": 3, "destination": 1, "demand": 3372, "price": 4.680000000000001}, {"time_stamp": 11, "origin": 3, "destination": 1, "demand": 3327, "price": 4.680000000000001}, {"time_stamp": 12, "origin": 3, "destination": 1, "demand": 3353, "price": 4.86}, {"time_stamp": 13, "origin": 3, "destination": 1, "demand": 3495, "price": 4.86}, {"time_stamp": 14, "origin": 3, "destination": 1, "demand": 3360, "price": 4.86}, {"time_stamp": 15, "origin": 3, "destination": 1, "demand": 3470, "price": 4.86}, {"time_stamp": 16, "origin": 3, "destination": 1, "demand": 3428, "price": 4.86}, {"time_stamp": 17, "origin": 3, "destination": 1, "demand": 2819, "price": 4.680000000000001}, {"time_stamp": 18, "origin": 3, "destination": 1, "demand": 2288, "price": 4.86}, {"time_stamp": 19, "origin": 3, "destination": 1, "demand": 1848, "price": 4.86}, {"time_stamp": 20, "origin": 3, "destination": 1, "demand": 1570, "price": 4.86}, {"time_stamp": 21, "origin": 3, "destination": 1, "demand": 1479, "price": 4.680000000000001}, {"time_stamp": 22, "origin": 3, "destination": 1, "demand": 898, "price": 4.680000000000001}, {"time_stamp": 23, "origin": 3, "destination": 1, "demand": 679, "price": 4.680000000000001}, {"time_stamp": 0, "origin": 3, "destination": 2, "demand": 531, "price": 8.64}, {"time_stamp": 1, "origin": 3, "destination": 2, "demand": 301, "price": 8.46}, {"time_stamp": 2, "origin": 3, "destination": 2, "demand": 191, "price": 8.28}, {"time_stamp": 3, "origin": 3, "destination": 2, "demand": 111, "price": 8.46}, {"time_stamp": 4, "origin": 3, "destination": 2, "demand": 106, "price": 8.1}, {"time_stamp": 5, "origin": 3, "destination": 2, "demand": 549, "price": 8.28}, {"time_stamp": 6, "origin": 3, "destination": 2, "demand": 1087, "price": 8.64}, {"time_stamp": 7, "origin": 3, "destination": 2, "demand": 1380, "price": 8.46}, {"time_stamp": 8, "origin": 3, "destination": 2, "demand": 1624, "price": 8.46}, {"time_stamp": 9, "origin": 3, "destination": 2, "demand": 2027, "price": 8.46}, {"time_stamp": 10, "origin": 3, "destination": 2, "demand": 2350, "price": 8.28}, {"time_stamp": 11, "origin": 3, "destination": 2, "demand": 2463, "price": 8.28}, {"time_stamp": 12, "origin": 3, "destination": 2, "demand": 2533, "price": 8.28}, {"time_stamp": 13, "origin": 3, "destination": 2, "demand": 3046, "price": 8.46}, {"time_stamp": 14, "origin": 3, "destination": 2, "demand": 3434, "price": 8.46}, {"time_stamp": 15, "origin": 3, "destination": 2, "demand": 4043, "price": 8.1}, {"time_stamp": 16, "origin": 3, "destination": 2, "demand": 4199, "price": 8.28}, {"time_stamp": 17, "origin": 3, "destination": 2, "demand": 3108, "price": 8.28}, {"time_stamp": 18, "origin": 3, "destination": 2, "demand": 2437, "price": 8.28}, {"time_stamp": 19, "origin": 3, "destination": 2, "demand": 1973, "price": 8.46}, {"time_stamp": 20, "origin": 3, "destination": 2, "demand": 1705, "price": 8.46}, {"time_stamp": 21, "origin": 3, "destination": 2, "demand": 1541, "price": 8.46}, {"time_stamp": 22, "origin": 3, "destination": 2, "demand": 1114, "price": 8.64}, {"time_stamp": 23, "origin": 3, "destination": 2, "demand": 256, "price": 8.64}, {"time_stamp": 0, "origin": 3, "destination": 3, "demand": 1811, "price": 2.52}, {"time_stamp": 1, "origin": 3, "destination": 3, "demand": 1261, "price": 2.52}, {"time_stamp": 2, "origin": 3, "destination": 3, "demand": 944, "price": 2.52}, {"time_stamp": 3, "origin": 3, "destination": 3, "demand": 747, "price": 2.52}, {"time_stamp": 4, "origin": 3, "destination": 3, "demand": 852, "price": 2.52}, {"time_stamp": 5, "origin": 3, "destination": 3, "demand": 3230, "price": 2.52}, {"time_stamp": 6, "origin": 3, "destination": 3, "demand": 6396, "price": 2.3400000000000003}, {"time_stamp": 7, "origin": 3, "destination": 3, "demand": 7805, "price": 2.52}, {"time_stamp": 8, "origin": 3, "destination": 3, "demand": 7346, "price": 2.52}, {"time_stamp": 9, "origin": 3, "destination": 3, "demand": 7062, "price": 2.52}, {"time_stamp": 10, "origin": 3, "destination": 3, "demand": 8116, "price": 2.52}, {"time_stamp": 11, "origin": 3, "destination": 3, "demand": 9011, "price": 2.52}, {"time_stamp": 12, "origin": 3, "destination": 3, "demand": 8788, "price": 2.52}, {"time_stamp": 13, "origin": 3, "destination": 3, "demand": 9510, "price": 2.52}, {"time_stamp": 14, "origin": 3, "destination": 3, "demand": 10461, "price": 2.52}, {"time_stamp": 15, "origin": 3, "destination": 3, "demand": 10744, "price": 2.52}, {"time_stamp": 16, "origin": 3, "destination": 3, "demand": 11050, "price": 2.52}, {"time_stamp": 17, "origin": 3, "destination": 3, "demand": 9554, "price": 2.52}, {"time_stamp": 18, "origin": 3, "destination": 3, "demand": 7684, "price": 2.3400000000000003}, {"time_stamp": 19, "origin": 3, "destination": 3, "demand": 6312, "price": 2.52}, {"time_stamp": 20, "origin": 3, "destination": 3, "demand": 5277, "price": 2.3400000000000003}, {"time_stamp": 21, "origin": 3, "destination": 3, "demand": 4698, "price": 2.3400000000000003}, {"time_stamp": 22, "origin": 3, "destination": 3, "demand": 3195, "price": 2.52}, {"time_stamp": 23, "origin": 3, "destination": 3, "demand": 1473, "price": 2.52}], "rebTime": [{"time_stamp": 0, "origin": 0, "destination": 0, "reb_time": 1}, {"time_stamp": 1, "origin": 0, "destination": 0, "reb_time": 1}, {"time_stamp": 2, "origin": 0, "destination": 0, "reb_time": 1}, {"time_stamp": 3, "origin": 0, "destination": 0, "reb_time": 1}, {"time_stamp": 4, "origin": 0, "destination": 0, "reb_time": 1}, {"time_stamp": 5, "origin": 0, "destination": 0, "reb_time": 1}, {"time_stamp": 6, "origin": 0, "destination": 0, "reb_time": 1}, {"time_stamp": 7, "origin": 0, "destination": 0, "reb_time": 1}, {"time_stamp": 8, "origin": 0, "destination": 0, "reb_time": 1}, {"time_stamp": 9, "origin": 0, "destination": 0, "reb_time": 1}, {"time_stamp": 10, "origin": 0, "destination": 0, "reb_time": 1}, {"time_stamp": 11, "origin": 0, "destination": 0, "reb_time": 1}, {"time_stamp": 12, "origin": 0, "destination": 0, "reb_time": 1}, {"time_stamp": 13, "origin": 0, "destination": 0, "reb_time": 1}, {"time_stamp": 14, "origin": 0, "destination": 0, "reb_time": 1}, {"time_stamp": 15, "origin": 0, "destination": 0, "reb_time": 1}, {"time_stamp": 16, "origin": 0, "destination": 0, "reb_time": 1}, {"time_stamp": 17, "origin": 0, "destination": 0, "reb_time": 1}, {"time_stamp": 18, "origin": 0, "destination": 0, "reb_time": 1}, {"time_stamp": 19, "origin": 0, "destination": 0, "reb_time": 1}, {"time_stamp": 20, "origin": 0, "destination": 0, "reb_time": 1}, {"time_stamp": 21, "origin": 0, "destination": 0, "reb_time": 1}, {"time_stamp": 22, "origin": 0, "destination": 0, "reb_time": 1}, {"time_stamp": 23, "origin": 0, "destination": 0, "reb_time": 1}, {"time_stamp": 0, "origin": 0, "destination": 1, "reb_time": 1}, {"time_stamp": 1, "origin": 0, "destination": 1, "reb_time": 1}, {"time_stamp": 2, "origin": 0, "destination": 1, "reb_time": 1}, {"time_stamp": 3, "origin": 0, "destination": 1, "reb_time": 1}, {"time_stamp": 4, "origin": 0, "destination": 1, "reb_time": 1}, {"time_stamp": 5, "origin": 0, "destination": 1, "reb_time": 1}, {"time_stamp": 6, "origin": 0, "destination": 1, "reb_time": 1}, {"time_stamp": 7, "origin": 0, "destination": 1, "reb_time": 1}, {"time_stamp": 8, "origin": 0, "destination": 1, "reb_time": 1}, {"time_stamp": 9, "origin": 0, "destination": 1, "reb_time": 1}, {"time_stamp": 10, "origin": 0, "destination": 1, "reb_time": 1}, {"time_stamp": 11, "origin": 0, "destination": 1, "reb_time": 1}, {"time_stamp": 12, "origin": 0, "destination": 1, "reb_time": 1}, {"time_stamp": 13, "origin": 0, "destination": 1, "reb_time": 1}, {"time_stamp": 14, "origin": 0, "destination": 1, "reb_time": 1}, {"time_stamp": 15, "origin": 0, "destination": 1, "reb_time": 1}, {"time_stamp": 16, "origin": 0, "destination": 1, "reb_time": 1}, {"time_stamp": 17, "origin": 0, "destination": 1, "reb_time": 1}, {"time_stamp": 18, "origin": 0, "destination": 1, "reb_time": 1}, {"time_stamp": 19, "origin": 0, "destination": 1, "reb_time": 1}, {"time_stamp": 20, "origin": 0, "destination": 1, "reb_time": 1}, {"time_stamp": 21, "origin": 0, "destination": 1, "reb_time": 1}, {"time_stamp": 22, "origin": 0, "destination": 1, "reb_time": 1}, {"time_stamp": 23, "origin": 0, "destination": 1, "reb_time": 1}, {"time_stamp": 0, "origin": 0, "destination": 2, "reb_time": 1}, {"time_stamp": 1, "origin": 0, "destination": 2, "reb_time": 1}, {"time_stamp": 2, "origin": 0, "destination": 2, "reb_time": 1}, {"time_stamp": 3, "origin": 0, "destination": 2, "reb_time": 1}, {"time_stamp": 4, "origin": 0, "destination": 2, "reb_time": 1}, {"time_stamp": 5, "origin": 0, "destination": 2, "reb_time": 1}, {"time_stamp": 6, "origin": 0, "destination": 2, "reb_time": 1}, {"time_stamp": 7, "origin": 0, "destination": 2, "reb_time": 1}, {"time_stamp": 8, "origin": 0, "destination": 2, "reb_time": 1}, {"time_stamp": 9, "origin": 0, "destination": 2, "reb_time": 1}, {"time_stamp": 10, "origin": 0, "destination": 2, "reb_time": 1}, {"time_stamp": 11, "origin": 0, "destination": 2, "reb_time": 1}, {"time_stamp": 12, "origin": 0, "destination": 2, "reb_time": 1}, {"time_stamp": 13, "origin": 0, "destination": 2, "reb_time": 1}, {"time_stamp": 14, "origin": 0, "destination": 2, "reb_time": 1}, {"time_stamp": 15, "origin": 0, "destination": 2, "reb_time": 1}, {"time_stamp": 16, "origin": 0, "destination": 2, "reb_time": 1}, {"time_stamp": 17, "origin": 0, "destination": 2, "reb_time": 1}, {"time_stamp": 18, "origin": 0, "destination": 2, "reb_time": 1}, {"time_stamp": 19, "origin": 0, "destination": 2, "reb_time": 1}, {"time_stamp": 20, "origin": 0, "destination": 2, "reb_time": 1}, {"time_stamp": 21, "origin": 0, "destination": 2, "reb_time": 1}, {"time_stamp": 22, "origin": 0, "destination": 2, "reb_time": 1}, {"time_stamp": 23, "origin": 0, "destination": 2, "reb_time": 1}, {"time_stamp": 0, "origin": 0, "destination": 3, "reb_time": 1}, {"time_stamp": 1, "origin": 0, "destination": 3, "reb_time": 1}, {"time_stamp": 2, "origin": 0, "destination": 3, "reb_time": 1}, {"time_stamp": 3, "origin": 0, "destination": 3, "reb_time": 1}, {"time_stamp": 4, "origin": 0, "destination": 3, "reb_time": 1}, {"time_stamp": 5, "origin": 0, "destination": 3, "reb_time": 1}, {"time_stamp": 6, "origin": 0, "destination": 3, "reb_time": 1}, {"time_stamp": 7, "origin": 0, "destination": 3, "reb_time": 1}, {"time_stamp": 8, "origin": 0, "destination": 3, "reb_time": 1}, {"time_stamp": 9, "origin": 0, "destination": 3, "reb_time": 1}, {"time_stamp": 10, "origin": 0, "destination": 3, "reb_time": 1}, {"time_stamp": 11, "origin": 0, "destination": 3, "reb_time": 1}, {"time_stamp": 12, "origin": 0, "destination": 3, "reb_time": 1}, {"time_stamp": 13, "origin": 0, "destination": 3, "reb_time": 1}, {"time_stamp": 14, "origin": 0, "destination": 3, "reb_time": 1}, {"time_stamp": 15, "origin": 0, "destination": 3, "reb_time": 1}, {"time_stamp": 16, "origin": 0, "destination": 3, "reb_time": 1}, {"time_stamp": 17, "origin": 0, "destination": 3, "reb_time": 1}, {"time_stamp": 18, "origin": 0, "destination": 3, "reb_time": 1}, {"time_stamp": 19, "origin": 0, "destination": 3, "reb_time": 1}, {"time_stamp": 20, "origin": 0, "destination": 3, "reb_time": 1}, {"time_stamp": 21, "origin": 0, "destination": 3, "reb_time": 1}, {"time_stamp": 22, "origin": 0, "destination": 3, "reb_time": 1}, {"time_stamp": 23, "origin": 0, "destination": 3, "reb_time": 1}, {"time_stamp": 0, "origin": 1, "destination": 0, "reb_time": 1}, {"time_stamp": 1, "origin": 1, "destination": 0, "reb_time": 1}, {"time_stamp": 2, "origin": 1, "destination": 0, "reb_time": 1}, {"time_stamp": 3, "origin": 1, "destination": 0, "reb_time": 1}, {"time_stamp": 4, "origin": 1, "destination": 0, "reb_time": 1}, {"time_stamp": 5, "origin": 1, "destination": 0, "reb_time": 1}, {"time_stamp": 6, "origin": 1, "destination": 0, "reb_time": 1}, {"time_stamp": 7, "origin": 1, "destination": 0, "reb_time": 1}, {"time_stamp": 8, "origin": 1, "destination": 0, "reb_time": 1}, {"time_stamp": 9, "origin": 1, "destination": 0, "reb_time": 1}, {"time_stamp": 10, "origin": 1, "destination": 0, "reb_time": 1}, {"time_stamp": 11, "origin": 1, "destination": 0, "reb_time": 1}, {"time_stamp": 12, "origin": 1, "destination": 0, "reb_time": 1}, {"time_stamp": 13, "origin": 1, "destination": 0, "reb_time": 1}, {"time_stamp": 14, "origin": 1, "destination": 0, "reb_time": 1}, {"time_stamp": 15, "origin": 1, "destination": 0, "reb_time": 1}, {"time_stamp": 16, "origin": 1, "destination": 0, "reb_time": 1}, {"time_stamp": 17, "origin": 1, "destination": 0, "reb_time": 1}, {"time_stamp": 18, "origin": 1, "destination": 0, "reb_time": 1}, {"time_stamp": 19, "origin": 1, "destination": 0, "reb_time": 1}, {"time_stamp": 20, "origin": 1, "destination": 0, "reb_time": 1}, {"time_stamp": 21, "origin": 1, "destination": 0, "reb_time": 1}, {"time_stamp": 22, "origin": 1, "destination": 0, "reb_time": 1}, {"time_stamp": 23, "origin": 1, "destination": 0, "reb_time": 1}, {"time_stamp": 0, "origin": 1, "destination": 1, "reb_time": 1}, {"time_stamp": 1, "origin": 1, "destination": 1, "reb_time": 1}, {"time_stamp": 2, "origin": 1, "destination": 1, "reb_time": 1}, {"time_stamp": 3, "origin": 1, "destination": 1, "reb_time": 1}, {"time_stamp": 4, "origin": 1, "destination": 1, "reb_time": 1}, {"time_stamp": 5, "origin": 1, "destination": 1, "reb_time": 1}, {"time_stamp": 6, "origin": 1, "destination": 1, "reb_time": 1}, {"time_stamp": 7, "origin": 1, "destination": 1, "reb_time": 1}, {"time_stamp": 8, "origin": 1, "destination": 1, "reb_time": 1}, {"time_stamp": 9, "origin": 1, "destination": 1, "reb_time": 1}, {"time_stamp": 10, "origin": 1, "destination": 1, "reb_time": 1}, {"time_stamp": 11, "origin": 1, "destination": 1, "reb_time": 1}, {"time_stamp": 12, "origin": 1, "destination": 1, "reb_time": 1}, {"time_stamp": 13, "origin": 1, "destination": 1, "reb_time": 1}, {"time_stamp": 14, "origin": 1, "destination": 1, "reb_time": 1}, {"time_stamp": 15, "origin": 1, "destination": 1, "reb_time": 1}, {"time_stamp": 16, "origin": 1, "destination": 1, "reb_time": 1}, {"time_stamp": 17, "origin": 1, "destination": 1, "reb_time": 1}, {"time_stamp": 18, "origin": 1, "destination": 1, "reb_time": 1}, {"time_stamp": 19, "origin": 1, "destination": 1, "reb_time": 1}, {"time_stamp": 20, "origin": 1, "destination": 1, "reb_time": 1}, {"time_stamp": 21, "origin": 1, "destination": 1, "reb_time": 1}, {"time_stamp": 22, "origin": 1, "destination": 1, "reb_time": 1}, {"time_stamp": 23, "origin": 1, "destination": 1, "reb_time": 1}, {"time_stamp": 0, "origin": 1, "destination": 2, "reb_time": 1}, {"time_stamp": 1, "origin": 1, "destination": 2, "reb_time": 1}, {"time_stamp": 2, "origin": 1, "destination": 2, "reb_time": 1}, {"time_stamp": 3, "origin": 1, "destination": 2, "reb_time": 1}, {"time_stamp": 4, "origin": 1, "destination": 2, "reb_time": 1}, {"time_stamp": 5, "origin": 1, "destination": 2, "reb_time": 1}, {"time_stamp": 6, "origin": 1, "destination": 2, "reb_time": 1}, {"time_stamp": 7, "origin": 1, "destination": 2, "reb_time": 1}, {"time_stamp": 8, "origin": 1, "destination": 2, "reb_time": 1}, {"time_stamp": 9, "origin": 1, "destination": 2, "reb_time": 1}, {"time_stamp": 10, "origin": 1, "destination": 2, "reb_time": 1}, {"time_stamp": 11, "origin": 1, "destination": 2, "reb_time": 1}, {"time_stamp": 12, "origin": 1, "destination": 2, "reb_time": 1}, {"time_stamp": 13, "origin": 1, "destination": 2, "reb_time": 1}, {"time_stamp": 14, "origin": 1, "destination": 2, "reb_time": 1}, {"time_stamp": 15, "origin": 1, "destination": 2, "reb_time": 1}, {"time_stamp": 16, "origin": 1, "destination": 2, "reb_time": 1}, {"time_stamp": 17, "origin": 1, "destination": 2, "reb_time": 1}, {"time_stamp": 18, "origin": 1, "destination": 2, "reb_time": 1}, {"time_stamp": 19, "origin": 1, "destination": 2, "reb_time": 1}, {"time_stamp": 20, "origin": 1, "destination": 2, "reb_time": 1}, {"time_stamp": 21, "origin": 1, "destination": 2, "reb_time": 1}, {"time_stamp": 22, "origin": 1, "destination": 2, "reb_time": 1}, {"time_stamp": 23, "origin": 1, "destination": 2, "reb_time": 1}, {"time_stamp": 0, "origin": 1, "destination": 3, "reb_time": 1}, {"time_stamp": 1, "origin": 1, "destination": 3, "reb_time": 1}, {"time_stamp": 2, "origin": 1, "destination": 3, "reb_time": 1}, {"time_stamp": 3, "origin": 1, "destination": 3, "reb_time": 1}, {"time_stamp": 4, "origin": 1, "destination": 3, "reb_time": 1}, {"time_stamp": 5, "origin": 1, "destination": 3, "reb_time": 1}, {"time_stamp": 6, "origin": 1, "destination": 3, "reb_time": 1}, {"time_stamp": 7, "origin": 1, "destination": 3, "reb_time": 1}, {"time_stamp": 8, "origin": 1, "destination": 3, "reb_time": 1}, {"time_stamp": 9, "origin": 1, "destination": 3, "reb_time": 1}, {"time_stamp": 10, "origin": 1, "destination": 3, "reb_time": 1}, {"time_stamp": 11, "origin": 1, "destination": 3, "reb_time": 1}, {"time_stamp": 12, "origin": 1, "destination": 3, "reb_time": 1}, {"time_stamp": 13, "origin": 1, "destination": 3, "reb_time": 1}, {"time_stamp": 14, "origin": 1, "destination": 3, "reb_time": 1}, {"time_stamp": 15, "origin": 1, "destination": 3, "reb_time": 1}, {"time_stamp": 16, "origin": 1, "destination": 3, "reb_time": 1}, {"time_stamp": 17, "origin": 1, "destination": 3, "reb_time": 1}, {"time_stamp": 18, "origin": 1, "destination": 3, "reb_time": 1}, {"time_stamp": 19, "origin": 1, "destination": 3, "reb_time": 1}, {"time_stamp": 20, "origin": 1, "destination": 3, "reb_time": 1}, {"time_stamp": 21, "origin": 1, "destination": 3, "reb_time": 1}, {"time_stamp": 22, "origin": 1, "destination": 3, "reb_time": 1}, {"time_stamp": 23, "origin": 1, "destination": 3, "reb_time": 1}, {"time_stamp": 0, "origin": 2, "destination": 0, "reb_time": 1}, {"time_stamp": 1, "origin": 2, "destination": 0, "reb_time": 1}, {"time_stamp": 2, "origin": 2, "destination": 0, "reb_time": 1}, {"time_stamp": 3, "origin": 2, "destination": 0, "reb_time": 1}, {"time_stamp": 4, "origin": 2, "destination": 0, "reb_time": 1}, {"time_stamp": 5, "origin": 2, "destination": 0, "reb_time": 1}, {"time_stamp": 6, "origin": 2, "destination": 0, "reb_time": 1}, {"time_stamp": 7, "origin": 2, "destination": 0, "reb_time": 1}, {"time_stamp": 8, "origin": 2, "destination": 0, "reb_time": 1}, {"time_stamp": 9, "origin": 2, "destination": 0, "reb_time": 1}, {"time_stamp": 10, "origin": 2, "destination": 0, "reb_time": 1}, {"time_stamp": 11, "origin": 2, "destination": 0, "reb_time": 1}, {"time_stamp": 12, "origin": 2, "destination": 0, "reb_time": 1}, {"time_stamp": 13, "origin": 2, "destination": 0, "reb_time": 1}, {"time_stamp": 14, "origin": 2, "destination": 0, "reb_time": 1}, {"time_stamp": 15, "origin": 2, "destination": 0, "reb_time": 1}, {"time_stamp": 16, "origin": 2, "destination": 0, "reb_time": 1}, {"time_stamp": 17, "origin": 2, "destination": 0, "reb_time": 1}, {"time_stamp": 18, "origin": 2, "destination": 0, "reb_time": 1}, {"time_stamp": 19, "origin": 2, "destination": 0, "reb_time": 1}, {"time_stamp": 20, "origin": 2, "destination": 0, "reb_time": 1}, {"time_stamp": 21, "origin": 2, "destination": 0, "reb_time": 1}, {"time_stamp": 22, "origin": 2, "destination": 0, "reb_time": 1}, {"time_stamp": 23, "origin": 2, "destination": 0, "reb_time": 1}, {"time_stamp": 0, "origin": 2, "destination": 1, "reb_time": 1}, {"time_stamp": 1, "origin": 2, "destination": 1, "reb_time": 1}, {"time_stamp": 2, "origin": 2, "destination": 1, "reb_time": 1}, {"time_stamp": 3, "origin": 2, "destination": 1, "reb_time": 1}, {"time_stamp": 4, "origin": 2, "destination": 1, "reb_time": 1}, {"time_stamp": 5, "origin": 2, "destination": 1, "reb_time": 1}, {"time_stamp": 6, "origin": 2, "destination": 1, "reb_time": 1}, {"time_stamp": 7, "origin": 2, "destination": 1, "reb_time": 1}, {"time_stamp": 8, "origin": 2, "destination": 1, "reb_time": 1}, {"time_stamp": 9, "origin": 2, "destination": 1, "reb_time": 1}, {"time_stamp": 10, "origin": 2, "destination": 1, "reb_time": 1}, {"time_stamp": 11, "origin": 2, "destination": 1, "reb_time": 1}, {"time_stamp": 12, "origin": 2, "destination": 1, "reb_time": 1}, {"time_stamp": 13, "origin": 2, "destination": 1, "reb_time": 1}, {"time_stamp": 14, "origin": 2, "destination": 1, "reb_time": 1}, {"time_stamp": 15, "origin": 2, "destination": 1, "reb_time": 1}, {"time_stamp": 16, "origin": 2, "destination": 1, "reb_time": 1}, {"time_stamp": 17, "origin": 2, "destination": 1, "reb_time": 1}, {"time_stamp": 18, "origin": 2, "destination": 1, "reb_time": 1}, {"time_stamp": 19, "origin": 2, "destination": 1, "reb_time": 1}, {"time_stamp": 20, "origin": 2, "destination": 1, "reb_time": 1}, {"time_stamp": 21, "origin": 2, "destination": 1, "reb_time": 1}, {"time_stamp": 22, "origin": 2, "destination": 1, "reb_time": 1}, {"time_stamp": 23, "origin": 2, "destination": 1, "reb_time": 1}, {"time_stamp": 0, "origin": 2, "destination": 2, "reb_time": 1}, {"time_stamp": 1, "origin": 2, "destination": 2, "reb_time": 1}, {"time_stamp": 2, "origin": 2, "destination": 2, "reb_time": 1}, {"time_stamp": 3, "origin": 2, "destination": 2, "reb_time": 1}, {"time_stamp": 4, "origin": 2, "destination": 2, "reb_time": 1}, {"time_stamp": 5, "origin": 2, "destination": 2, "reb_time": 1}, {"time_stamp": 6, "origin": 2, "destination": 2, "reb_time": 1}, {"time_stamp": 7, "origin": 2, "destination": 2, "reb_time": 1}, {"time_stamp": 8, "origin": 2, "destination": 2, "reb_time": 1}, {"time_stamp": 9, "origin": 2, "destination": 2, "reb_time": 1}, {"time_stamp": 10, "origin": 2, "destination": 2, "reb_time": 1}, {"time_stamp": 11, "origin": 2, "destination": 2, "reb_time": 1}, {"time_stamp": 12, "origin": 2, "destination": 2, "reb_time": 1}, {"time_stamp": 13, "origin": 2, "destination": 2, "reb_time": 1}, {"time_stamp": 14, "origin": 2, "destination": 2, "reb_time": 1}, {"time_stamp": 15, "origin": 2, "destination": 2, "reb_time": 1}, {"time_stamp": 16, "origin": 2, "destination": 2, "reb_time": 1}, {"time_stamp": 17, "origin": 2, "destination": 2, "reb_time": 1}, {"time_stamp": 18, "origin": 2, "destination": 2, "reb_time": 1}, {"time_stamp": 19, "origin": 2, "destination": 2, "reb_time": 1}, {"time_stamp": 20, "origin": 2, "destination": 2, "reb_time": 1}, {"time_stamp": 21, "origin": 2, "destination": 2, "reb_time": 1}, {"time_stamp": 22, "origin": 2, "destination": 2, "reb_time": 1}, {"time_stamp": 23, "origin": 2, "destination": 2, "reb_time": 1}, {"time_stamp": 0, "origin": 2, "destination": 3, "reb_time": 1}, {"time_stamp": 1, "origin": 2, "destination": 3, "reb_time": 1}, {"time_stamp": 2, "origin": 2, "destination": 3, "reb_time": 1}, {"time_stamp": 3, "origin": 2, "destination": 3, "reb_time": 1}, {"time_stamp": 4, "origin": 2, "destination": 3, "reb_time": 1}, {"time_stamp": 5, "origin": 2, "destination": 3, "reb_time": 1}, {"time_stamp": 6, "origin": 2, "destination": 3, "reb_time": 1}, {"time_stamp": 7, "origin": 2, "destination": 3, "reb_time": 1}, {"time_stamp": 8, "origin": 2, "destination": 3, "reb_time": 1}, {"time_stamp": 9, "origin": 2, "destination": 3, "reb_time": 1}, {"time_stamp": 10, "origin": 2, "destination": 3, "reb_time": 1}, {"time_stamp": 11, "origin": 2, "destination": 3, "reb_time": 1}, {"time_stamp": 12, "origin": 2, "destination": 3, "reb_time": 1}, {"time_stamp": 13, "origin": 2, "destination": 3, "reb_time": 1}, {"time_stamp": 14, "origin": 2, "destination": 3, "reb_time": 1}, {"time_stamp": 15, "origin": 2, "destination": 3, "reb_time": 1}, {"time_stamp": 16, "origin": 2, "destination": 3, "reb_time": 1}, {"time_stamp": 17, "origin": 2, "destination": 3, "reb_time": 1}, {"time_stamp": 18, "origin": 2, "destination": 3, "reb_time": 1}, {"time_stamp": 19, "origin": 2, "destination": 3, "reb_time": 1}, {"time_stamp": 20, "origin": 2, "destination": 3, "reb_time": 1}, {"time_stamp": 21, "origin": 2, "destination": 3, "reb_time": 1}, {"time_stamp": 22, "origin": 2, "destination": 3, "reb_time": 1}, {"time_stamp": 23, "origin": 2, "destination": 3, "reb_time": 1}, {"time_stamp": 0, "origin": 3, "destination": 0, "reb_time": 1}, {"time_stamp": 1, "origin": 3, "destination": 0, "reb_time": 1}, {"time_stamp": 2, "origin": 3, "destination": 0, "reb_time": 1}, {"time_stamp": 3, "origin": 3, "destination": 0, "reb_time": 1}, {"time_stamp": 4, "origin": 3, "destination": 0, "reb_time": 1}, {"time_stamp": 5, "origin": 3, "destination": 0, "reb_time": 1}, {"time_stamp": 6, "origin": 3, "destination": 0, "reb_time": 1}, {"time_stamp": 7, "origin": 3, "destination": 0, "reb_time": 1}, {"time_stamp": 8, "origin": 3, "destination": 0, "reb_time": 1}, {"time_stamp": 9, "origin": 3, "destination": 0, "reb_time": 1}, {"time_stamp": 10, "origin": 3, "destination": 0, "reb_time": 1}, {"time_stamp": 11, "origin": 3, "destination": 0, "reb_time": 1}, {"time_stamp": 12, "origin": 3, "destination": 0, "reb_time": 1}, {"time_stamp": 13, "origin": 3, "destination": 0, "reb_time": 1}, {"time_stamp": 14, "origin": 3, "destination": 0, "reb_time": 1}, {"time_stamp": 15, "origin": 3, "destination": 0, "reb_time": 1}, {"time_stamp": 16, "origin": 3, "destination": 0, "reb_time": 1}, {"time_stamp": 17, "origin": 3, "destination": 0, "reb_time": 1}, {"time_stamp": 18, "origin": 3, "destination": 0, "reb_time": 1}, {"time_stamp": 19, "origin": 3, "destination": 0, "reb_time": 1}, {"time_stamp": 20, "origin": 3, "destination": 0, "reb_time": 1}, {"time_stamp": 21, "origin": 3, "destination": 0, "reb_time": 1}, {"time_stamp": 22, "origin": 3, "destination": 0, "reb_time": 1}, {"time_stamp": 23, "origin": 3, "destination": 0, "reb_time": 1}, {"time_stamp": 0, "origin": 3, "destination": 1, "reb_time": 1}, {"time_stamp": 1, "origin": 3, "destination": 1, "reb_time": 1}, {"time_stamp": 2, "origin": 3, "destination": 1, "reb_time": 1}, {"time_stamp": 3, "origin": 3, "destination": 1, "reb_time": 1}, {"time_stamp": 4, "origin": 3, "destination": 1, "reb_time": 1}, {"time_stamp": 5, "origin": 3, "destination": 1, "reb_time": 1}, {"time_stamp": 6, "origin": 3, "destination": 1, "reb_time": 1}, {"time_stamp": 7, "origin": 3, "destination": 1, "reb_time": 1}, {"time_stamp": 8, "origin": 3, "destination": 1, "reb_time": 1}, {"time_stamp": 9, "origin": 3, "destination": 1, "reb_time": 1}, {"time_stamp": 10, "origin": 3, "destination": 1, "reb_time": 1}, {"time_stamp": 11, "origin": 3, "destination": 1, "reb_time": 1}, {"time_stamp": 12, "origin": 3, "destination": 1, "reb_time": 1}, {"time_stamp": 13, "origin": 3, "destination": 1, "reb_time": 1}, {"time_stamp": 14, "origin": 3, "destination": 1, "reb_time": 1}, {"time_stamp": 15, "origin": 3, "destination": 1, "reb_time": 1}, {"time_stamp": 16, "origin": 3, "destination": 1, "reb_time": 1}, {"time_stamp": 17, "origin": 3, "destination": 1, "reb_time": 1}, {"time_stamp": 18, "origin": 3, "destination": 1, "reb_time": 1}, {"time_stamp": 19, "origin": 3, "destination": 1, "reb_time": 1}, {"time_stamp": 20, "origin": 3, "destination": 1, "reb_time": 1}, {"time_stamp": 21, "origin": 3, "destination": 1, "reb_time": 1}, {"time_stamp": 22, "origin": 3, "destination": 1, "reb_time": 1}, {"time_stamp": 23, "origin": 3, "destination": 1, "reb_time": 1}, {"time_stamp": 0, "origin": 3, "destination": 2, "reb_time": 1}, {"time_stamp": 1, "origin": 3, "destination": 2, "reb_time": 1}, {"time_stamp": 2, "origin": 3, "destination": 2, "reb_time": 1}, {"time_stamp": 3, "origin": 3, "destination": 2, "reb_time": 1}, {"time_stamp": 4, "origin": 3, "destination": 2, "reb_time": 1}, {"time_stamp": 5, "origin": 3, "destination": 2, "reb_time": 1}, {"time_stamp": 6, "origin": 3, "destination": 2, "reb_time": 1}, {"time_stamp": 7, "origin": 3, "destination": 2, "reb_time": 1}, {"time_stamp": 8, "origin": 3, "destination": 2, "reb_time": 1}, {"time_stamp": 9, "origin": 3, "destination": 2, "reb_time": 1}, {"time_stamp": 10, "origin": 3, "destination": 2, "reb_time": 1}, {"time_stamp": 11, "origin": 3, "destination": 2, "reb_time": 1}, {"time_stamp": 12, "origin": 3, "destination": 2, "reb_time": 1}, {"time_stamp": 13, "origin": 3, "destination": 2, "reb_time": 1}, {"time_stamp": 14, "origin": 3, "destination": 2, "reb_time": 1}, {"time_stamp": 15, "origin": 3, "destination": 2, "reb_time": 1}, {"time_stamp": 16, "origin": 3, "destination": 2, "reb_time": 1}, {"time_stamp": 17, "origin": 3, "destination": 2, "reb_time": 1}, {"time_stamp": 18, "origin": 3, "destination": 2, "reb_time": 1}, {"time_stamp": 19, "origin": 3, "destination": 2, "reb_time": 1}, {"time_stamp": 20, "origin": 3, "destination": 2, "reb_time": 1}, {"time_stamp": 21, "origin": 3, "destination": 2, "reb_time": 1}, {"time_stamp": 22, "origin": 3, "destination": 2, "reb_time": 1}, {"time_stamp": 23, "origin": 3, "destination": 2, "reb_time": 1}, {"time_stamp": 0, "origin": 3, "destination": 3, "reb_time": 1}, {"time_stamp": 1, "origin": 3, "destination": 3, "reb_time": 1}, {"time_stamp": 2, "origin": 3, "destination": 3, "reb_time": 1}, {"time_stamp": 3, "origin": 3, "destination": 3, "reb_time": 1}, {"time_stamp": 4, "origin": 3, "destination": 3, "reb_time": 1}, {"time_stamp": 5, "origin": 3, "destination": 3, "reb_time": 1}, {"time_stamp": 6, "origin": 3, "destination": 3, "reb_time": 1}, {"time_stamp": 7, "origin": 3, "destination": 3, "reb_time": 1}, {"time_stamp": 8, "origin": 3, "destination": 3, "reb_time": 1}, {"time_stamp": 9, "origin": 3, "destination": 3, "reb_time": 1}, {"time_stamp": 10, "origin": 3, "destination": 3, "reb_time": 1}, {"time_stamp": 11, "origin": 3, "destination": 3, "reb_time": 1}, {"time_stamp": 12, "origin": 3, "destination": 3, "reb_time": 1}, {"time_stamp": 13, "origin": 3, "destination": 3, "reb_time": 1}, {"time_stamp": 14, "origin": 3, "destination": 3, "reb_time": 1}, {"time_stamp": 15, "origin": 3, "destination": 3, "reb_time": 1}, {"time_stamp": 16, "origin": 3, "destination": 3, "reb_time": 1}, {"time_stamp": 17, "origin": 3, "destination": 3, "reb_time": 1}, {"time_stamp": 18, "origin": 3, "destination": 3, "reb_time": 1}, {"time_stamp": 19, "origin": 3, "destination": 3, "reb_time": 1}, {"time_stamp": 20, "origin": 3, "destination": 3, "reb_time": 1}, {"time_stamp": 21, "origin": 3, "destination": 3, "reb_time": 1}, {"time_stamp": 22, "origin": 3, "destination": 3, "reb_time": 1}, {"time_stamp": 23, "origin": 3, "destination": 3, "reb_time": 1}], "totalAcc": [{"hour": 0, "acc": 77744}, {"hour": 1, "acc": 77744}, {"hour": 2, "acc": 77744}, {"hour": 3, "acc": 77744}, {"hour": 4, "acc": 77744}, {"hour": 5, "acc": 77744}, {"hour": 6, "acc": 77744}, {"hour": 7, "acc": 77744}, {"hour": 8, "acc": 77744}, {"hour": 9, "acc": 77744}, {"hour": 10, "acc": 77744}, {"hour": 11, "acc": 77744}, {"hour": 12, "acc": 77744}, {"hour": 13, "acc": 77744}, {"hour": 14, "acc": 77744}, {"hour": 15, "acc": 77744}, {"hour": 16, "acc": 77744}, {"hour": 17, "acc": 77744}, {"hour": 18, "acc": 77744}, {"hour": 19, "acc": 77744}, {"hour": 20, "acc": 77744}, {"hour": 21, "acc": 77744}, {"hour": 22, "acc": 77744}, {"hour": 23, "acc": 77744}], "chargelevels": 5, "spacialNodes": 4, "chargeTime": 1, "episodeLength": 24}