{"demand": [{"time_stamp": 0, "origin": 0, "destination": 0, "demand": 1811, "price": 2.52}, {"time_stamp": 1, "origin": 0, "destination": 0, "demand": 1261, "price": 2.52}, {"time_stamp": 2, "origin": 0, "destination": 0, "demand": 944, "price": 2.52}, {"time_stamp": 3, "origin": 0, "destination": 0, "demand": 747, "price": 2.52}, {"time_stamp": 4, "origin": 0, "destination": 0, "demand": 852, "price": 2.52}, {"time_stamp": 5, "origin": 0, "destination": 0, "demand": 3230, "price": 2.52}, {"time_stamp": 6, "origin": 0, "destination": 0, "demand": 6396, "price": 2.3400000000000003}, {"time_stamp": 7, "origin": 0, "destination": 0, "demand": 7805, "price": 2.52}, {"time_stamp": 8, "origin": 0, "destination": 0, "demand": 7346, "price": 2.52}, {"time_stamp": 9, "origin": 0, "destination": 0, "demand": 7062, "price": 2.52}, {"time_stamp": 10, "origin": 0, "destination": 0, "demand": 8116, "price": 2.52}, {"time_stamp": 11, "origin": 0, "destination": 0, "demand": 9011, "price": 2.52}, {"time_stamp": 12, "origin": 0, "destination": 0, "demand": 8788, "price": 2.52}, {"time_stamp": 13, "origin": 0, "destination": 0, "demand": 9510, "price": 2.52}, {"time_stamp": 14, "origin": 0, "destination": 0, "demand": 10461, "price": 2.52}, {"time_stamp": 15, "origin": 0, "destination": 0, "demand": 10744, "price": 2.52}, {"time_stamp": 16, "origin": 0, "destination": 0, "demand": 11050, "price": 2.52}, {"time_stamp": 17, "origin": 0, "destination": 0, "demand": 9554, "price": 2.52}, {"time_stamp": 18, "origin": 0, "destination": 0, "demand": 7684, "price": 2.3400000000000003}, {"time_stamp": 19, "origin": 0, "destination": 0, "demand": 6312, "price": 2.52}, {"time_stamp": 20, "origin": 0, "destination": 0, "demand": 5277, "price": 2.3400000000000003}, {"time_stamp": 21, "origin": 0, "destination": 0, "demand": 4698, "price": 2.3400000000000003}, {"time_stamp": 22, "origin": 0, "destination": 0, "demand": 3195, "price": 2.52}, {"time_stamp": 23, "origin": 0, "destination": 0, "demand": 1473, "price": 2.52}, {"time_stamp": 0, "origin": 0, "destination": 1, "demand": 545, "price": 4.14}, {"time_stamp": 1, "origin": 0, "destination": 1, "demand": 330, "price": 4.14}, {"time_stamp": 2, "origin": 0, "destination": 1, "demand": 224, "price": 4.32}, {"time_stamp": 3, "origin": 0, "destination": 1, "demand": 228, "price": 4.14}, {"time_stamp": 4, "origin": 0, "destination": 1, "demand": 288, "price": 4.14}, {"time_stamp": 5, "origin": 0, "destination": 1, "demand": 1375, "price": 3.9600000000000004}, {"time_stamp": 6, "origin": 0, "destination": 1, "demand": 3205, "price": 3.9600000000000004}, {"time_stamp": 7, "origin": 0, "destination": 1, "demand": 3314, "price": 4.14}, {"time_stamp": 8, "origin": 0, "destination": 1, "demand": 3126, "price": 3.9600000000000004}, {"time_stamp": 9, "origin": 0, "destination": 1, "demand": 3134, "price": 4.14}, {"time_stamp": 10, "origin": 0, "destination": 1, "demand": 3263, "price": 4.14}, {"time_stamp": 11, "origin": 0, "destination": 1, "demand": 3509, "price": 4.14}, {"time_stamp": 12, "origin": 0, "destination": 1, "demand": 3703, "price": 4.14}, {"time_stamp": 13, "origin": 0, "destination": 1, "demand": 4128, "price": 4.14}, {"time_stamp": 14, "origin": 0, "destination": 1, "demand": 4052, "price": 4.14}, {"time_stamp": 15, "origin": 0, "destination": 1, "demand": 3999, "price": 4.14}, {"time_stamp": 16, "origin": 0, "destination": 1, "demand": 4149, "price": 4.14}, {"time_stamp": 17, "origin": 0, "destination": 1, "demand": 3413, "price": 4.14}, {"time_stamp": 18, "origin": 0, "destination": 1, "demand": 2778, "price": 3.9600000000000004}, {"time_stamp": 19, "origin": 0, "destination": 1, "demand": 2280, "price": 3.9600000000000004}, {"time_stamp": 20, "origin": 0, "destination": 1, "demand": 1910, "price": 3.9600000000000004}, {"time_stamp": 21, "origin": 0, "destination": 1, "demand": 1668, "price": 3.9600000000000004}, {"time_stamp": 22, "origin": 0, "destination": 1, "demand": 1054, "price": 3.9600000000000004}, {"time_stamp": 23, "origin": 0, "destination": 1, "demand": 598, "price": 4.14}, {"time_stamp": 0, "origin": 0, "destination": 2, "demand": 297, "price": 13.860000000000001}, {"time_stamp": 1, "origin": 0, "destination": 2, "demand": 262, "price": 14.04}, {"time_stamp": 2, "origin": 0, "destination": 2, "demand": 141, "price": 13.860000000000001}, {"time_stamp": 3, "origin": 0, "destination": 2, "demand": 72, "price": 13.860000000000001}, {"time_stamp": 4, "origin": 0, "destination": 2, "demand": 47, "price": 13.860000000000001}, {"time_stamp": 5, "origin": 0, "destination": 2, "demand": 222, "price": 13.860000000000001}, {"time_stamp": 6, "origin": 0, "destination": 2, "demand": 602, "price": 13.68}, {"time_stamp": 7, "origin": 0, "destination": 2, "demand": 600, "price": 13.68}, {"time_stamp": 8, "origin": 0, "destination": 2, "demand": 549, "price": 13.860000000000001}, {"time_stamp": 9, "origin": 0, "destination": 2, "demand": 618, "price": 13.5}, {"time_stamp": 10, "origin": 0, "destination": 2, "demand": 734, "price": 13.68}, {"time_stamp": 11, "origin": 0, "destination": 2, "demand": 806, "price": 13.860000000000001}, {"time_stamp": 12, "origin": 0, "destination": 2, "demand": 1032, "price": 13.860000000000001}, {"time_stamp": 13, "origin": 0, "destination": 2, "demand": 1198, "price": 13.68}, {"time_stamp": 14, "origin": 0, "destination": 2, "demand": 1601, "price": 13.32}, {"time_stamp": 15, "origin": 0, "destination": 2, "demand": 1827, "price": 13.32}, {"time_stamp": 16, "origin": 0, "destination": 2, "demand": 2148, "price": 13.32}, {"time_stamp": 17, "origin": 0, "destination": 2, "demand": 1385, "price": 13.32}, {"time_stamp": 18, "origin": 0, "destination": 2, "demand": 1165, "price": 13.68}, {"time_stamp": 19, "origin": 0, "destination": 2, "demand": 885, "price": 13.860000000000001}, {"time_stamp": 20, "origin": 0, "destination": 2, "demand": 913, "price": 13.860000000000001}, {"time_stamp": 21, "origin": 0, "destination": 2, "demand": 874, "price": 13.860000000000001}, {"time_stamp": 22, "origin": 0, "destination": 2, "demand": 634, "price": 13.68}, {"time_stamp": 23, "origin": 0, "destination": 2, "demand": 63, "price": 13.860000000000001}, {"time_stamp": 0, "origin": 0, "destination": 3, "demand": 342, "price": 8.46}, {"time_stamp": 1, "origin": 0, "destination": 3, "demand": 187, "price": 8.82}, {"time_stamp": 2, "origin": 0, "destination": 3, "demand": 108, "price": 8.82}, {"time_stamp": 3, "origin": 0, "destination": 3, "demand": 107, "price": 8.82}, {"time_stamp": 4, "origin": 0, "destination": 3, "demand": 85, "price": 9.0}, {"time_stamp": 5, "origin": 0, "destination": 3, "demand": 485, "price": 8.64}, {"time_stamp": 6, "origin": 0, "destination": 3, "demand": 932, "price": 8.64}, {"time_stamp": 7, "origin": 0, "destination": 3, "demand": 1094, "price": 8.64}, {"time_stamp": 8, "origin": 0, "destination": 3, "demand": 1274, "price": 8.82}, {"time_stamp": 9, "origin": 0, "destination": 3, "demand": 1519, "price": 8.82}, {"time_stamp": 10, "origin": 0, "destination": 3, "demand": 1671, "price": 8.82}, {"time_stamp": 11, "origin": 0, "destination": 3, "demand": 1735, "price": 8.82}, {"time_stamp": 12, "origin": 0, "destination": 3, "demand": 2030, "price": 8.82}, {"time_stamp": 13, "origin": 0, "destination": 3, "demand": 2564, "price": 8.82}, {"time_stamp": 14, "origin": 0, "destination": 3, "demand": 2760, "price": 8.64}, {"time_stamp": 15, "origin": 0, "destination": 3, "demand": 3168, "price": 8.64}, {"time_stamp": 16, "origin": 0, "destination": 3, "demand": 3642, "price": 8.64}, {"time_stamp": 17, "origin": 0, "destination": 3, "demand": 2782, "price": 8.64}, {"time_stamp": 18, "origin": 0, "destination": 3, "demand": 2123, "price": 8.64}, {"time_stamp": 19, "origin": 0, "destination": 3, "demand": 1844, "price": 8.64}, {"time_stamp": 20, "origin": 0, "destination": 3, "demand": 1603, "price": 8.82}, {"time_stamp": 21, "origin": 0, "destination": 3, "demand": 1386, "price": 8.64}, {"time_stamp": 22, "origin": 0, "destination": 3, "demand": 908, "price": 8.46}, {"time_stamp": 23, "origin": 0, "destination": 3, "demand": 212, "price": 8.46}, {"time_stamp": 0, "origin": 1, "destination": 0, "demand": 683, "price": 3.9600000000000004}, {"time_stamp": 1, "origin": 1, "destination": 0, "demand": 426, "price": 3.9600000000000004}, {"time_stamp": 2, "origin": 1, "destination": 0, "demand": 251, "price": 4.14}, {"time_stamp": 3, "origin": 1, "destination": 0, "demand": 200, "price": 4.14}, {"time_stamp": 4, "origin": 1, "destination": 0, "demand": 210, "price": 3.9600000000000004}, {"time_stamp": 5, "origin": 1, "destination": 0, "demand": 966, "price": 4.14}, {"time_stamp": 6, "origin": 1, "destination": 0, "demand": 2386, "price": 3.9600000000000004}, {"time_stamp": 7, "origin": 1, "destination": 0, "demand": 3123, "price": 4.14}, {"time_stamp": 8, "origin": 1, "destination": 0, "demand": 2889, "price": 3.9600000000000004}, {"time_stamp": 9, "origin": 1, "destination": 0, "demand": 3024, "price": 4.14}, {"time_stamp": 10, "origin": 1, "destination": 0, "demand": 3354, "price": 4.14}, {"time_stamp": 11, "origin": 1, "destination": 0, "demand": 3463, "price": 4.14}, {"time_stamp": 12, "origin": 1, "destination": 0, "demand": 3868, "price": 4.14}, {"time_stamp": 13, "origin": 1, "destination": 0, "demand": 4059, "price": 3.9600000000000004}, {"time_stamp": 14, "origin": 1, "destination": 0, "demand": 5082, "price": 4.14}, {"time_stamp": 15, "origin": 1, "destination": 0, "demand": 4852, "price": 4.14}, {"time_stamp": 16, "origin": 1, "destination": 0, "demand": 5013, "price": 3.9600000000000004}, {"time_stamp": 17, "origin": 1, "destination": 0, "demand": 4066, "price": 4.14}, {"time_stamp": 18, "origin": 1, "destination": 0, "demand": 3431, "price": 3.9600000000000004}, {"time_stamp": 19, "origin": 1, "destination": 0, "demand": 2674, "price": 3.9600000000000004}, {"time_stamp": 20, "origin": 1, "destination": 0, "demand": 2143, "price": 3.9600000000000004}, {"time_stamp": 21, "origin": 1, "destination": 0, "demand": 1833, "price": 3.9600000000000004}, {"time_stamp": 22, "origin": 1, "destination": 0, "demand": 1240, "price": 4.14}, {"time_stamp": 23, "origin": 1, "destination": 0, "demand": 380, "price": 3.9600000000000004}, {"time_stamp": 0, "origin": 1, "destination": 1, "demand": 702, "price": 2.8800000000000003}, {"time_stamp": 1, "origin": 1, "destination": 1, "demand": 498, "price": 2.8800000000000003}, {"time_stamp": 2, "origin": 1, "destination": 1, "demand": 331, "price": 2.8800000000000003}, {"time_stamp": 3, "origin": 1, "destination": 1, "demand": 320, "price": 2.8800000000000003}, {"time_stamp": 4, "origin": 1, "destination": 1, "demand": 413, "price": 2.8800000000000003}, {"time_stamp": 5, "origin": 1, "destination": 1, "demand": 1725, "price": 2.8800000000000003}, {"time_stamp": 6, "origin": 1, "destination": 1, "demand": 4658, "price": 2.8800000000000003}, {"time_stamp": 7, "origin": 1, "destination": 1, "demand": 5815, "price": 3.06}, {"time_stamp": 8, "origin": 1, "destination": 1, "demand": 6204, "price": 3.06}, {"time_stamp": 9, "origin": 1, "destination": 1, "demand": 6777, "price": 3.06}, {"time_stamp": 10, "origin": 1, "destination": 1, "demand": 8002, "price": 3.06}, {"time_stamp": 11, "origin": 1, "destination": 1, "demand": 8333, "price": 3.06}, {"time_stamp": 12, "origin": 1, "destination": 1, "demand": 8311, "price": 3.06}, {"time_stamp": 13, "origin": 1, "destination": 1, "demand": 8450, "price": 3.06}, {"time_stamp": 14, "origin": 1, "destination": 1, "demand": 9264, "price": 3.06}, {"time_stamp": 15, "origin": 1, "destination": 1, "demand": 8684, "price": 3.06}, {"time_stamp": 16, "origin": 1, "destination": 1, "demand": 8383, "price": 2.8800000000000003}, {"time_stamp": 17, "origin": 1, "destination": 1, "demand": 7185, "price": 2.8800000000000003}, {"time_stamp": 18, "origin": 1, "destination": 1, "demand": 5519, "price": 3.06}, {"time_stamp": 19, "origin": 1, "destination": 1, "demand": 3822, "price": 2.8800000000000003}, {"time_stamp": 20, "origin": 1, "destination": 1, "demand": 2663, "price": 2.8800000000000003}, {"time_stamp": 21, "origin": 1, "destination": 1, "demand": 1796, "price": 2.8800000000000003}, {"time_stamp": 22, "origin": 1, "destination": 1, "demand": 1157, "price": 2.7}, {"time_stamp": 23, "origin": 1, "destination": 1, "demand": 808, "price": 2.8800000000000003}, {"time_stamp": 0, "origin": 1, "destination": 2, "demand": 95, "price": 15.840000000000002}, {"time_stamp": 1, "origin": 1, "destination": 2, "demand": 109, "price": 15.840000000000002}, {"time_stamp": 2, "origin": 1, "destination": 2, "demand": 63, "price": 16.02}, {"time_stamp": 3, "origin": 1, "destination": 2, "demand": 29, "price": 16.2}, {"time_stamp": 4, "origin": 1, "destination": 2, "demand": 23, "price": 16.2}, {"time_stamp": 5, "origin": 1, "destination": 2, "demand": 120, "price": 16.02}, {"time_stamp": 6, "origin": 1, "destination": 2, "demand": 373, "price": 16.2}, {"time_stamp": 7, "origin": 1, "destination": 2, "demand": 254, "price": 16.56}, {"time_stamp": 8, "origin": 1, "destination": 2, "demand": 301, "price": 16.38}, {"time_stamp": 9, "origin": 1, "destination": 2, "demand": 400, "price": 16.02}, {"time_stamp": 10, "origin": 1, "destination": 2, "demand": 424, "price": 16.2}, {"time_stamp": 11, "origin": 1, "destination": 2, "demand": 448, "price": 16.02}, {"time_stamp": 12, "origin": 1, "destination": 2, "demand": 585, "price": 16.2}, {"time_stamp": 13, "origin": 1, "destination": 2, "demand": 809, "price": 15.840000000000002}, {"time_stamp": 14, "origin": 1, "destination": 2, "demand": 1086, "price": 15.840000000000002}, {"time_stamp": 15, "origin": 1, "destination": 2, "demand": 1105, "price": 15.659999999999998}, {"time_stamp": 16, "origin": 1, "destination": 2, "demand": 1230, "price": 15.3}, {"time_stamp": 17, "origin": 1, "destination": 2, "demand": 939, "price": 15.659999999999998}, {"time_stamp": 18, "origin": 1, "destination": 2, "demand": 716, "price": 15.840000000000002}, {"time_stamp": 19, "origin": 1, "destination": 2, "demand": 491, "price": 16.2}, {"time_stamp": 20, "origin": 1, "destination": 2, "demand": 504, "price": 15.840000000000002}, {"time_stamp": 21, "origin": 1, "destination": 2, "demand": 371, "price": 15.840000000000002}, {"time_stamp": 22, "origin": 1, "destination": 2, "demand": 260, "price": 16.02}, {"time_stamp": 23, "origin": 1, "destination": 2, "demand": 17, "price": 15.840000000000002}, {"time_stamp": 0, "origin": 1, "destination": 3, "demand": 166, "price": 10.620000000000001}, {"time_stamp": 1, "origin": 1, "destination": 3, "demand": 95, "price": 10.8}, {"time_stamp": 2, "origin": 1, "destination": 3, "demand": 61, "price": 10.620000000000001}, {"time_stamp": 3, "origin": 1, "destination": 3, "demand": 36, "price": 10.620000000000001}, {"time_stamp": 4, "origin": 1, "destination": 3, "demand": 42, "price": 10.44}, {"time_stamp": 5, "origin": 1, "destination": 3, "demand": 251, "price": 10.44}, {"time_stamp": 6, "origin": 1, "destination": 3, "demand": 582, "price": 10.44}, {"time_stamp": 7, "origin": 1, "destination": 3, "demand": 602, "price": 10.44}, {"time_stamp": 8, "origin": 1, "destination": 3, "demand": 755, "price": 10.26}, {"time_stamp": 9, "origin": 1, "destination": 3, "demand": 783, "price": 10.620000000000001}, {"time_stamp": 10, "origin": 1, "destination": 3, "demand": 965, "price": 10.620000000000001}, {"time_stamp": 11, "origin": 1, "destination": 3, "demand": 1000, "price": 10.44}, {"time_stamp": 12, "origin": 1, "destination": 3, "demand": 1109, "price": 10.44}, {"time_stamp": 13, "origin": 1, "destination": 3, "demand": 1366, "price": 10.44}, {"time_stamp": 14, "origin": 1, "destination": 3, "demand": 1814, "price": 10.44}, {"time_stamp": 15, "origin": 1, "destination": 3, "demand": 1955, "price": 10.44}, {"time_stamp": 16, "origin": 1, "destination": 3, "demand": 1946, "price": 10.620000000000001}, {"time_stamp": 17, "origin": 1, "destination": 3, "demand": 1480, "price": 10.26}, {"time_stamp": 18, "origin": 1, "destination": 3, "demand": 1157, "price": 10.26}, {"time_stamp": 19, "origin": 1, "destination": 3, "demand": 873, "price": 10.26}, {"time_stamp": 20, "origin": 1, "destination": 3, "demand": 775, "price": 10.26}, {"time_stamp": 21, "origin": 1, "destination": 3, "demand": 525, "price": 10.08}, {"time_stamp": 22, "origin": 1, "destination": 3, "demand": 273, "price": 10.26}, {"time_stamp": 23, "origin": 1, "destination": 3, "demand": 113, "price": 10.26}, {"time_stamp": 0, "origin": 2, "destination": 0, "demand": 114, "price": 13.860000000000001}, {"time_stamp": 1, "origin": 2, "destination": 0, "demand": 48, "price": 13.860000000000001}, {"time_stamp": 2, "origin": 2, "destination": 0, "demand": 43, "price": 14.04}, {"time_stamp": 3, "origin": 2, "destination": 0, "demand": 49, "price": 14.04}, {"time_stamp": 4, "origin": 2, "destination": 0, "demand": 181, "price": 14.04}, {"time_stamp": 5, "origin": 2, "destination": 0, "demand": 1632, "price": 13.32}, {"time_stamp": 6, "origin": 2, "destination": 0, "demand": 2825, "price": 12.96}, {"time_stamp": 7, "origin": 2, "destination": 0, "demand": 1690, "price": 13.32}, {"time_stamp": 8, "origin": 2, "destination": 0, "demand": 1364, "price": 13.32}, {"time_stamp": 9, "origin": 2, "destination": 0, "demand": 1070, "price": 13.5}, {"time_stamp": 10, "origin": 2, "destination": 0, "demand": 946, "price": 14.04}, {"time_stamp": 11, "origin": 2, "destination": 0, "demand": 958, "price": 14.04}, {"time_stamp": 12, "origin": 2, "destination": 0, "demand": 929, "price": 13.5}, {"time_stamp": 13, "origin": 2, "destination": 0, "demand": 1033, "price": 13.5}, {"time_stamp": 14, "origin": 2, "destination": 0, "demand": 1024, "price": 13.32}, {"time_stamp": 15, "origin": 2, "destination": 0, "demand": 953, "price": 13.68}, {"time_stamp": 16, "origin": 2, "destination": 0, "demand": 909, "price": 13.5}, {"time_stamp": 17, "origin": 2, "destination": 0, "demand": 860, "price": 13.5}, {"time_stamp": 18, "origin": 2, "destination": 0, "demand": 600, "price": 13.68}, {"time_stamp": 19, "origin": 2, "destination": 0, "demand": 560, "price": 14.04}, {"time_stamp": 20, "origin": 2, "destination": 0, "demand": 432, "price": 14.22}, {"time_stamp": 21, "origin": 2, "destination": 0, "demand": 250, "price": 13.860000000000001}, {"time_stamp": 22, "origin": 2, "destination": 0, "demand": 154, "price": 14.22}, {"time_stamp": 23, "origin": 2, "destination": 0, "demand": 471, "price": 13.68}, {"time_stamp": 0, "origin": 2, "destination": 1, "demand": 19, "price": 16.92}, {"time_stamp": 1, "origin": 2, "destination": 1, "demand": 15, "price": 17.1}, {"time_stamp": 2, "origin": 2, "destination": 1, "demand": 16, "price": 16.92}, {"time_stamp": 3, "origin": 2, "destination": 1, "demand": 101, "price": 16.92}, {"time_stamp": 4, "origin": 2, "destination": 1, "demand": 79, "price": 17.1}, {"time_stamp": 5, "origin": 2, "destination": 1, "demand": 821, "price": 16.38}, {"time_stamp": 6, "origin": 2, "destination": 1, "demand": 1653, "price": 16.02}, {"time_stamp": 7, "origin": 2, "destination": 1, "demand": 1088, "price": 15.659999999999998}, {"time_stamp": 8, "origin": 2, "destination": 1, "demand": 779, "price": 15.659999999999998}, {"time_stamp": 9, "origin": 2, "destination": 1, "demand": 632, "price": 15.840000000000002}, {"time_stamp": 10, "origin": 2, "destination": 1, "demand": 539, "price": 16.2}, {"time_stamp": 11, "origin": 2, "destination": 1, "demand": 543, "price": 15.840000000000002}, {"time_stamp": 12, "origin": 2, "destination": 1, "demand": 518, "price": 15.840000000000002}, {"time_stamp": 13, "origin": 2, "destination": 1, "demand": 729, "price": 16.2}, {"time_stamp": 14, "origin": 2, "destination": 1, "demand": 717, "price": 15.840000000000002}, {"time_stamp": 15, "origin": 2, "destination": 1, "demand": 572, "price": 16.38}, {"time_stamp": 16, "origin": 2, "destination": 1, "demand": 549, "price": 16.38}, {"time_stamp": 17, "origin": 2, "destination": 1, "demand": 467, "price": 16.38}, {"time_stamp": 18, "origin": 2, "destination": 1, "demand": 309, "price": 16.38}, {"time_stamp": 19, "origin": 2, "destination": 1, "demand": 237, "price": 16.38}, {"time_stamp": 20, "origin": 2, "destination": 1, "demand": 203, "price": 16.38}, {"time_stamp": 21, "origin": 2, "destination": 1, "demand": 84, "price": 16.38}, {"time_stamp": 22, "origin": 2, "destination": 1, "demand": 57, "price": 16.56}, {"time_stamp": 23, "origin": 2, "destination": 1, "demand": 196, "price": 16.740000000000002}, {"time_stamp": 0, "origin": 2, "destination": 2, "demand": 1638, "price": 3.7800000000000002}, {"time_stamp": 1, "origin": 2, "destination": 2, "demand": 1026, "price": 3.7800000000000002}, {"time_stamp": 2, "origin": 2, "destination": 2, "demand": 647, "price": 3.7800000000000002}, {"time_stamp": 3, "origin": 2, "destination": 2, "demand": 551, "price": 3.7800000000000002}, {"time_stamp": 4, "origin": 2, "destination": 2, "demand": 822, "price": 3.7800000000000002}, {"time_stamp": 5, "origin": 2, "destination": 2, "demand": 4222, "price": 3.7800000000000002}, {"time_stamp": 6, "origin": 2, "destination": 2, "demand": 12559, "price": 3.9600000000000004}, {"time_stamp": 7, "origin": 2, "destination": 2, "demand": 14960, "price": 3.7800000000000002}, {"time_stamp": 8, "origin": 2, "destination": 2, "demand": 12083, "price": 3.7800000000000002}, {"time_stamp": 9, "origin": 2, "destination": 2, "demand": 10619, "price": 3.7800000000000002}, {"time_stamp": 10, "origin": 2, "destination": 2, "demand": 11522, "price": 3.9600000000000004}, {"time_stamp": 11, "origin": 2, "destination": 2, "demand": 12464, "price": 3.7800000000000002}, {"time_stamp": 12, "origin": 2, "destination": 2, "demand": 12506, "price": 3.7800000000000002}, {"time_stamp": 13, "origin": 2, "destination": 2, "demand": 12770, "price": 3.7800000000000002}, {"time_stamp": 14, "origin": 2, "destination": 2, "demand": 16514, "price": 3.7800000000000002}, {"time_stamp": 15, "origin": 2, "destination": 2, "demand": 15673, "price": 3.7800000000000002}, {"time_stamp": 16, "origin": 2, "destination": 2, "demand": 17501, "price": 3.7800000000000002}, {"time_stamp": 17, "origin": 2, "destination": 2, "demand": 16259, "price": 3.7800000000000002}, {"time_stamp": 18, "origin": 2, "destination": 2, "demand": 11471, "price": 3.7800000000000002}, {"time_stamp": 19, "origin": 2, "destination": 2, "demand": 8864, "price": 3.7800000000000002}, {"time_stamp": 20, "origin": 2, "destination": 2, "demand": 7069, "price": 3.7800000000000002}, {"time_stamp": 21, "origin": 2, "destination": 2, "demand": 4290, "price": 3.6}, {"time_stamp": 22, "origin": 2, "destination": 2, "demand": 2825, "price": 3.6}, {"time_stamp": 23, "origin": 2, "destination": 2, "demand": 1887, "price": 3.42}, {"time_stamp": 0, "origin": 2, "destination": 3, "demand": 229, "price": 8.1}, {"time_stamp": 1, "origin": 2, "destination": 3, "demand": 111, "price": 8.1}, {"time_stamp": 2, "origin": 2, "destination": 3, "demand": 82, "price": 8.1}, {"time_stamp": 3, "origin": 2, "destination": 3, "demand": 109, "price": 7.920000000000001}, {"time_stamp": 4, "origin": 2, "destination": 3, "demand": 163, "price": 8.1}, {"time_stamp": 5, "origin": 2, "destination": 3, "demand": 2022, "price": 8.28}, {"time_stamp": 6, "origin": 2, "destination": 3, "demand": 6343, "price": 8.82}, {"time_stamp": 7, "origin": 2, "destination": 3, "demand": 5483, "price": 8.1}, {"time_stamp": 8, "origin": 2, "destination": 3, "demand": 3700, "price": 8.1}, {"time_stamp": 9, "origin": 2, "destination": 3, "demand": 3435, "price": 7.920000000000001}, {"time_stamp": 10, "origin": 2, "destination": 3, "demand": 3436, "price": 7.920000000000001}, {"time_stamp": 11, "origin": 2, "destination": 3, "demand": 3965, "price": 8.1}, {"time_stamp": 12, "origin": 2, "destination": 3, "demand": 4164, "price": 8.1}, {"time_stamp": 13, "origin": 2, "destination": 3, "demand": 5148, "price": 8.28}, {"time_stamp": 14, "origin": 2, "destination": 3, "demand": 5421, "price": 8.28}, {"time_stamp": 15, "origin": 2, "destination": 3, "demand": 4933, "price": 8.28}, {"time_stamp": 16, "origin": 2, "destination": 3, "demand": 5373, "price": 8.28}, {"time_stamp": 17, "origin": 2, "destination": 3, "demand": 4601, "price": 8.1}, {"time_stamp": 18, "origin": 2, "destination": 3, "demand": 3437, "price": 8.1}, {"time_stamp": 19, "origin": 2, "destination": 3, "demand": 2607, "price": 8.28}, {"time_stamp": 20, "origin": 2, "destination": 3, "demand": 1897, "price": 8.1}, {"time_stamp": 21, "origin": 2, "destination": 3, "demand": 1082, "price": 8.28}, {"time_stamp": 22, "origin": 2, "destination": 3, "demand": 465, "price": 8.1}, {"time_stamp": 23, "origin": 2, "destination": 3, "demand": 373, "price": 8.1}, {"time_stamp": 0, "origin": 3, "destination": 0, "demand": 159, "price": 8.82}, {"time_stamp": 1, "origin": 3, "destination": 0, "demand": 112, "price": 9.18}, {"time_stamp": 2, "origin": 3, "destination": 0, "demand": 106, "price": 9.0}, {"time_stamp": 3, "origin": 3, "destination": 0, "demand": 77, "price": 9.18}, {"time_stamp": 4, "origin": 3, "destination": 0, "demand": 178, "price": 9.0}, {"time_stamp": 5, "origin": 3, "destination": 0, "demand": 1529, "price": 8.64}, {"time_stamp": 6, "origin": 3, "destination": 0, "demand": 3685, "price": 8.46}, {"time_stamp": 7, "origin": 3, "destination": 0, "demand": 3255, "price": 8.64}, {"time_stamp": 8, "origin": 3, "destination": 0, "demand": 2290, "price": 8.64}, {"time_stamp": 9, "origin": 3, "destination": 0, "demand": 1792, "price": 8.82}, {"time_stamp": 10, "origin": 3, "destination": 0, "demand": 1696, "price": 8.82}, {"time_stamp": 11, "origin": 3, "destination": 0, "demand": 1868, "price": 8.46}, {"time_stamp": 12, "origin": 3, "destination": 0, "demand": 1937, "price": 8.64}, {"time_stamp": 13, "origin": 3, "destination": 0, "demand": 1887, "price": 8.64}, {"time_stamp": 14, "origin": 3, "destination": 0, "demand": 2370, "price": 8.82}, {"time_stamp": 15, "origin": 3, "destination": 0, "demand": 2173, "price": 8.82}, {"time_stamp": 16, "origin": 3, "destination": 0, "demand": 2200, "price": 8.82}, {"time_stamp": 17, "origin": 3, "destination": 0, "demand": 2046, "price": 8.64}, {"time_stamp": 18, "origin": 3, "destination": 0, "demand": 1461, "price": 9.0}, {"time_stamp": 19, "origin": 3, "destination": 0, "demand": 1092, "price": 8.82}, {"time_stamp": 20, "origin": 3, "destination": 0, "demand": 754, "price": 8.82}, {"time_stamp": 21, "origin": 3, "destination": 0, "demand": 613, "price": 8.64}, {"time_stamp": 22, "origin": 3, "destination": 0, "demand": 453, "price": 8.64}, {"time_stamp": 23, "origin": 3, "destination": 0, "demand": 324, "price": 8.46}, {"time_stamp": 0, "origin": 3, "destination": 1, "demand": 53, "price": 9.9}, {"time_stamp": 1, "origin": 3, "destination": 1, "demand": 55, "price": 10.08}, {"time_stamp": 2, "origin": 3, "destination": 1, "demand": 35, "price": 10.26}, {"time_stamp": 3, "origin": 3, "destination": 1, "demand": 59, "price": 10.44}, {"time_stamp": 4, "origin": 3, "destination": 1, "demand": 47, "price": 10.26}, {"time_stamp": 5, "origin": 3, "destination": 1, "demand": 789, "price": 10.26}, {"time_stamp": 6, "origin": 3, "destination": 1, "demand": 1930, "price": 10.26}, {"time_stamp": 7, "origin": 3, "destination": 1, "demand": 1566, "price": 10.44}, {"time_stamp": 8, "origin": 3, "destination": 1, "demand": 1267, "price": 10.26}, {"time_stamp": 9, "origin": 3, "destination": 1, "demand": 1151, "price": 10.26}, {"time_stamp": 10, "origin": 3, "destination": 1, "demand": 1074, "price": 10.44}, {"time_stamp": 11, "origin": 3, "destination": 1, "demand": 982, "price": 10.08}, {"time_stamp": 12, "origin": 3, "destination": 1, "demand": 1074, "price": 10.26}, {"time_stamp": 13, "origin": 3, "destination": 1, "demand": 1264, "price": 10.44}, {"time_stamp": 14, "origin": 3, "destination": 1, "demand": 1163, "price": 10.44}, {"time_stamp": 15, "origin": 3, "destination": 1, "demand": 1074, "price": 10.44}, {"time_stamp": 16, "origin": 3, "destination": 1, "demand": 1127, "price": 10.44}, {"time_stamp": 17, "origin": 3, "destination": 1, "demand": 996, "price": 10.44}, {"time_stamp": 18, "origin": 3, "destination": 1, "demand": 649, "price": 10.26}, {"time_stamp": 19, "origin": 3, "destination": 1, "demand": 455, "price": 10.620000000000001}, {"time_stamp": 20, "origin": 3, "destination": 1, "demand": 406, "price": 10.26}, {"time_stamp": 21, "origin": 3, "destination": 1, "demand": 282, "price": 10.08}, {"time_stamp": 22, "origin": 3, "destination": 1, "demand": 142, "price": 10.08}, {"time_stamp": 23, "origin": 3, "destination": 1, "demand": 257, "price": 9.9}, {"time_stamp": 0, "origin": 3, "destination": 2, "demand": 373, "price": 8.28}, {"time_stamp": 1, "origin": 3, "destination": 2, "demand": 177, "price": 8.28}, {"time_stamp": 2, "origin": 3, "destination": 2, "demand": 93, "price": 8.28}, {"time_stamp": 3, "origin": 3, "destination": 2, "demand": 56, "price": 8.28}, {"time_stamp": 4, "origin": 3, "destination": 2, "demand": 79, "price": 8.28}, {"time_stamp": 5, "origin": 3, "destination": 2, "demand": 943, "price": 8.28}, {"time_stamp": 6, "origin": 3, "destination": 2, "demand": 3857, "price": 8.28}, {"time_stamp": 7, "origin": 3, "destination": 2, "demand": 3729, "price": 8.1}, {"time_stamp": 8, "origin": 3, "destination": 2, "demand": 3427, "price": 8.1}, {"time_stamp": 9, "origin": 3, "destination": 2, "demand": 3081, "price": 8.1}, {"time_stamp": 10, "origin": 3, "destination": 2, "demand": 3162, "price": 8.1}, {"time_stamp": 11, "origin": 3, "destination": 2, "demand": 3900, "price": 8.1}, {"time_stamp": 12, "origin": 3, "destination": 2, "demand": 3732, "price": 8.1}, {"time_stamp": 13, "origin": 3, "destination": 2, "demand": 4692, "price": 8.1}, {"time_stamp": 14, "origin": 3, "destination": 2, "demand": 6901, "price": 8.1}, {"time_stamp": 15, "origin": 3, "destination": 2, "demand": 5819, "price": 8.1}, {"time_stamp": 16, "origin": 3, "destination": 2, "demand": 6540, "price": 7.920000000000001}, {"time_stamp": 17, "origin": 3, "destination": 2, "demand": 6059, "price": 7.920000000000001}, {"time_stamp": 18, "origin": 3, "destination": 2, "demand": 4389, "price": 8.1}, {"time_stamp": 19, "origin": 3, "destination": 2, "demand": 3087, "price": 8.1}, {"time_stamp": 20, "origin": 3, "destination": 2, "demand": 2411, "price": 7.920000000000001}, {"time_stamp": 21, "origin": 3, "destination": 2, "demand": 1396, "price": 7.920000000000001}, {"time_stamp": 22, "origin": 3, "destination": 2, "demand": 848, "price": 8.28}, {"time_stamp": 23, "origin": 3, "destination": 2, "demand": 289, "price": 8.1}, {"time_stamp": 0, "origin": 3, "destination": 3, "demand": 766, "price": 3.7800000000000002}, {"time_stamp": 1, "origin": 3, "destination": 3, "demand": 457, "price": 3.7800000000000002}, {"time_stamp": 2, "origin": 3, "destination": 3, "demand": 321, "price": 3.7800000000000002}, {"time_stamp": 3, "origin": 3, "destination": 3, "demand": 228, "price": 3.7800000000000002}, {"time_stamp": 4, "origin": 3, "destination": 3, "demand": 322, "price": 3.7800000000000002}, {"time_stamp": 5, "origin": 3, "destination": 3, "demand": 3188, "price": 3.6}, {"time_stamp": 6, "origin": 3, "destination": 3, "demand": 9234, "price": 3.7800000000000002}, {"time_stamp": 7, "origin": 3, "destination": 3, "demand": 10789, "price": 3.7800000000000002}, {"time_stamp": 8, "origin": 3, "destination": 3, "demand": 8348, "price": 3.7800000000000002}, {"time_stamp": 9, "origin": 3, "destination": 3, "demand": 7387, "price": 3.6}, {"time_stamp": 10, "origin": 3, "destination": 3, "demand": 8623, "price": 3.9600000000000004}, {"time_stamp": 11, "origin": 3, "destination": 3, "demand": 9552, "price": 3.7800000000000002}, {"time_stamp": 12, "origin": 3, "destination": 3, "demand": 9587, "price": 3.7800000000000002}, {"time_stamp": 13, "origin": 3, "destination": 3, "demand": 10784, "price": 3.9600000000000004}, {"time_stamp": 14, "origin": 3, "destination": 3, "demand": 12830, "price": 3.9600000000000004}, {"time_stamp": 15, "origin": 3, "destination": 3, "demand": 12403, "price": 3.9600000000000004}, {"time_stamp": 16, "origin": 3, "destination": 3, "demand": 14921, "price": 3.7800000000000002}, {"time_stamp": 17, "origin": 3, "destination": 3, "demand": 12931, "price": 3.7800000000000002}, {"time_stamp": 18, "origin": 3, "destination": 3, "demand": 9707, "price": 3.7800000000000002}, {"time_stamp": 19, "origin": 3, "destination": 3, "demand": 6562, "price": 3.6}, {"time_stamp": 20, "origin": 3, "destination": 3, "demand": 4471, "price": 3.7800000000000002}, {"time_stamp": 21, "origin": 3, "destination": 3, "demand": 2708, "price": 3.6}, {"time_stamp": 22, "origin": 3, "destination": 3, "demand": 1585, "price": 3.6}, {"time_stamp": 23, "origin": 3, "destination": 3, "demand": 1141, "price": 3.6}], "rebTime": [{"time_stamp": 0, "origin": 0, "destination": 0, "reb_time": 1}, {"time_stamp": 1, "origin": 0, "destination": 0, "reb_time": 1}, {"time_stamp": 2, "origin": 0, "destination": 0, "reb_time": 1}, {"time_stamp": 3, "origin": 0, "destination": 0, "reb_time": 1}, {"time_stamp": 4, "origin": 0, "destination": 0, "reb_time": 1}, {"time_stamp": 5, "origin": 0, "destination": 0, "reb_time": 1}, {"time_stamp": 6, "origin": 0, "destination": 0, "reb_time": 1}, {"time_stamp": 7, "origin": 0, "destination": 0, "reb_time": 1}, {"time_stamp": 8, "origin": 0, "destination": 0, "reb_time": 1}, {"time_stamp": 9, "origin": 0, "destination": 0, "reb_time": 1}, {"time_stamp": 10, "origin": 0, "destination": 0, "reb_time": 1}, {"time_stamp": 11, "origin": 0, "destination": 0, "reb_time": 1}, {"time_stamp": 12, "origin": 0, "destination": 0, "reb_time": 1}, {"time_stamp": 13, "origin": 0, "destination": 0, "reb_time": 1}, {"time_stamp": 14, "origin": 0, "destination": 0, "reb_time": 1}, {"time_stamp": 15, "origin": 0, "destination": 0, "reb_time": 1}, {"time_stamp": 16, "origin": 0, "destination": 0, "reb_time": 1}, {"time_stamp": 17, "origin": 0, "destination": 0, "reb_time": 1}, {"time_stamp": 18, "origin": 0, "destination": 0, "reb_time": 1}, {"time_stamp": 19, "origin": 0, "destination": 0, "reb_time": 1}, {"time_stamp": 20, "origin": 0, "destination": 0, "reb_time": 1}, {"time_stamp": 21, "origin": 0, "destination": 0, "reb_time": 1}, {"time_stamp": 22, "origin": 0, "destination": 0, "reb_time": 1}, {"time_stamp": 23, "origin": 0, "destination": 0, "reb_time": 1}, {"time_stamp": 0, "origin": 0, "destination": 1, "reb_time": 1}, {"time_stamp": 1, "origin": 0, "destination": 1, "reb_time": 1}, {"time_stamp": 2, "origin": 0, "destination": 1, "reb_time": 1}, {"time_stamp": 3, "origin": 0, "destination": 1, "reb_time": 1}, {"time_stamp": 4, "origin": 0, "destination": 1, "reb_time": 1}, {"time_stamp": 5, "origin": 0, "destination": 1, "reb_time": 1}, {"time_stamp": 6, "origin": 0, "destination": 1, "reb_time": 1}, {"time_stamp": 7, "origin": 0, "destination": 1, "reb_time": 1}, {"time_stamp": 8, "origin": 0, "destination": 1, "reb_time": 1}, {"time_stamp": 9, "origin": 0, "destination": 1, "reb_time": 1}, {"time_stamp": 10, "origin": 0, "destination": 1, "reb_time": 1}, {"time_stamp": 11, "origin": 0, "destination": 1, "reb_time": 1}, {"time_stamp": 12, "origin": 0, "destination": 1, "reb_time": 1}, {"time_stamp": 13, "origin": 0, "destination": 1, "reb_time": 1}, {"time_stamp": 14, "origin": 0, "destination": 1, "reb_time": 1}, {"time_stamp": 15, "origin": 0, "destination": 1, "reb_time": 1}, {"time_stamp": 16, "origin": 0, "destination": 1, "reb_time": 1}, {"time_stamp": 17, "origin": 0, "destination": 1, "reb_time": 1}, {"time_stamp": 18, "origin": 0, "destination": 1, "reb_time": 1}, {"time_stamp": 19, "origin": 0, "destination": 1, "reb_time": 1}, {"time_stamp": 20, "origin": 0, "destination": 1, "reb_time": 1}, {"time_stamp": 21, "origin": 0, "destination": 1, "reb_time": 1}, {"time_stamp": 22, "origin": 0, "destination": 1, "reb_time": 1}, {"time_stamp": 23, "origin": 0, "destination": 1, "reb_time": 1}, {"time_stamp": 0, "origin": 0, "destination": 2, "reb_time": 1}, {"time_stamp": 1, "origin": 0, "destination": 2, "reb_time": 1}, {"time_stamp": 2, "origin": 0, "destination": 2, "reb_time": 1}, {"time_stamp": 3, "origin": 0, "destination": 2, "reb_time": 1}, {"time_stamp": 4, "origin": 0, "destination": 2, "reb_time": 1}, {"time_stamp": 5, "origin": 0, "destination": 2, "reb_time": 1}, {"time_stamp": 6, "origin": 0, "destination": 2, "reb_time": 1}, {"time_stamp": 7, "origin": 0, "destination": 2, "reb_time": 1}, {"time_stamp": 8, "origin": 0, "destination": 2, "reb_time": 1}, {"time_stamp": 9, "origin": 0, "destination": 2, "reb_time": 1}, {"time_stamp": 10, "origin": 0, "destination": 2, "reb_time": 1}, {"time_stamp": 11, "origin": 0, "destination": 2, "reb_time": 1}, {"time_stamp": 12, "origin": 0, "destination": 2, "reb_time": 1}, {"time_stamp": 13, "origin": 0, "destination": 2, "reb_time": 1}, {"time_stamp": 14, "origin": 0, "destination": 2, "reb_time": 1}, {"time_stamp": 15, "origin": 0, "destination": 2, "reb_time": 1}, {"time_stamp": 16, "origin": 0, "destination": 2, "reb_time": 1}, {"time_stamp": 17, "origin": 0, "destination": 2, "reb_time": 1}, {"time_stamp": 18, "origin": 0, "destination": 2, "reb_time": 1}, {"time_stamp": 19, "origin": 0, "destination": 2, "reb_time": 1}, {"time_stamp": 20, "origin": 0, "destination": 2, "reb_time": 1}, {"time_stamp": 21, "origin": 0, "destination": 2, "reb_time": 1}, {"time_stamp": 22, "origin": 0, "destination": 2, "reb_time": 1}, {"time_stamp": 23, "origin": 0, "destination": 2, "reb_time": 1}, {"time_stamp": 0, "origin": 0, "destination": 3, "reb_time": 1}, {"time_stamp": 1, "origin": 0, "destination": 3, "reb_time": 1}, {"time_stamp": 2, "origin": 0, "destination": 3, "reb_time": 1}, {"time_stamp": 3, "origin": 0, "destination": 3, "reb_time": 1}, {"time_stamp": 4, "origin": 0, "destination": 3, "reb_time": 1}, {"time_stamp": 5, "origin": 0, "destination": 3, "reb_time": 1}, {"time_stamp": 6, "origin": 0, "destination": 3, "reb_time": 1}, {"time_stamp": 7, "origin": 0, "destination": 3, "reb_time": 1}, {"time_stamp": 8, "origin": 0, "destination": 3, "reb_time": 1}, {"time_stamp": 9, "origin": 0, "destination": 3, "reb_time": 1}, {"time_stamp": 10, "origin": 0, "destination": 3, "reb_time": 1}, {"time_stamp": 11, "origin": 0, "destination": 3, "reb_time": 1}, {"time_stamp": 12, "origin": 0, "destination": 3, "reb_time": 1}, {"time_stamp": 13, "origin": 0, "destination": 3, "reb_time": 1}, {"time_stamp": 14, "origin": 0, "destination": 3, "reb_time": 1}, {"time_stamp": 15, "origin": 0, "destination": 3, "reb_time": 1}, {"time_stamp": 16, "origin": 0, "destination": 3, "reb_time": 1}, {"time_stamp": 17, "origin": 0, "destination": 3, "reb_time": 1}, {"time_stamp": 18, "origin": 0, "destination": 3, "reb_time": 1}, {"time_stamp": 19, "origin": 0, "destination": 3, "reb_time": 1}, {"time_stamp": 20, "origin": 0, "destination": 3, "reb_time": 1}, {"time_stamp": 21, "origin": 0, "destination": 3, "reb_time": 1}, {"time_stamp": 22, "origin": 0, "destination": 3, "reb_time": 1}, {"time_stamp": 23, "origin": 0, "destination": 3, "reb_time": 1}, {"time_stamp": 0, "origin": 1, "destination": 0, "reb_time": 1}, {"time_stamp": 1, "origin": 1, "destination": 0, "reb_time": 1}, {"time_stamp": 2, "origin": 1, "destination": 0, "reb_time": 1}, {"time_stamp": 3, "origin": 1, "destination": 0, "reb_time": 1}, {"time_stamp": 4, "origin": 1, "destination": 0, "reb_time": 1}, {"time_stamp": 5, "origin": 1, "destination": 0, "reb_time": 1}, {"time_stamp": 6, "origin": 1, "destination": 0, "reb_time": 1}, {"time_stamp": 7, "origin": 1, "destination": 0, "reb_time": 1}, {"time_stamp": 8, "origin": 1, "destination": 0, "reb_time": 1}, {"time_stamp": 9, "origin": 1, "destination": 0, "reb_time": 1}, {"time_stamp": 10, "origin": 1, "destination": 0, "reb_time": 1}, {"time_stamp": 11, "origin": 1, "destination": 0, "reb_time": 1}, {"time_stamp": 12, "origin": 1, "destination": 0, "reb_time": 1}, {"time_stamp": 13, "origin": 1, "destination": 0, "reb_time": 1}, {"time_stamp": 14, "origin": 1, "destination": 0, "reb_time": 1}, {"time_stamp": 15, "origin": 1, "destination": 0, "reb_time": 1}, {"time_stamp": 16, "origin": 1, "destination": 0, "reb_time": 1}, {"time_stamp": 17, "origin": 1, "destination": 0, "reb_time": 1}, {"time_stamp": 18, "origin": 1, "destination": 0, "reb_time": 1}, {"time_stamp": 19, "origin": 1, "destination": 0, "reb_time": 1}, {"time_stamp": 20, "origin": 1, "destination": 0, "reb_time": 1}, {"time_stamp": 21, "origin": 1, "destination": 0, "reb_time": 1}, {"time_stamp": 22, "origin": 1, "destination": 0, "reb_time": 1}, {"time_stamp": 23, "origin": 1, "destination": 0, "reb_time": 1}, {"time_stamp": 0, "origin": 1, "destination": 1, "reb_time": 1}, {"time_stamp": 1, "origin": 1, "destination": 1, "reb_time": 1}, {"time_stamp": 2, "origin": 1, "destination": 1, "reb_time": 1}, {"time_stamp": 3, "origin": 1, "destination": 1, "reb_time": 1}, {"time_stamp": 4, "origin": 1, "destination": 1, "reb_time": 1}, {"time_stamp": 5, "origin": 1, "destination": 1, "reb_time": 1}, {"time_stamp": 6, "origin": 1, "destination": 1, "reb_time": 1}, {"time_stamp": 7, "origin": 1, "destination": 1, "reb_time": 1}, {"time_stamp": 8, "origin": 1, "destination": 1, "reb_time": 1}, {"time_stamp": 9, "origin": 1, "destination": 1, "reb_time": 1}, {"time_stamp": 10, "origin": 1, "destination": 1, "reb_time": 1}, {"time_stamp": 11, "origin": 1, "destination": 1, "reb_time": 1}, {"time_stamp": 12, "origin": 1, "destination": 1, "reb_time": 1}, {"time_stamp": 13, "origin": 1, "destination": 1, "reb_time": 1}, {"time_stamp": 14, "origin": 1, "destination": 1, "reb_time": 1}, {"time_stamp": 15, "origin": 1, "destination": 1, "reb_time": 1}, {"time_stamp": 16, "origin": 1, "destination": 1, "reb_time": 1}, {"time_stamp": 17, "origin": 1, "destination": 1, "reb_time": 1}, {"time_stamp": 18, "origin": 1, "destination": 1, "reb_time": 1}, {"time_stamp": 19, "origin": 1, "destination": 1, "reb_time": 1}, {"time_stamp": 20, "origin": 1, "destination": 1, "reb_time": 1}, {"time_stamp": 21, "origin": 1, "destination": 1, "reb_time": 1}, {"time_stamp": 22, "origin": 1, "destination": 1, "reb_time": 1}, {"time_stamp": 23, "origin": 1, "destination": 1, "reb_time": 1}, {"time_stamp": 0, "origin": 1, "destination": 2, "reb_time": 1}, {"time_stamp": 1, "origin": 1, "destination": 2, "reb_time": 1}, {"time_stamp": 2, "origin": 1, "destination": 2, "reb_time": 1}, {"time_stamp": 3, "origin": 1, "destination": 2, "reb_time": 1}, {"time_stamp": 4, "origin": 1, "destination": 2, "reb_time": 1}, {"time_stamp": 5, "origin": 1, "destination": 2, "reb_time": 1}, {"time_stamp": 6, "origin": 1, "destination": 2, "reb_time": 1}, {"time_stamp": 7, "origin": 1, "destination": 2, "reb_time": 1}, {"time_stamp": 8, "origin": 1, "destination": 2, "reb_time": 1}, {"time_stamp": 9, "origin": 1, "destination": 2, "reb_time": 1}, {"time_stamp": 10, "origin": 1, "destination": 2, "reb_time": 1}, {"time_stamp": 11, "origin": 1, "destination": 2, "reb_time": 1}, {"time_stamp": 12, "origin": 1, "destination": 2, "reb_time": 1}, {"time_stamp": 13, "origin": 1, "destination": 2, "reb_time": 1}, {"time_stamp": 14, "origin": 1, "destination": 2, "reb_time": 1}, {"time_stamp": 15, "origin": 1, "destination": 2, "reb_time": 1}, {"time_stamp": 16, "origin": 1, "destination": 2, "reb_time": 1}, {"time_stamp": 17, "origin": 1, "destination": 2, "reb_time": 1}, {"time_stamp": 18, "origin": 1, "destination": 2, "reb_time": 1}, {"time_stamp": 19, "origin": 1, "destination": 2, "reb_time": 1}, {"time_stamp": 20, "origin": 1, "destination": 2, "reb_time": 1}, {"time_stamp": 21, "origin": 1, "destination": 2, "reb_time": 1}, {"time_stamp": 22, "origin": 1, "destination": 2, "reb_time": 1}, {"time_stamp": 23, "origin": 1, "destination": 2, "reb_time": 1}, {"time_stamp": 0, "origin": 1, "destination": 3, "reb_time": 1}, {"time_stamp": 1, "origin": 1, "destination": 3, "reb_time": 1}, {"time_stamp": 2, "origin": 1, "destination": 3, "reb_time": 1}, {"time_stamp": 3, "origin": 1, "destination": 3, "reb_time": 1}, {"time_stamp": 4, "origin": 1, "destination": 3, "reb_time": 1}, {"time_stamp": 5, "origin": 1, "destination": 3, "reb_time": 1}, {"time_stamp": 6, "origin": 1, "destination": 3, "reb_time": 1}, {"time_stamp": 7, "origin": 1, "destination": 3, "reb_time": 1}, {"time_stamp": 8, "origin": 1, "destination": 3, "reb_time": 1}, {"time_stamp": 9, "origin": 1, "destination": 3, "reb_time": 1}, {"time_stamp": 10, "origin": 1, "destination": 3, "reb_time": 1}, {"time_stamp": 11, "origin": 1, "destination": 3, "reb_time": 1}, {"time_stamp": 12, "origin": 1, "destination": 3, "reb_time": 1}, {"time_stamp": 13, "origin": 1, "destination": 3, "reb_time": 1}, {"time_stamp": 14, "origin": 1, "destination": 3, "reb_time": 1}, {"time_stamp": 15, "origin": 1, "destination": 3, "reb_time": 1}, {"time_stamp": 16, "origin": 1, "destination": 3, "reb_time": 1}, {"time_stamp": 17, "origin": 1, "destination": 3, "reb_time": 1}, {"time_stamp": 18, "origin": 1, "destination": 3, "reb_time": 1}, {"time_stamp": 19, "origin": 1, "destination": 3, "reb_time": 1}, {"time_stamp": 20, "origin": 1, "destination": 3, "reb_time": 1}, {"time_stamp": 21, "origin": 1, "destination": 3, "reb_time": 1}, {"time_stamp": 22, "origin": 1, "destination": 3, "reb_time": 1}, {"time_stamp": 23, "origin": 1, "destination": 3, "reb_time": 1}, {"time_stamp": 0, "origin": 2, "destination": 0, "reb_time": 1}, {"time_stamp": 1, "origin": 2, "destination": 0, "reb_time": 1}, {"time_stamp": 2, "origin": 2, "destination": 0, "reb_time": 1}, {"time_stamp": 3, "origin": 2, "destination": 0, "reb_time": 1}, {"time_stamp": 4, "origin": 2, "destination": 0, "reb_time": 1}, {"time_stamp": 5, "origin": 2, "destination": 0, "reb_time": 1}, {"time_stamp": 6, "origin": 2, "destination": 0, "reb_time": 1}, {"time_stamp": 7, "origin": 2, "destination": 0, "reb_time": 1}, {"time_stamp": 8, "origin": 2, "destination": 0, "reb_time": 1}, {"time_stamp": 9, "origin": 2, "destination": 0, "reb_time": 1}, {"time_stamp": 10, "origin": 2, "destination": 0, "reb_time": 1}, {"time_stamp": 11, "origin": 2, "destination": 0, "reb_time": 1}, {"time_stamp": 12, "origin": 2, "destination": 0, "reb_time": 1}, {"time_stamp": 13, "origin": 2, "destination": 0, "reb_time": 1}, {"time_stamp": 14, "origin": 2, "destination": 0, "reb_time": 1}, {"time_stamp": 15, "origin": 2, "destination": 0, "reb_time": 1}, {"time_stamp": 16, "origin": 2, "destination": 0, "reb_time": 1}, {"time_stamp": 17, "origin": 2, "destination": 0, "reb_time": 1}, {"time_stamp": 18, "origin": 2, "destination": 0, "reb_time": 1}, {"time_stamp": 19, "origin": 2, "destination": 0, "reb_time": 1}, {"time_stamp": 20, "origin": 2, "destination": 0, "reb_time": 1}, {"time_stamp": 21, "origin": 2, "destination": 0, "reb_time": 1}, {"time_stamp": 22, "origin": 2, "destination": 0, "reb_time": 1}, {"time_stamp": 23, "origin": 2, "destination": 0, "reb_time": 1}, {"time_stamp": 0, "origin": 2, "destination": 1, "reb_time": 1}, {"time_stamp": 1, "origin": 2, "destination": 1, "reb_time": 1}, {"time_stamp": 2, "origin": 2, "destination": 1, "reb_time": 1}, {"time_stamp": 3, "origin": 2, "destination": 1, "reb_time": 1}, {"time_stamp": 4, "origin": 2, "destination": 1, "reb_time": 1}, {"time_stamp": 5, "origin": 2, "destination": 1, "reb_time": 1}, {"time_stamp": 6, "origin": 2, "destination": 1, "reb_time": 1}, {"time_stamp": 7, "origin": 2, "destination": 1, "reb_time": 1}, {"time_stamp": 8, "origin": 2, "destination": 1, "reb_time": 1}, {"time_stamp": 9, "origin": 2, "destination": 1, "reb_time": 1}, {"time_stamp": 10, "origin": 2, "destination": 1, "reb_time": 1}, {"time_stamp": 11, "origin": 2, "destination": 1, "reb_time": 1}, {"time_stamp": 12, "origin": 2, "destination": 1, "reb_time": 1}, {"time_stamp": 13, "origin": 2, "destination": 1, "reb_time": 1}, {"time_stamp": 14, "origin": 2, "destination": 1, "reb_time": 1}, {"time_stamp": 15, "origin": 2, "destination": 1, "reb_time": 1}, {"time_stamp": 16, "origin": 2, "destination": 1, "reb_time": 1}, {"time_stamp": 17, "origin": 2, "destination": 1, "reb_time": 1}, {"time_stamp": 18, "origin": 2, "destination": 1, "reb_time": 1}, {"time_stamp": 19, "origin": 2, "destination": 1, "reb_time": 1}, {"time_stamp": 20, "origin": 2, "destination": 1, "reb_time": 1}, {"time_stamp": 21, "origin": 2, "destination": 1, "reb_time": 1}, {"time_stamp": 22, "origin": 2, "destination": 1, "reb_time": 1}, {"time_stamp": 23, "origin": 2, "destination": 1, "reb_time": 1}, {"time_stamp": 0, "origin": 2, "destination": 2, "reb_time": 1}, {"time_stamp": 1, "origin": 2, "destination": 2, "reb_time": 1}, {"time_stamp": 2, "origin": 2, "destination": 2, "reb_time": 1}, {"time_stamp": 3, "origin": 2, "destination": 2, "reb_time": 1}, {"time_stamp": 4, "origin": 2, "destination": 2, "reb_time": 1}, {"time_stamp": 5, "origin": 2, "destination": 2, "reb_time": 1}, {"time_stamp": 6, "origin": 2, "destination": 2, "reb_time": 1}, {"time_stamp": 7, "origin": 2, "destination": 2, "reb_time": 1}, {"time_stamp": 8, "origin": 2, "destination": 2, "reb_time": 1}, {"time_stamp": 9, "origin": 2, "destination": 2, "reb_time": 1}, {"time_stamp": 10, "origin": 2, "destination": 2, "reb_time": 1}, {"time_stamp": 11, "origin": 2, "destination": 2, "reb_time": 1}, {"time_stamp": 12, "origin": 2, "destination": 2, "reb_time": 1}, {"time_stamp": 13, "origin": 2, "destination": 2, "reb_time": 1}, {"time_stamp": 14, "origin": 2, "destination": 2, "reb_time": 1}, {"time_stamp": 15, "origin": 2, "destination": 2, "reb_time": 1}, {"time_stamp": 16, "origin": 2, "destination": 2, "reb_time": 1}, {"time_stamp": 17, "origin": 2, "destination": 2, "reb_time": 1}, {"time_stamp": 18, "origin": 2, "destination": 2, "reb_time": 1}, {"time_stamp": 19, "origin": 2, "destination": 2, "reb_time": 1}, {"time_stamp": 20, "origin": 2, "destination": 2, "reb_time": 1}, {"time_stamp": 21, "origin": 2, "destination": 2, "reb_time": 1}, {"time_stamp": 22, "origin": 2, "destination": 2, "reb_time": 1}, {"time_stamp": 23, "origin": 2, "destination": 2, "reb_time": 1}, {"time_stamp": 0, "origin": 2, "destination": 3, "reb_time": 1}, {"time_stamp": 1, "origin": 2, "destination": 3, "reb_time": 1}, {"time_stamp": 2, "origin": 2, "destination": 3, "reb_time": 1}, {"time_stamp": 3, "origin": 2, "destination": 3, "reb_time": 1}, {"time_stamp": 4, "origin": 2, "destination": 3, "reb_time": 1}, {"time_stamp": 5, "origin": 2, "destination": 3, "reb_time": 1}, {"time_stamp": 6, "origin": 2, "destination": 3, "reb_time": 1}, {"time_stamp": 7, "origin": 2, "destination": 3, "reb_time": 1}, {"time_stamp": 8, "origin": 2, "destination": 3, "reb_time": 1}, {"time_stamp": 9, "origin": 2, "destination": 3, "reb_time": 1}, {"time_stamp": 10, "origin": 2, "destination": 3, "reb_time": 1}, {"time_stamp": 11, "origin": 2, "destination": 3, "reb_time": 1}, {"time_stamp": 12, "origin": 2, "destination": 3, "reb_time": 1}, {"time_stamp": 13, "origin": 2, "destination": 3, "reb_time": 1}, {"time_stamp": 14, "origin": 2, "destination": 3, "reb_time": 1}, {"time_stamp": 15, "origin": 2, "destination": 3, "reb_time": 1}, {"time_stamp": 16, "origin": 2, "destination": 3, "reb_time": 1}, {"time_stamp": 17, "origin": 2, "destination": 3, "reb_time": 1}, {"time_stamp": 18, "origin": 2, "destination": 3, "reb_time": 1}, {"time_stamp": 19, "origin": 2, "destination": 3, "reb_time": 1}, {"time_stamp": 20, "origin": 2, "destination": 3, "reb_time": 1}, {"time_stamp": 21, "origin": 2, "destination": 3, "reb_time": 1}, {"time_stamp": 22, "origin": 2, "destination": 3, "reb_time": 1}, {"time_stamp": 23, "origin": 2, "destination": 3, "reb_time": 1}, {"time_stamp": 0, "origin": 3, "destination": 0, "reb_time": 1}, {"time_stamp": 1, "origin": 3, "destination": 0, "reb_time": 1}, {"time_stamp": 2, "origin": 3, "destination": 0, "reb_time": 1}, {"time_stamp": 3, "origin": 3, "destination": 0, "reb_time": 1}, {"time_stamp": 4, "origin": 3, "destination": 0, "reb_time": 1}, {"time_stamp": 5, "origin": 3, "destination": 0, "reb_time": 1}, {"time_stamp": 6, "origin": 3, "destination": 0, "reb_time": 1}, {"time_stamp": 7, "origin": 3, "destination": 0, "reb_time": 1}, {"time_stamp": 8, "origin": 3, "destination": 0, "reb_time": 1}, {"time_stamp": 9, "origin": 3, "destination": 0, "reb_time": 1}, {"time_stamp": 10, "origin": 3, "destination": 0, "reb_time": 1}, {"time_stamp": 11, "origin": 3, "destination": 0, "reb_time": 1}, {"time_stamp": 12, "origin": 3, "destination": 0, "reb_time": 1}, {"time_stamp": 13, "origin": 3, "destination": 0, "reb_time": 1}, {"time_stamp": 14, "origin": 3, "destination": 0, "reb_time": 1}, {"time_stamp": 15, "origin": 3, "destination": 0, "reb_time": 1}, {"time_stamp": 16, "origin": 3, "destination": 0, "reb_time": 1}, {"time_stamp": 17, "origin": 3, "destination": 0, "reb_time": 1}, {"time_stamp": 18, "origin": 3, "destination": 0, "reb_time": 1}, {"time_stamp": 19, "origin": 3, "destination": 0, "reb_time": 1}, {"time_stamp": 20, "origin": 3, "destination": 0, "reb_time": 1}, {"time_stamp": 21, "origin": 3, "destination": 0, "reb_time": 1}, {"time_stamp": 22, "origin": 3, "destination": 0, "reb_time": 1}, {"time_stamp": 23, "origin": 3, "destination": 0, "reb_time": 1}, {"time_stamp": 0, "origin": 3, "destination": 1, "reb_time": 1}, {"time_stamp": 1, "origin": 3, "destination": 1, "reb_time": 1}, {"time_stamp": 2, "origin": 3, "destination": 1, "reb_time": 1}, {"time_stamp": 3, "origin": 3, "destination": 1, "reb_time": 1}, {"time_stamp": 4, "origin": 3, "destination": 1, "reb_time": 1}, {"time_stamp": 5, "origin": 3, "destination": 1, "reb_time": 1}, {"time_stamp": 6, "origin": 3, "destination": 1, "reb_time": 1}, {"time_stamp": 7, "origin": 3, "destination": 1, "reb_time": 1}, {"time_stamp": 8, "origin": 3, "destination": 1, "reb_time": 1}, {"time_stamp": 9, "origin": 3, "destination": 1, "reb_time": 1}, {"time_stamp": 10, "origin": 3, "destination": 1, "reb_time": 1}, {"time_stamp": 11, "origin": 3, "destination": 1, "reb_time": 1}, {"time_stamp": 12, "origin": 3, "destination": 1, "reb_time": 1}, {"time_stamp": 13, "origin": 3, "destination": 1, "reb_time": 1}, {"time_stamp": 14, "origin": 3, "destination": 1, "reb_time": 1}, {"time_stamp": 15, "origin": 3, "destination": 1, "reb_time": 1}, {"time_stamp": 16, "origin": 3, "destination": 1, "reb_time": 1}, {"time_stamp": 17, "origin": 3, "destination": 1, "reb_time": 1}, {"time_stamp": 18, "origin": 3, "destination": 1, "reb_time": 1}, {"time_stamp": 19, "origin": 3, "destination": 1, "reb_time": 1}, {"time_stamp": 20, "origin": 3, "destination": 1, "reb_time": 1}, {"time_stamp": 21, "origin": 3, "destination": 1, "reb_time": 1}, {"time_stamp": 22, "origin": 3, "destination": 1, "reb_time": 1}, {"time_stamp": 23, "origin": 3, "destination": 1, "reb_time": 1}, {"time_stamp": 0, "origin": 3, "destination": 2, "reb_time": 1}, {"time_stamp": 1, "origin": 3, "destination": 2, "reb_time": 1}, {"time_stamp": 2, "origin": 3, "destination": 2, "reb_time": 1}, {"time_stamp": 3, "origin": 3, "destination": 2, "reb_time": 1}, {"time_stamp": 4, "origin": 3, "destination": 2, "reb_time": 1}, {"time_stamp": 5, "origin": 3, "destination": 2, "reb_time": 1}, {"time_stamp": 6, "origin": 3, "destination": 2, "reb_time": 1}, {"time_stamp": 7, "origin": 3, "destination": 2, "reb_time": 1}, {"time_stamp": 8, "origin": 3, "destination": 2, "reb_time": 1}, {"time_stamp": 9, "origin": 3, "destination": 2, "reb_time": 1}, {"time_stamp": 10, "origin": 3, "destination": 2, "reb_time": 1}, {"time_stamp": 11, "origin": 3, "destination": 2, "reb_time": 1}, {"time_stamp": 12, "origin": 3, "destination": 2, "reb_time": 1}, {"time_stamp": 13, "origin": 3, "destination": 2, "reb_time": 1}, {"time_stamp": 14, "origin": 3, "destination": 2, "reb_time": 1}, {"time_stamp": 15, "origin": 3, "destination": 2, "reb_time": 1}, {"time_stamp": 16, "origin": 3, "destination": 2, "reb_time": 1}, {"time_stamp": 17, "origin": 3, "destination": 2, "reb_time": 1}, {"time_stamp": 18, "origin": 3, "destination": 2, "reb_time": 1}, {"time_stamp": 19, "origin": 3, "destination": 2, "reb_time": 1}, {"time_stamp": 20, "origin": 3, "destination": 2, "reb_time": 1}, {"time_stamp": 21, "origin": 3, "destination": 2, "reb_time": 1}, {"time_stamp": 22, "origin": 3, "destination": 2, "reb_time": 1}, {"time_stamp": 23, "origin": 3, "destination": 2, "reb_time": 1}, {"time_stamp": 0, "origin": 3, "destination": 3, "reb_time": 1}, {"time_stamp": 1, "origin": 3, "destination": 3, "reb_time": 1}, {"time_stamp": 2, "origin": 3, "destination": 3, "reb_time": 1}, {"time_stamp": 3, "origin": 3, "destination": 3, "reb_time": 1}, {"time_stamp": 4, "origin": 3, "destination": 3, "reb_time": 1}, {"time_stamp": 5, "origin": 3, "destination": 3, "reb_time": 1}, {"time_stamp": 6, "origin": 3, "destination": 3, "reb_time": 1}, {"time_stamp": 7, "origin": 3, "destination": 3, "reb_time": 1}, {"time_stamp": 8, "origin": 3, "destination": 3, "reb_time": 1}, {"time_stamp": 9, "origin": 3, "destination": 3, "reb_time": 1}, {"time_stamp": 10, "origin": 3, "destination": 3, "reb_time": 1}, {"time_stamp": 11, "origin": 3, "destination": 3, "reb_time": 1}, {"time_stamp": 12, "origin": 3, "destination": 3, "reb_time": 1}, {"time_stamp": 13, "origin": 3, "destination": 3, "reb_time": 1}, {"time_stamp": 14, "origin": 3, "destination": 3, "reb_time": 1}, {"time_stamp": 15, "origin": 3, "destination": 3, "reb_time": 1}, {"time_stamp": 16, "origin": 3, "destination": 3, "reb_time": 1}, {"time_stamp": 17, "origin": 3, "destination": 3, "reb_time": 1}, {"time_stamp": 18, "origin": 3, "destination": 3, "reb_time": 1}, {"time_stamp": 19, "origin": 3, "destination": 3, "reb_time": 1}, {"time_stamp": 20, "origin": 3, "destination": 3, "reb_time": 1}, {"time_stamp": 21, "origin": 3, "destination": 3, "reb_time": 1}, {"time_stamp": 22, "origin": 3, "destination": 3, "reb_time": 1}, {"time_stamp": 23, "origin": 3, "destination": 3, "reb_time": 1}], "totalAcc": [{"hour": 0, "acc": 77744}, {"hour": 1, "acc": 77744}, {"hour": 2, "acc": 77744}, {"hour": 3, "acc": 77744}, {"hour": 4, "acc": 77744}, {"hour": 5, "acc": 77744}, {"hour": 6, "acc": 77744}, {"hour": 7, "acc": 77744}, {"hour": 8, "acc": 77744}, {"hour": 9, "acc": 77744}, {"hour": 10, "acc": 77744}, {"hour": 11, "acc": 77744}, {"hour": 12, "acc": 77744}, {"hour": 13, "acc": 77744}, {"hour": 14, "acc": 77744}, {"hour": 15, "acc": 77744}, {"hour": 16, "acc": 77744}, {"hour": 17, "acc": 77744}, {"hour": 18, "acc": 77744}, {"hour": 19, "acc": 77744}, {"hour": 20, "acc": 77744}, {"hour": 21, "acc": 77744}, {"hour": 22, "acc": 77744}, {"hour": 23, "acc": 77744}], "chargelevels": 5, "spacialNodes": 4, "chargeTime": 1, "episodeLength": 24}