{"demand": [{"time_stamp": 0, "origin": 0, "destination": 2, "demand": 25.0, "price": 10.0}, {"time_stamp": 0, "origin": 1, "destination": 2, "demand": 25.0, "price": 10.0}, {"time_stamp": 1, "origin": 0, "destination": 2, "demand": 25.0, "price": 10.0}, {"time_stamp": 1, "origin": 1, "destination": 2, "demand": 25.0, "price": 10.0}, {"time_stamp": 2, "origin": 0, "destination": 2, "demand": 25.0, "price": 10.0}, {"time_stamp": 2, "origin": 1, "destination": 2, "demand": 25.0, "price": 10.0}, {"time_stamp": 3, "origin": 0, "destination": 2, "demand": 25.0, "price": 10.0}, {"time_stamp": 3, "origin": 1, "destination": 2, "demand": 25.0, "price": 10.0}, {"time_stamp": 4, "origin": 0, "destination": 2, "demand": 25.0, "price": 10.0}, {"time_stamp": 4, "origin": 1, "destination": 2, "demand": 25.0, "price": 10.0}, {"time_stamp": 5, "origin": 0, "destination": 2, "demand": 25.0, "price": 10.0}, {"time_stamp": 5, "origin": 1, "destination": 2, "demand": 25.0, "price": 10.0}, {"time_stamp": 6, "origin": 0, "destination": 2, "demand": 25.0, "price": 10.0}, {"time_stamp": 6, "origin": 1, "destination": 2, "demand": 25.0, "price": 10.0}, {"time_stamp": 7, "origin": 0, "destination": 2, "demand": 25.0, "price": 10.0}, {"time_stamp": 7, "origin": 1, "destination": 2, "demand": 25.0, "price": 10.0}, {"time_stamp": 8, "origin": 0, "destination": 2, "demand": 25.0, "price": 10.0}, {"time_stamp": 8, "origin": 1, "destination": 2, "demand": 25.0, "price": 10.0}, {"time_stamp": 9, "origin": 0, "destination": 2, "demand": 25.0, "price": 10.0}, {"time_stamp": 9, "origin": 1, "destination": 2, "demand": 25.0, "price": 10.0}, {"time_stamp": 10, "origin": 0, "destination": 0, "demand": 2.0, "price": 5.0}, {"time_stamp": 10, "origin": 0, "destination": 1, "demand": 2.0, "price": 10.0}, {"time_stamp": 10, "origin": 0, "destination": 2, "demand": 2.0, "price": 10.0}, {"time_stamp": 10, "origin": 1, "destination": 0, "demand": 2.0, "price": 10.0}, {"time_stamp": 10, "origin": 1, "destination": 1, "demand": 2.0, "price": 5.0}, {"time_stamp": 10, "origin": 1, "destination": 2, "demand": 2.0, "price": 10.0}, {"time_stamp": 10, "origin": 2, "destination": 0, "demand": 2.0, "price": 10.0}, {"time_stamp": 10, "origin": 2, "destination": 1, "demand": 2.0, "price": 10.0}, {"time_stamp": 10, "origin": 2, "destination": 2, "demand": 2.0, "price": 5.0}, {"time_stamp": 11, "origin": 0, "destination": 0, "demand": 2.0, "price": 5.0}, {"time_stamp": 11, "origin": 0, "destination": 1, "demand": 2.0, "price": 10.0}, {"time_stamp": 11, "origin": 0, "destination": 2, "demand": 2.0, "price": 10.0}, {"time_stamp": 11, "origin": 1, "destination": 0, "demand": 2.0, "price": 10.0}, {"time_stamp": 11, "origin": 1, "destination": 1, "demand": 2.0, "price": 5.0}, {"time_stamp": 11, "origin": 1, "destination": 2, "demand": 2.0, "price": 10.0}, {"time_stamp": 11, "origin": 2, "destination": 0, "demand": 2.0, "price": 10.0}, {"time_stamp": 11, "origin": 2, "destination": 1, "demand": 2.0, "price": 10.0}, {"time_stamp": 11, "origin": 2, "destination": 2, "demand": 2.0, "price": 5.0}, {"time_stamp": 12, "origin": 0, "destination": 0, "demand": 2.0, "price": 5.0}, {"time_stamp": 12, "origin": 0, "destination": 1, "demand": 2.0, "price": 10.0}, {"time_stamp": 12, "origin": 0, "destination": 2, "demand": 2.0, "price": 10.0}, {"time_stamp": 12, "origin": 1, "destination": 0, "demand": 2.0, "price": 10.0}, {"time_stamp": 12, "origin": 1, "destination": 1, "demand": 2.0, "price": 5.0}, {"time_stamp": 12, "origin": 1, "destination": 2, "demand": 2.0, "price": 10.0}, {"time_stamp": 12, "origin": 2, "destination": 0, "demand": 2.0, "price": 10.0}, {"time_stamp": 12, "origin": 2, "destination": 1, "demand": 2.0, "price": 10.0}, {"time_stamp": 12, "origin": 2, "destination": 2, "demand": 2.0, "price": 5.0}, {"time_stamp": 13, "origin": 0, "destination": 0, "demand": 2.0, "price": 5.0}, {"time_stamp": 13, "origin": 0, "destination": 1, "demand": 2.0, "price": 10.0}, {"time_stamp": 13, "origin": 0, "destination": 2, "demand": 2.0, "price": 10.0}, {"time_stamp": 13, "origin": 1, "destination": 0, "demand": 2.0, "price": 10.0}, {"time_stamp": 13, "origin": 1, "destination": 1, "demand": 2.0, "price": 5.0}, {"time_stamp": 13, "origin": 1, "destination": 2, "demand": 2.0, "price": 10.0}, {"time_stamp": 13, "origin": 2, "destination": 0, "demand": 2.0, "price": 10.0}, {"time_stamp": 13, "origin": 2, "destination": 1, "demand": 2.0, "price": 10.0}, {"time_stamp": 13, "origin": 2, "destination": 2, "demand": 2.0, "price": 5.0}, {"time_stamp": 14, "origin": 0, "destination": 0, "demand": 2.0, "price": 5.0}, {"time_stamp": 14, "origin": 0, "destination": 1, "demand": 2.0, "price": 10.0}, {"time_stamp": 14, "origin": 0, "destination": 2, "demand": 2.0, "price": 10.0}, {"time_stamp": 14, "origin": 1, "destination": 0, "demand": 2.0, "price": 10.0}, {"time_stamp": 14, "origin": 1, "destination": 1, "demand": 2.0, "price": 5.0}, {"time_stamp": 14, "origin": 1, "destination": 2, "demand": 2.0, "price": 10.0}, {"time_stamp": 14, "origin": 2, "destination": 0, "demand": 2.0, "price": 10.0}, {"time_stamp": 14, "origin": 2, "destination": 1, "demand": 2.0, "price": 10.0}, {"time_stamp": 14, "origin": 2, "destination": 2, "demand": 2.0, "price": 5.0}, {"time_stamp": 15, "origin": 0, "destination": 0, "demand": 2.0, "price": 5.0}, {"time_stamp": 15, "origin": 0, "destination": 1, "demand": 2.0, "price": 10.0}, {"time_stamp": 15, "origin": 0, "destination": 2, "demand": 2.0, "price": 10.0}, {"time_stamp": 15, "origin": 1, "destination": 0, "demand": 2.0, "price": 10.0}, {"time_stamp": 15, "origin": 1, "destination": 1, "demand": 2.0, "price": 5.0}, {"time_stamp": 15, "origin": 1, "destination": 2, "demand": 2.0, "price": 10.0}, {"time_stamp": 15, "origin": 2, "destination": 0, "demand": 2.0, "price": 10.0}, {"time_stamp": 15, "origin": 2, "destination": 1, "demand": 2.0, "price": 10.0}, {"time_stamp": 15, "origin": 2, "destination": 2, "demand": 2.0, "price": 5.0}, {"time_stamp": 16, "origin": 0, "destination": 0, "demand": 2.0, "price": 5.0}, {"time_stamp": 16, "origin": 0, "destination": 1, "demand": 2.0, "price": 10.0}, {"time_stamp": 16, "origin": 0, "destination": 2, "demand": 2.0, "price": 10.0}, {"time_stamp": 16, "origin": 1, "destination": 0, "demand": 2.0, "price": 10.0}, {"time_stamp": 16, "origin": 1, "destination": 1, "demand": 2.0, "price": 5.0}, {"time_stamp": 16, "origin": 1, "destination": 2, "demand": 2.0, "price": 10.0}, {"time_stamp": 16, "origin": 2, "destination": 0, "demand": 2.0, "price": 10.0}, {"time_stamp": 16, "origin": 2, "destination": 1, "demand": 2.0, "price": 10.0}, {"time_stamp": 16, "origin": 2, "destination": 2, "demand": 2.0, "price": 5.0}, {"time_stamp": 17, "origin": 0, "destination": 0, "demand": 2.0, "price": 5.0}, {"time_stamp": 17, "origin": 0, "destination": 1, "demand": 2.0, "price": 10.0}, {"time_stamp": 17, "origin": 0, "destination": 2, "demand": 2.0, "price": 10.0}, {"time_stamp": 17, "origin": 1, "destination": 0, "demand": 2.0, "price": 10.0}, {"time_stamp": 17, "origin": 1, "destination": 1, "demand": 2.0, "price": 5.0}, {"time_stamp": 17, "origin": 1, "destination": 2, "demand": 2.0, "price": 10.0}, {"time_stamp": 17, "origin": 2, "destination": 0, "demand": 2.0, "price": 10.0}, {"time_stamp": 17, "origin": 2, "destination": 1, "demand": 2.0, "price": 10.0}, {"time_stamp": 17, "origin": 2, "destination": 2, "demand": 2.0, "price": 5.0}, {"time_stamp": 18, "origin": 0, "destination": 0, "demand": 2.0, "price": 5.0}, {"time_stamp": 18, "origin": 0, "destination": 1, "demand": 2.0, "price": 10.0}, {"time_stamp": 18, "origin": 0, "destination": 2, "demand": 2.0, "price": 10.0}, {"time_stamp": 18, "origin": 1, "destination": 0, "demand": 2.0, "price": 10.0}, {"time_stamp": 18, "origin": 1, "destination": 1, "demand": 2.0, "price": 5.0}, {"time_stamp": 18, "origin": 1, "destination": 2, "demand": 2.0, "price": 10.0}, {"time_stamp": 18, "origin": 2, "destination": 0, "demand": 2.0, "price": 10.0}, {"time_stamp": 18, "origin": 2, "destination": 1, "demand": 2.0, "price": 10.0}, {"time_stamp": 18, "origin": 2, "destination": 2, "demand": 2.0, "price": 5.0}, {"time_stamp": 19, "origin": 0, "destination": 0, "demand": 2.0, "price": 5.0}, {"time_stamp": 19, "origin": 0, "destination": 1, "demand": 2.0, "price": 10.0}, {"time_stamp": 19, "origin": 0, "destination": 2, "demand": 2.0, "price": 10.0}, {"time_stamp": 19, "origin": 1, "destination": 0, "demand": 2.0, "price": 10.0}, {"time_stamp": 19, "origin": 1, "destination": 1, "demand": 2.0, "price": 5.0}, {"time_stamp": 19, "origin": 1, "destination": 2, "demand": 2.0, "price": 10.0}, {"time_stamp": 19, "origin": 2, "destination": 0, "demand": 2.0, "price": 10.0}, {"time_stamp": 19, "origin": 2, "destination": 1, "demand": 2.0, "price": 10.0}, {"time_stamp": 19, "origin": 2, "destination": 2, "demand": 2.0, "price": 5.0}, {"time_stamp": 20, "origin": 2, "destination": 0, "demand": 25.0, "price": 10.0}, {"time_stamp": 20, "origin": 2, "destination": 1, "demand": 25.0, "price": 10.0}, {"time_stamp": 21, "origin": 2, "destination": 0, "demand": 25.0, "price": 10.0}, {"time_stamp": 21, "origin": 2, "destination": 1, "demand": 25.0, "price": 10.0}, {"time_stamp": 22, "origin": 2, "destination": 0, "demand": 25.0, "price": 10.0}, {"time_stamp": 22, "origin": 2, "destination": 1, "demand": 25.0, "price": 10.0}, {"time_stamp": 23, "origin": 2, "destination": 0, "demand": 25.0, "price": 10.0}, {"time_stamp": 23, "origin": 2, "destination": 1, "demand": 25.0, "price": 10.0}, {"time_stamp": 24, "origin": 2, "destination": 0, "demand": 25.0, "price": 10.0}, {"time_stamp": 24, "origin": 2, "destination": 1, "demand": 25.0, "price": 10.0}, {"time_stamp": 25, "origin": 2, "destination": 0, "demand": 25.0, "price": 10.0}, {"time_stamp": 25, "origin": 2, "destination": 1, "demand": 25.0, "price": 10.0}, {"time_stamp": 26, "origin": 2, "destination": 0, "demand": 25.0, "price": 10.0}, {"time_stamp": 26, "origin": 2, "destination": 1, "demand": 25.0, "price": 10.0}, {"time_stamp": 27, "origin": 2, "destination": 0, "demand": 25.0, "price": 10.0}, {"time_stamp": 27, "origin": 2, "destination": 1, "demand": 25.0, "price": 10.0}, {"time_stamp": 28, "origin": 2, "destination": 0, "demand": 25.0, "price": 10.0}, {"time_stamp": 28, "origin": 2, "destination": 1, "demand": 25.0, "price": 10.0}, {"time_stamp": 29, "origin": 2, "destination": 0, "demand": 25.0, "price": 10.0}, {"time_stamp": 29, "origin": 2, "destination": 1, "demand": 25.0, "price": 10.0}], "rebTime": [{"time_stamp": 0, "origin": 0, "destination": 1, "reb_time": 2.0}, {"time_stamp": 0, "origin": 0, "destination": 2, "reb_time": 2.0}, {"time_stamp": 0, "origin": 0, "destination": 0, "reb_time": 1.0}, {"time_stamp": 0, "origin": 1, "destination": 0, "reb_time": 2.0}, {"time_stamp": 0, "origin": 1, "destination": 2, "reb_time": 2.0}, {"time_stamp": 0, "origin": 1, "destination": 1, "reb_time": 1.0}, {"time_stamp": 0, "origin": 2, "destination": 1, "reb_time": 2.0}, {"time_stamp": 0, "origin": 2, "destination": 0, "reb_time": 2.0}, {"time_stamp": 0, "origin": 2, "destination": 2, "reb_time": 1.0}, {"time_stamp": 1, "origin": 0, "destination": 1, "reb_time": 2.0}, {"time_stamp": 1, "origin": 0, "destination": 2, "reb_time": 2.0}, {"time_stamp": 1, "origin": 0, "destination": 0, "reb_time": 1.0}, {"time_stamp": 1, "origin": 1, "destination": 0, "reb_time": 2.0}, {"time_stamp": 1, "origin": 1, "destination": 2, "reb_time": 2.0}, {"time_stamp": 1, "origin": 1, "destination": 1, "reb_time": 1.0}, {"time_stamp": 1, "origin": 2, "destination": 1, "reb_time": 2.0}, {"time_stamp": 1, "origin": 2, "destination": 0, "reb_time": 2.0}, {"time_stamp": 1, "origin": 2, "destination": 2, "reb_time": 1.0}, {"time_stamp": 2, "origin": 0, "destination": 1, "reb_time": 2.0}, {"time_stamp": 2, "origin": 0, "destination": 2, "reb_time": 2.0}, {"time_stamp": 2, "origin": 0, "destination": 0, "reb_time": 1.0}, {"time_stamp": 2, "origin": 1, "destination": 0, "reb_time": 2.0}, {"time_stamp": 2, "origin": 1, "destination": 2, "reb_time": 2.0}, {"time_stamp": 2, "origin": 1, "destination": 1, "reb_time": 1.0}, {"time_stamp": 2, "origin": 2, "destination": 1, "reb_time": 2.0}, {"time_stamp": 2, "origin": 2, "destination": 0, "reb_time": 2.0}, {"time_stamp": 2, "origin": 2, "destination": 2, "reb_time": 1.0}, {"time_stamp": 3, "origin": 0, "destination": 1, "reb_time": 2.0}, {"time_stamp": 3, "origin": 0, "destination": 2, "reb_time": 2.0}, {"time_stamp": 3, "origin": 0, "destination": 0, "reb_time": 1.0}, {"time_stamp": 3, "origin": 1, "destination": 0, "reb_time": 2.0}, {"time_stamp": 3, "origin": 1, "destination": 2, "reb_time": 2.0}, {"time_stamp": 3, "origin": 1, "destination": 1, "reb_time": 1.0}, {"time_stamp": 3, "origin": 2, "destination": 1, "reb_time": 2.0}, {"time_stamp": 3, "origin": 2, "destination": 0, "reb_time": 2.0}, {"time_stamp": 3, "origin": 2, "destination": 2, "reb_time": 1.0}, {"time_stamp": 4, "origin": 0, "destination": 1, "reb_time": 2.0}, {"time_stamp": 4, "origin": 0, "destination": 2, "reb_time": 2.0}, {"time_stamp": 4, "origin": 0, "destination": 0, "reb_time": 1.0}, {"time_stamp": 4, "origin": 1, "destination": 0, "reb_time": 2.0}, {"time_stamp": 4, "origin": 1, "destination": 2, "reb_time": 2.0}, {"time_stamp": 4, "origin": 1, "destination": 1, "reb_time": 1.0}, {"time_stamp": 4, "origin": 2, "destination": 1, "reb_time": 2.0}, {"time_stamp": 4, "origin": 2, "destination": 0, "reb_time": 2.0}, {"time_stamp": 4, "origin": 2, "destination": 2, "reb_time": 1.0}, {"time_stamp": 5, "origin": 0, "destination": 1, "reb_time": 2.0}, {"time_stamp": 5, "origin": 0, "destination": 2, "reb_time": 2.0}, {"time_stamp": 5, "origin": 0, "destination": 0, "reb_time": 1.0}, {"time_stamp": 5, "origin": 1, "destination": 0, "reb_time": 2.0}, {"time_stamp": 5, "origin": 1, "destination": 2, "reb_time": 2.0}, {"time_stamp": 5, "origin": 1, "destination": 1, "reb_time": 1.0}, {"time_stamp": 5, "origin": 2, "destination": 1, "reb_time": 2.0}, {"time_stamp": 5, "origin": 2, "destination": 0, "reb_time": 2.0}, {"time_stamp": 5, "origin": 2, "destination": 2, "reb_time": 1.0}, {"time_stamp": 6, "origin": 0, "destination": 1, "reb_time": 2.0}, {"time_stamp": 6, "origin": 0, "destination": 2, "reb_time": 2.0}, {"time_stamp": 6, "origin": 0, "destination": 0, "reb_time": 1.0}, {"time_stamp": 6, "origin": 1, "destination": 0, "reb_time": 2.0}, {"time_stamp": 6, "origin": 1, "destination": 2, "reb_time": 2.0}, {"time_stamp": 6, "origin": 1, "destination": 1, "reb_time": 1.0}, {"time_stamp": 6, "origin": 2, "destination": 1, "reb_time": 2.0}, {"time_stamp": 6, "origin": 2, "destination": 0, "reb_time": 2.0}, {"time_stamp": 6, "origin": 2, "destination": 2, "reb_time": 1.0}, {"time_stamp": 7, "origin": 0, "destination": 1, "reb_time": 2.0}, {"time_stamp": 7, "origin": 0, "destination": 2, "reb_time": 2.0}, {"time_stamp": 7, "origin": 0, "destination": 0, "reb_time": 1.0}, {"time_stamp": 7, "origin": 1, "destination": 0, "reb_time": 2.0}, {"time_stamp": 7, "origin": 1, "destination": 2, "reb_time": 2.0}, {"time_stamp": 7, "origin": 1, "destination": 1, "reb_time": 1.0}, {"time_stamp": 7, "origin": 2, "destination": 1, "reb_time": 2.0}, {"time_stamp": 7, "origin": 2, "destination": 0, "reb_time": 2.0}, {"time_stamp": 7, "origin": 2, "destination": 2, "reb_time": 1.0}, {"time_stamp": 8, "origin": 0, "destination": 1, "reb_time": 2.0}, {"time_stamp": 8, "origin": 0, "destination": 2, "reb_time": 2.0}, {"time_stamp": 8, "origin": 0, "destination": 0, "reb_time": 1.0}, {"time_stamp": 8, "origin": 1, "destination": 0, "reb_time": 2.0}, {"time_stamp": 8, "origin": 1, "destination": 2, "reb_time": 2.0}, {"time_stamp": 8, "origin": 1, "destination": 1, "reb_time": 1.0}, {"time_stamp": 8, "origin": 2, "destination": 1, "reb_time": 2.0}, {"time_stamp": 8, "origin": 2, "destination": 0, "reb_time": 2.0}, {"time_stamp": 8, "origin": 2, "destination": 2, "reb_time": 1.0}, {"time_stamp": 9, "origin": 0, "destination": 1, "reb_time": 2.0}, {"time_stamp": 9, "origin": 0, "destination": 2, "reb_time": 2.0}, {"time_stamp": 9, "origin": 0, "destination": 0, "reb_time": 1.0}, {"time_stamp": 9, "origin": 1, "destination": 0, "reb_time": 2.0}, {"time_stamp": 9, "origin": 1, "destination": 2, "reb_time": 2.0}, {"time_stamp": 9, "origin": 1, "destination": 1, "reb_time": 1.0}, {"time_stamp": 9, "origin": 2, "destination": 1, "reb_time": 2.0}, {"time_stamp": 9, "origin": 2, "destination": 0, "reb_time": 2.0}, {"time_stamp": 9, "origin": 2, "destination": 2, "reb_time": 1.0}, {"time_stamp": 10, "origin": 0, "destination": 1, "reb_time": 2.0}, {"time_stamp": 10, "origin": 0, "destination": 2, "reb_time": 2.0}, {"time_stamp": 10, "origin": 0, "destination": 0, "reb_time": 1.0}, {"time_stamp": 10, "origin": 1, "destination": 0, "reb_time": 2.0}, {"time_stamp": 10, "origin": 1, "destination": 2, "reb_time": 2.0}, {"time_stamp": 10, "origin": 1, "destination": 1, "reb_time": 1.0}, {"time_stamp": 10, "origin": 2, "destination": 1, "reb_time": 2.0}, {"time_stamp": 10, "origin": 2, "destination": 0, "reb_time": 2.0}, {"time_stamp": 10, "origin": 2, "destination": 2, "reb_time": 1.0}, {"time_stamp": 11, "origin": 0, "destination": 1, "reb_time": 2.0}, {"time_stamp": 11, "origin": 0, "destination": 2, "reb_time": 2.0}, {"time_stamp": 11, "origin": 0, "destination": 0, "reb_time": 1.0}, {"time_stamp": 11, "origin": 1, "destination": 0, "reb_time": 2.0}, {"time_stamp": 11, "origin": 1, "destination": 2, "reb_time": 2.0}, {"time_stamp": 11, "origin": 1, "destination": 1, "reb_time": 1.0}, {"time_stamp": 11, "origin": 2, "destination": 1, "reb_time": 2.0}, {"time_stamp": 11, "origin": 2, "destination": 0, "reb_time": 2.0}, {"time_stamp": 11, "origin": 2, "destination": 2, "reb_time": 1.0}, {"time_stamp": 12, "origin": 0, "destination": 1, "reb_time": 2.0}, {"time_stamp": 12, "origin": 0, "destination": 2, "reb_time": 2.0}, {"time_stamp": 12, "origin": 0, "destination": 0, "reb_time": 1.0}, {"time_stamp": 12, "origin": 1, "destination": 0, "reb_time": 2.0}, {"time_stamp": 12, "origin": 1, "destination": 2, "reb_time": 2.0}, {"time_stamp": 12, "origin": 1, "destination": 1, "reb_time": 1.0}, {"time_stamp": 12, "origin": 2, "destination": 1, "reb_time": 2.0}, {"time_stamp": 12, "origin": 2, "destination": 0, "reb_time": 2.0}, {"time_stamp": 12, "origin": 2, "destination": 2, "reb_time": 1.0}, {"time_stamp": 13, "origin": 0, "destination": 1, "reb_time": 2.0}, {"time_stamp": 13, "origin": 0, "destination": 2, "reb_time": 2.0}, {"time_stamp": 13, "origin": 0, "destination": 0, "reb_time": 1.0}, {"time_stamp": 13, "origin": 1, "destination": 0, "reb_time": 2.0}, {"time_stamp": 13, "origin": 1, "destination": 2, "reb_time": 2.0}, {"time_stamp": 13, "origin": 1, "destination": 1, "reb_time": 1.0}, {"time_stamp": 13, "origin": 2, "destination": 1, "reb_time": 2.0}, {"time_stamp": 13, "origin": 2, "destination": 0, "reb_time": 2.0}, {"time_stamp": 13, "origin": 2, "destination": 2, "reb_time": 1.0}, {"time_stamp": 14, "origin": 0, "destination": 1, "reb_time": 2.0}, {"time_stamp": 14, "origin": 0, "destination": 2, "reb_time": 2.0}, {"time_stamp": 14, "origin": 0, "destination": 0, "reb_time": 1.0}, {"time_stamp": 14, "origin": 1, "destination": 0, "reb_time": 2.0}, {"time_stamp": 14, "origin": 1, "destination": 2, "reb_time": 2.0}, {"time_stamp": 14, "origin": 1, "destination": 1, "reb_time": 1.0}, {"time_stamp": 14, "origin": 2, "destination": 1, "reb_time": 2.0}, {"time_stamp": 14, "origin": 2, "destination": 0, "reb_time": 2.0}, {"time_stamp": 14, "origin": 2, "destination": 2, "reb_time": 1.0}, {"time_stamp": 15, "origin": 0, "destination": 1, "reb_time": 2.0}, {"time_stamp": 15, "origin": 0, "destination": 2, "reb_time": 2.0}, {"time_stamp": 15, "origin": 0, "destination": 0, "reb_time": 1.0}, {"time_stamp": 15, "origin": 1, "destination": 0, "reb_time": 2.0}, {"time_stamp": 15, "origin": 1, "destination": 2, "reb_time": 2.0}, {"time_stamp": 15, "origin": 1, "destination": 1, "reb_time": 1.0}, {"time_stamp": 15, "origin": 2, "destination": 1, "reb_time": 2.0}, {"time_stamp": 15, "origin": 2, "destination": 0, "reb_time": 2.0}, {"time_stamp": 15, "origin": 2, "destination": 2, "reb_time": 1.0}, {"time_stamp": 16, "origin": 0, "destination": 1, "reb_time": 2.0}, {"time_stamp": 16, "origin": 0, "destination": 2, "reb_time": 2.0}, {"time_stamp": 16, "origin": 0, "destination": 0, "reb_time": 1.0}, {"time_stamp": 16, "origin": 1, "destination": 0, "reb_time": 2.0}, {"time_stamp": 16, "origin": 1, "destination": 2, "reb_time": 2.0}, {"time_stamp": 16, "origin": 1, "destination": 1, "reb_time": 1.0}, {"time_stamp": 16, "origin": 2, "destination": 1, "reb_time": 2.0}, {"time_stamp": 16, "origin": 2, "destination": 0, "reb_time": 2.0}, {"time_stamp": 16, "origin": 2, "destination": 2, "reb_time": 1.0}, {"time_stamp": 17, "origin": 0, "destination": 1, "reb_time": 2.0}, {"time_stamp": 17, "origin": 0, "destination": 2, "reb_time": 2.0}, {"time_stamp": 17, "origin": 0, "destination": 0, "reb_time": 1.0}, {"time_stamp": 17, "origin": 1, "destination": 0, "reb_time": 2.0}, {"time_stamp": 17, "origin": 1, "destination": 2, "reb_time": 2.0}, {"time_stamp": 17, "origin": 1, "destination": 1, "reb_time": 1.0}, {"time_stamp": 17, "origin": 2, "destination": 1, "reb_time": 2.0}, {"time_stamp": 17, "origin": 2, "destination": 0, "reb_time": 2.0}, {"time_stamp": 17, "origin": 2, "destination": 2, "reb_time": 1.0}, {"time_stamp": 18, "origin": 0, "destination": 1, "reb_time": 2.0}, {"time_stamp": 18, "origin": 0, "destination": 2, "reb_time": 2.0}, {"time_stamp": 18, "origin": 0, "destination": 0, "reb_time": 1.0}, {"time_stamp": 18, "origin": 1, "destination": 0, "reb_time": 2.0}, {"time_stamp": 18, "origin": 1, "destination": 2, "reb_time": 2.0}, {"time_stamp": 18, "origin": 1, "destination": 1, "reb_time": 1.0}, {"time_stamp": 18, "origin": 2, "destination": 1, "reb_time": 2.0}, {"time_stamp": 18, "origin": 2, "destination": 0, "reb_time": 2.0}, {"time_stamp": 18, "origin": 2, "destination": 2, "reb_time": 1.0}, {"time_stamp": 19, "origin": 0, "destination": 1, "reb_time": 2.0}, {"time_stamp": 19, "origin": 0, "destination": 2, "reb_time": 2.0}, {"time_stamp": 19, "origin": 0, "destination": 0, "reb_time": 1.0}, {"time_stamp": 19, "origin": 1, "destination": 0, "reb_time": 2.0}, {"time_stamp": 19, "origin": 1, "destination": 2, "reb_time": 2.0}, {"time_stamp": 19, "origin": 1, "destination": 1, "reb_time": 1.0}, {"time_stamp": 19, "origin": 2, "destination": 1, "reb_time": 2.0}, {"time_stamp": 19, "origin": 2, "destination": 0, "reb_time": 2.0}, {"time_stamp": 19, "origin": 2, "destination": 2, "reb_time": 1.0}, {"time_stamp": 20, "origin": 0, "destination": 1, "reb_time": 2.0}, {"time_stamp": 20, "origin": 0, "destination": 2, "reb_time": 2.0}, {"time_stamp": 20, "origin": 0, "destination": 0, "reb_time": 1.0}, {"time_stamp": 20, "origin": 1, "destination": 0, "reb_time": 2.0}, {"time_stamp": 20, "origin": 1, "destination": 2, "reb_time": 2.0}, {"time_stamp": 20, "origin": 1, "destination": 1, "reb_time": 1.0}, {"time_stamp": 20, "origin": 2, "destination": 1, "reb_time": 2.0}, {"time_stamp": 20, "origin": 2, "destination": 0, "reb_time": 2.0}, {"time_stamp": 20, "origin": 2, "destination": 2, "reb_time": 1.0}, {"time_stamp": 21, "origin": 0, "destination": 1, "reb_time": 2.0}, {"time_stamp": 21, "origin": 0, "destination": 2, "reb_time": 2.0}, {"time_stamp": 21, "origin": 0, "destination": 0, "reb_time": 1.0}, {"time_stamp": 21, "origin": 1, "destination": 0, "reb_time": 2.0}, {"time_stamp": 21, "origin": 1, "destination": 2, "reb_time": 2.0}, {"time_stamp": 21, "origin": 1, "destination": 1, "reb_time": 1.0}, {"time_stamp": 21, "origin": 2, "destination": 1, "reb_time": 2.0}, {"time_stamp": 21, "origin": 2, "destination": 0, "reb_time": 2.0}, {"time_stamp": 21, "origin": 2, "destination": 2, "reb_time": 1.0}, {"time_stamp": 22, "origin": 0, "destination": 1, "reb_time": 2.0}, {"time_stamp": 22, "origin": 0, "destination": 2, "reb_time": 2.0}, {"time_stamp": 22, "origin": 0, "destination": 0, "reb_time": 1.0}, {"time_stamp": 22, "origin": 1, "destination": 0, "reb_time": 2.0}, {"time_stamp": 22, "origin": 1, "destination": 2, "reb_time": 2.0}, {"time_stamp": 22, "origin": 1, "destination": 1, "reb_time": 1.0}, {"time_stamp": 22, "origin": 2, "destination": 1, "reb_time": 2.0}, {"time_stamp": 22, "origin": 2, "destination": 0, "reb_time": 2.0}, {"time_stamp": 22, "origin": 2, "destination": 2, "reb_time": 1.0}, {"time_stamp": 23, "origin": 0, "destination": 1, "reb_time": 2.0}, {"time_stamp": 23, "origin": 0, "destination": 2, "reb_time": 2.0}, {"time_stamp": 23, "origin": 0, "destination": 0, "reb_time": 1.0}, {"time_stamp": 23, "origin": 1, "destination": 0, "reb_time": 2.0}, {"time_stamp": 23, "origin": 1, "destination": 2, "reb_time": 2.0}, {"time_stamp": 23, "origin": 1, "destination": 1, "reb_time": 1.0}, {"time_stamp": 23, "origin": 2, "destination": 1, "reb_time": 2.0}, {"time_stamp": 23, "origin": 2, "destination": 0, "reb_time": 2.0}, {"time_stamp": 23, "origin": 2, "destination": 2, "reb_time": 1.0}, {"time_stamp": 24, "origin": 0, "destination": 1, "reb_time": 2.0}, {"time_stamp": 24, "origin": 0, "destination": 2, "reb_time": 2.0}, {"time_stamp": 24, "origin": 0, "destination": 0, "reb_time": 1.0}, {"time_stamp": 24, "origin": 1, "destination": 0, "reb_time": 2.0}, {"time_stamp": 24, "origin": 1, "destination": 2, "reb_time": 2.0}, {"time_stamp": 24, "origin": 1, "destination": 1, "reb_time": 1.0}, {"time_stamp": 24, "origin": 2, "destination": 1, "reb_time": 2.0}, {"time_stamp": 24, "origin": 2, "destination": 0, "reb_time": 2.0}, {"time_stamp": 24, "origin": 2, "destination": 2, "reb_time": 1.0}, {"time_stamp": 25, "origin": 0, "destination": 1, "reb_time": 2.0}, {"time_stamp": 25, "origin": 0, "destination": 2, "reb_time": 2.0}, {"time_stamp": 25, "origin": 0, "destination": 0, "reb_time": 1.0}, {"time_stamp": 25, "origin": 1, "destination": 0, "reb_time": 2.0}, {"time_stamp": 25, "origin": 1, "destination": 2, "reb_time": 2.0}, {"time_stamp": 25, "origin": 1, "destination": 1, "reb_time": 1.0}, {"time_stamp": 25, "origin": 2, "destination": 1, "reb_time": 2.0}, {"time_stamp": 25, "origin": 2, "destination": 0, "reb_time": 2.0}, {"time_stamp": 25, "origin": 2, "destination": 2, "reb_time": 1.0}, {"time_stamp": 26, "origin": 0, "destination": 1, "reb_time": 2.0}, {"time_stamp": 26, "origin": 0, "destination": 2, "reb_time": 2.0}, {"time_stamp": 26, "origin": 0, "destination": 0, "reb_time": 1.0}, {"time_stamp": 26, "origin": 1, "destination": 0, "reb_time": 2.0}, {"time_stamp": 26, "origin": 1, "destination": 2, "reb_time": 2.0}, {"time_stamp": 26, "origin": 1, "destination": 1, "reb_time": 1.0}, {"time_stamp": 26, "origin": 2, "destination": 1, "reb_time": 2.0}, {"time_stamp": 26, "origin": 2, "destination": 0, "reb_time": 2.0}, {"time_stamp": 26, "origin": 2, "destination": 2, "reb_time": 1.0}, {"time_stamp": 27, "origin": 0, "destination": 1, "reb_time": 2.0}, {"time_stamp": 27, "origin": 0, "destination": 2, "reb_time": 2.0}, {"time_stamp": 27, "origin": 0, "destination": 0, "reb_time": 1.0}, {"time_stamp": 27, "origin": 1, "destination": 0, "reb_time": 2.0}, {"time_stamp": 27, "origin": 1, "destination": 2, "reb_time": 2.0}, {"time_stamp": 27, "origin": 1, "destination": 1, "reb_time": 1.0}, {"time_stamp": 27, "origin": 2, "destination": 1, "reb_time": 2.0}, {"time_stamp": 27, "origin": 2, "destination": 0, "reb_time": 2.0}, {"time_stamp": 27, "origin": 2, "destination": 2, "reb_time": 1.0}, {"time_stamp": 28, "origin": 0, "destination": 1, "reb_time": 2.0}, {"time_stamp": 28, "origin": 0, "destination": 2, "reb_time": 2.0}, {"time_stamp": 28, "origin": 0, "destination": 0, "reb_time": 1.0}, {"time_stamp": 28, "origin": 1, "destination": 0, "reb_time": 2.0}, {"time_stamp": 28, "origin": 1, "destination": 2, "reb_time": 2.0}, {"time_stamp": 28, "origin": 1, "destination": 1, "reb_time": 1.0}, {"time_stamp": 28, "origin": 2, "destination": 1, "reb_time": 2.0}, {"time_stamp": 28, "origin": 2, "destination": 0, "reb_time": 2.0}, {"time_stamp": 28, "origin": 2, "destination": 2, "reb_time": 1.0}, {"time_stamp": 29, "origin": 0, "destination": 1, "reb_time": 2.0}, {"time_stamp": 29, "origin": 0, "destination": 2, "reb_time": 2.0}, {"time_stamp": 29, "origin": 0, "destination": 0, "reb_time": 1.0}, {"time_stamp": 29, "origin": 1, "destination": 0, "reb_time": 2.0}, {"time_stamp": 29, "origin": 1, "destination": 2, "reb_time": 2.0}, {"time_stamp": 29, "origin": 1, "destination": 1, "reb_time": 1.0}, {"time_stamp": 29, "origin": 2, "destination": 1, "reb_time": 2.0}, {"time_stamp": 29, "origin": 2, "destination": 0, "reb_time": 2.0}, {"time_stamp": 29, "origin": 2, "destination": 2, "reb_time": 1.0}], "totalAcc": [{"hour": 0, "acc": 210}, {"hour": 1, "acc": 210}, {"hour": 2, "acc": 210}, {"hour": 3, "acc": 210}, {"hour": 4, "acc": 210}, {"hour": 5, "acc": 210}, {"hour": 6, "acc": 210}, {"hour": 7, "acc": 210}, {"hour": 8, "acc": 210}, {"hour": 9, "acc": 210}, {"hour": 10, "acc": 210}, {"hour": 11, "acc": 210}, {"hour": 12, "acc": 210}, {"hour": 13, "acc": 210}, {"hour": 14, "acc": 210}, {"hour": 15, "acc": 210}, {"hour": 16, "acc": 210}, {"hour": 17, "acc": 210}, {"hour": 18, "acc": 210}, {"hour": 19, "acc": 210}, {"hour": 20, "acc": 210}, {"hour": 21, "acc": 210}, {"hour": 22, "acc": 210}, {"hour": 23, "acc": 210}, {"hour": 24, "acc": 210}, {"hour": 25, "acc": 210}, {"hour": 26, "acc": 210}, {"hour": 27, "acc": 210}, {"hour": 28, "acc": 210}, {"hour": 29, "acc": 210}], "chargelevels": 30, "spatialNodes": 3, "chargeTime": 1, "episodeLength": 30, "timeGranularity": 1, "carsPerStationCapacity": [10000.0, 10000.0, 10000.0], "energy_prices": [0.5, 0.5, 0.5, 0.5, 0.5, 0.5, 0.5, 0.5, 0.5, 0.5, 0.5, 0.5, 0.5, 0.5, 0.5, 0.5, 0.5, 0.5, 0.5, 0.5, 0.5, 0.5, 0.5, 0.5, 0.5, 0.5, 0.5, 0.5, 0.5, 0.5], "chargeLevelsPerChargeStep": 15, "chargeLocations": [true, true, true], "operationalCostPerTimestep": 0.5}