{"demand": [{"time_stamp": 0, "origin": 0, "destination": 1, "demand": 100.0, "price": 10.0}, {"time_stamp": 1, "origin": 0, "destination": 1, "demand": 100.0, "price": 10.0}, {"time_stamp": 2, "origin": 0, "destination": 1, "demand": 100.0, "price": 10.0}, {"time_stamp": 3, "origin": 0, "destination": 1, "demand": 100.0, "price": 10.0}, {"time_stamp": 4, "origin": 0, "destination": 1, "demand": 100.0, "price": 10.0}, {"time_stamp": 5, "origin": 0, "destination": 1, "demand": 100.0, "price": 10.0}, {"time_stamp": 6, "origin": 0, "destination": 1, "demand": 100.0, "price": 10.0}, {"time_stamp": 7, "origin": 0, "destination": 1, "demand": 100.0, "price": 10.0}, {"time_stamp": 8, "origin": 0, "destination": 1, "demand": 100.0, "price": 10.0}, {"time_stamp": 9, "origin": 0, "destination": 1, "demand": 100.0, "price": 10.0}, {"time_stamp": 10, "origin": 0, "destination": 1, "demand": 100.0, "price": 10.0}, {"time_stamp": 11, "origin": 0, "destination": 1, "demand": 100.0, "price": 10.0}, {"time_stamp": 12, "origin": 0, "destination": 1, "demand": 100.0, "price": 10.0}, {"time_stamp": 13, "origin": 0, "destination": 1, "demand": 100.0, "price": 10.0}, {"time_stamp": 14, "origin": 0, "destination": 1, "demand": 100.0, "price": 10.0}, {"time_stamp": 15, "origin": 0, "destination": 1, "demand": 100.0, "price": 10.0}, {"time_stamp": 16, "origin": 0, "destination": 1, "demand": 100.0, "price": 10.0}, {"time_stamp": 17, "origin": 0, "destination": 1, "demand": 100.0, "price": 10.0}, {"time_stamp": 18, "origin": 0, "destination": 1, "demand": 100.0, "price": 10.0}, {"time_stamp": 19, "origin": 0, "destination": 1, "demand": 100.0, "price": 10.0}, {"time_stamp": 20, "origin": 0, "destination": 1, "demand": 100.0, "price": 10.0}, {"time_stamp": 21, "origin": 0, "destination": 1, "demand": 100.0, "price": 10.0}, {"time_stamp": 22, "origin": 0, "destination": 1, "demand": 100.0, "price": 10.0}, {"time_stamp": 23, "origin": 0, "destination": 1, "demand": 100.0, "price": 10.0}, {"time_stamp": 24, "origin": 0, "destination": 1, "demand": 100.0, "price": 10.0}, {"time_stamp": 25, "origin": 0, "destination": 1, "demand": 100.0, "price": 10.0}, {"time_stamp": 26, "origin": 0, "destination": 1, "demand": 100.0, "price": 10.0}, {"time_stamp": 27, "origin": 0, "destination": 1, "demand": 100.0, "price": 10.0}, {"time_stamp": 28, "origin": 0, "destination": 1, "demand": 100.0, "price": 10.0}, {"time_stamp": 29, "origin": 0, "destination": 1, "demand": 100.0, "price": 10.0}], "rebTime": [{"time_stamp": 0, "origin": 0, "destination": 1, "reb_time": 1.0}, {"time_stamp": 0, "origin": 1, "destination": 0, "reb_time": 1.0}, {"time_stamp": 0, "origin": 0, "destination": 0, "reb_time": 0.0}, {"time_stamp": 0, "origin": 1, "destination": 1, "reb_time": 0.0}, {"time_stamp": 1, "origin": 0, "destination": 1, "reb_time": 1.0}, {"time_stamp": 1, "origin": 1, "destination": 0, "reb_time": 1.0}, {"time_stamp": 1, "origin": 0, "destination": 0, "reb_time": 0.0}, {"time_stamp": 1, "origin": 1, "destination": 1, "reb_time": 0.0}, {"time_stamp": 2, "origin": 0, "destination": 1, "reb_time": 1.0}, {"time_stamp": 2, "origin": 1, "destination": 0, "reb_time": 1.0}, {"time_stamp": 2, "origin": 0, "destination": 0, "reb_time": 0.0}, {"time_stamp": 2, "origin": 1, "destination": 1, "reb_time": 0.0}, {"time_stamp": 3, "origin": 0, "destination": 1, "reb_time": 1.0}, {"time_stamp": 3, "origin": 1, "destination": 0, "reb_time": 1.0}, {"time_stamp": 3, "origin": 0, "destination": 0, "reb_time": 0.0}, {"time_stamp": 3, "origin": 1, "destination": 1, "reb_time": 0.0}, {"time_stamp": 4, "origin": 0, "destination": 1, "reb_time": 1.0}, {"time_stamp": 4, "origin": 1, "destination": 0, "reb_time": 1.0}, {"time_stamp": 4, "origin": 0, "destination": 0, "reb_time": 0.0}, {"time_stamp": 4, "origin": 1, "destination": 1, "reb_time": 0.0}, {"time_stamp": 5, "origin": 0, "destination": 1, "reb_time": 1.0}, {"time_stamp": 5, "origin": 1, "destination": 0, "reb_time": 1.0}, {"time_stamp": 5, "origin": 0, "destination": 0, "reb_time": 0.0}, {"time_stamp": 5, "origin": 1, "destination": 1, "reb_time": 0.0}, {"time_stamp": 6, "origin": 0, "destination": 1, "reb_time": 1.0}, {"time_stamp": 6, "origin": 1, "destination": 0, "reb_time": 1.0}, {"time_stamp": 6, "origin": 0, "destination": 0, "reb_time": 0.0}, {"time_stamp": 6, "origin": 1, "destination": 1, "reb_time": 0.0}, {"time_stamp": 7, "origin": 0, "destination": 1, "reb_time": 1.0}, {"time_stamp": 7, "origin": 1, "destination": 0, "reb_time": 1.0}, {"time_stamp": 7, "origin": 0, "destination": 0, "reb_time": 0.0}, {"time_stamp": 7, "origin": 1, "destination": 1, "reb_time": 0.0}, {"time_stamp": 8, "origin": 0, "destination": 1, "reb_time": 1.0}, {"time_stamp": 8, "origin": 1, "destination": 0, "reb_time": 1.0}, {"time_stamp": 8, "origin": 0, "destination": 0, "reb_time": 0.0}, {"time_stamp": 8, "origin": 1, "destination": 1, "reb_time": 0.0}, {"time_stamp": 9, "origin": 0, "destination": 1, "reb_time": 1.0}, {"time_stamp": 9, "origin": 1, "destination": 0, "reb_time": 1.0}, {"time_stamp": 9, "origin": 0, "destination": 0, "reb_time": 0.0}, {"time_stamp": 9, "origin": 1, "destination": 1, "reb_time": 0.0}, {"time_stamp": 10, "origin": 0, "destination": 1, "reb_time": 1.0}, {"time_stamp": 10, "origin": 1, "destination": 0, "reb_time": 1.0}, {"time_stamp": 10, "origin": 0, "destination": 0, "reb_time": 0.0}, {"time_stamp": 10, "origin": 1, "destination": 1, "reb_time": 0.0}, {"time_stamp": 11, "origin": 0, "destination": 1, "reb_time": 1.0}, {"time_stamp": 11, "origin": 1, "destination": 0, "reb_time": 1.0}, {"time_stamp": 11, "origin": 0, "destination": 0, "reb_time": 0.0}, {"time_stamp": 11, "origin": 1, "destination": 1, "reb_time": 0.0}, {"time_stamp": 12, "origin": 0, "destination": 1, "reb_time": 1.0}, {"time_stamp": 12, "origin": 1, "destination": 0, "reb_time": 1.0}, {"time_stamp": 12, "origin": 0, "destination": 0, "reb_time": 0.0}, {"time_stamp": 12, "origin": 1, "destination": 1, "reb_time": 0.0}, {"time_stamp": 13, "origin": 0, "destination": 1, "reb_time": 1.0}, {"time_stamp": 13, "origin": 1, "destination": 0, "reb_time": 1.0}, {"time_stamp": 13, "origin": 0, "destination": 0, "reb_time": 0.0}, {"time_stamp": 13, "origin": 1, "destination": 1, "reb_time": 0.0}, {"time_stamp": 14, "origin": 0, "destination": 1, "reb_time": 1.0}, {"time_stamp": 14, "origin": 1, "destination": 0, "reb_time": 1.0}, {"time_stamp": 14, "origin": 0, "destination": 0, "reb_time": 0.0}, {"time_stamp": 14, "origin": 1, "destination": 1, "reb_time": 0.0}, {"time_stamp": 15, "origin": 0, "destination": 1, "reb_time": 1.0}, {"time_stamp": 15, "origin": 1, "destination": 0, "reb_time": 1.0}, {"time_stamp": 15, "origin": 0, "destination": 0, "reb_time": 0.0}, {"time_stamp": 15, "origin": 1, "destination": 1, "reb_time": 0.0}, {"time_stamp": 16, "origin": 0, "destination": 1, "reb_time": 1.0}, {"time_stamp": 16, "origin": 1, "destination": 0, "reb_time": 1.0}, {"time_stamp": 16, "origin": 0, "destination": 0, "reb_time": 0.0}, {"time_stamp": 16, "origin": 1, "destination": 1, "reb_time": 0.0}, {"time_stamp": 17, "origin": 0, "destination": 1, "reb_time": 1.0}, {"time_stamp": 17, "origin": 1, "destination": 0, "reb_time": 1.0}, {"time_stamp": 17, "origin": 0, "destination": 0, "reb_time": 0.0}, {"time_stamp": 17, "origin": 1, "destination": 1, "reb_time": 0.0}, {"time_stamp": 18, "origin": 0, "destination": 1, "reb_time": 1.0}, {"time_stamp": 18, "origin": 1, "destination": 0, "reb_time": 1.0}, {"time_stamp": 18, "origin": 0, "destination": 0, "reb_time": 0.0}, {"time_stamp": 18, "origin": 1, "destination": 1, "reb_time": 0.0}, {"time_stamp": 19, "origin": 0, "destination": 1, "reb_time": 1.0}, {"time_stamp": 19, "origin": 1, "destination": 0, "reb_time": 1.0}, {"time_stamp": 19, "origin": 0, "destination": 0, "reb_time": 0.0}, {"time_stamp": 19, "origin": 1, "destination": 1, "reb_time": 0.0}, {"time_stamp": 20, "origin": 0, "destination": 1, "reb_time": 1.0}, {"time_stamp": 20, "origin": 1, "destination": 0, "reb_time": 1.0}, {"time_stamp": 20, "origin": 0, "destination": 0, "reb_time": 0.0}, {"time_stamp": 20, "origin": 1, "destination": 1, "reb_time": 0.0}, {"time_stamp": 21, "origin": 0, "destination": 1, "reb_time": 1.0}, {"time_stamp": 21, "origin": 1, "destination": 0, "reb_time": 1.0}, {"time_stamp": 21, "origin": 0, "destination": 0, "reb_time": 0.0}, {"time_stamp": 21, "origin": 1, "destination": 1, "reb_time": 0.0}, {"time_stamp": 22, "origin": 0, "destination": 1, "reb_time": 1.0}, {"time_stamp": 22, "origin": 1, "destination": 0, "reb_time": 1.0}, {"time_stamp": 22, "origin": 0, "destination": 0, "reb_time": 0.0}, {"time_stamp": 22, "origin": 1, "destination": 1, "reb_time": 0.0}, {"time_stamp": 23, "origin": 0, "destination": 1, "reb_time": 1.0}, {"time_stamp": 23, "origin": 1, "destination": 0, "reb_time": 1.0}, {"time_stamp": 23, "origin": 0, "destination": 0, "reb_time": 0.0}, {"time_stamp": 23, "origin": 1, "destination": 1, "reb_time": 0.0}, {"time_stamp": 24, "origin": 0, "destination": 1, "reb_time": 1.0}, {"time_stamp": 24, "origin": 1, "destination": 0, "reb_time": 1.0}, {"time_stamp": 24, "origin": 0, "destination": 0, "reb_time": 0.0}, {"time_stamp": 24, "origin": 1, "destination": 1, "reb_time": 0.0}, {"time_stamp": 25, "origin": 0, "destination": 1, "reb_time": 1.0}, {"time_stamp": 25, "origin": 1, "destination": 0, "reb_time": 1.0}, {"time_stamp": 25, "origin": 0, "destination": 0, "reb_time": 0.0}, {"time_stamp": 25, "origin": 1, "destination": 1, "reb_time": 0.0}, {"time_stamp": 26, "origin": 0, "destination": 1, "reb_time": 1.0}, {"time_stamp": 26, "origin": 1, "destination": 0, "reb_time": 1.0}, {"time_stamp": 26, "origin": 0, "destination": 0, "reb_time": 0.0}, {"time_stamp": 26, "origin": 1, "destination": 1, "reb_time": 0.0}, {"time_stamp": 27, "origin": 0, "destination": 1, "reb_time": 1.0}, {"time_stamp": 27, "origin": 1, "destination": 0, "reb_time": 1.0}, {"time_stamp": 27, "origin": 0, "destination": 0, "reb_time": 0.0}, {"time_stamp": 27, "origin": 1, "destination": 1, "reb_time": 0.0}, {"time_stamp": 28, "origin": 0, "destination": 1, "reb_time": 1.0}, {"time_stamp": 28, "origin": 1, "destination": 0, "reb_time": 1.0}, {"time_stamp": 28, "origin": 0, "destination": 0, "reb_time": 0.0}, {"time_stamp": 28, "origin": 1, "destination": 1, "reb_time": 0.0}, {"time_stamp": 29, "origin": 0, "destination": 1, "reb_time": 1.0}, {"time_stamp": 29, "origin": 1, "destination": 0, "reb_time": 1.0}, {"time_stamp": 29, "origin": 0, "destination": 0, "reb_time": 0.0}, {"time_stamp": 29, "origin": 1, "destination": 1, "reb_time": 0.0}], "totalAcc": [{"hour": 0, "acc": 100}, {"hour": 1, "acc": 100}, {"hour": 2, "acc": 100}, {"hour": 3, "acc": 100}, {"hour": 4, "acc": 100}, {"hour": 5, "acc": 100}, {"hour": 6, "acc": 100}, {"hour": 7, "acc": 100}, {"hour": 8, "acc": 100}, {"hour": 9, "acc": 100}, {"hour": 10, "acc": 100}, {"hour": 11, "acc": 100}, {"hour": 12, "acc": 100}, {"hour": 13, "acc": 100}, {"hour": 14, "acc": 100}, {"hour": 15, "acc": 100}, {"hour": 16, "acc": 100}, {"hour": 17, "acc": 100}, {"hour": 18, "acc": 100}, {"hour": 19, "acc": 100}, {"hour": 20, "acc": 100}, {"hour": 21, "acc": 100}, {"hour": 22, "acc": 100}, {"hour": 23, "acc": 100}], "chargelevels": 5, "spacialNodes": 2, "chargeTime": 1, "episodeLength": 30}