{"demand": [{"time_stamp": 0, "origin": 0, "destination": 0, "demand": 19644, "price": 6.369000000000001}, {"time_stamp": 1, "origin": 0, "destination": 0, "demand": 19644, "price": 6.369000000000001}, {"time_stamp": 2, "origin": 0, "destination": 0, "demand": 17468, "price": 6.460000000000001}, {"time_stamp": 3, "origin": 0, "destination": 0, "demand": 17468, "price": 6.460000000000001}, {"time_stamp": 4, "origin": 0, "destination": 0, "demand": 15222, "price": 6.369000000000001}, {"time_stamp": 5, "origin": 0, "destination": 0, "demand": 15222, "price": 6.369000000000001}, {"time_stamp": 6, "origin": 0, "destination": 0, "demand": 18906, "price": 6.460000000000001}, {"time_stamp": 7, "origin": 0, "destination": 0, "demand": 18906, "price": 6.460000000000001}, {"time_stamp": 8, "origin": 0, "destination": 0, "demand": 21268, "price": 6.460000000000001}, {"time_stamp": 9, "origin": 0, "destination": 0, "demand": 21268, "price": 6.460000000000001}, {"time_stamp": 10, "origin": 0, "destination": 0, "demand": 20388, "price": 6.460000000000001}, {"time_stamp": 11, "origin": 0, "destination": 0, "demand": 20388, "price": 6.460000000000001}, {"time_stamp": 12, "origin": 0, "destination": 0, "demand": 20076, "price": 6.369000000000001}, {"time_stamp": 13, "origin": 0, "destination": 0, "demand": 20076, "price": 6.369000000000001}, {"time_stamp": 14, "origin": 0, "destination": 0, "demand": 21532, "price": 6.369000000000001}, {"time_stamp": 15, "origin": 0, "destination": 0, "demand": 21532, "price": 6.369000000000001}, {"time_stamp": 16, "origin": 0, "destination": 0, "demand": 25024, "price": 6.460000000000001}, {"time_stamp": 17, "origin": 0, "destination": 0, "demand": 25024, "price": 6.460000000000001}, {"time_stamp": 18, "origin": 0, "destination": 0, "demand": 28440, "price": 6.460000000000001}, {"time_stamp": 19, "origin": 0, "destination": 0, "demand": 28440, "price": 6.460000000000001}, {"time_stamp": 20, "origin": 0, "destination": 0, "demand": 21220, "price": 6.460000000000001}, {"time_stamp": 21, "origin": 0, "destination": 0, "demand": 21220, "price": 6.460000000000001}, {"time_stamp": 22, "origin": 0, "destination": 0, "demand": 15400, "price": 6.460000000000001}, {"time_stamp": 23, "origin": 0, "destination": 0, "demand": 15400, "price": 6.460000000000001}, {"time_stamp": 0, "origin": 0, "destination": 1, "demand": 4208, "price": 8.644}, {"time_stamp": 1, "origin": 0, "destination": 1, "demand": 4208, "price": 8.644}, {"time_stamp": 2, "origin": 0, "destination": 1, "demand": 3916, "price": 8.644}, {"time_stamp": 3, "origin": 0, "destination": 1, "demand": 3916, "price": 8.644}, {"time_stamp": 4, "origin": 0, "destination": 1, "demand": 3940, "price": 8.644}, {"time_stamp": 5, "origin": 0, "destination": 1, "demand": 3940, "price": 8.644}, {"time_stamp": 6, "origin": 0, "destination": 1, "demand": 4388, "price": 8.644}, {"time_stamp": 7, "origin": 0, "destination": 1, "demand": 4388, "price": 8.644}, {"time_stamp": 8, "origin": 0, "destination": 1, "demand": 4770, "price": 8.735}, {"time_stamp": 9, "origin": 0, "destination": 1, "demand": 4770, "price": 8.735}, {"time_stamp": 10, "origin": 0, "destination": 1, "demand": 5036, "price": 8.644}, {"time_stamp": 11, "origin": 0, "destination": 1, "demand": 5036, "price": 8.644}, {"time_stamp": 12, "origin": 0, "destination": 1, "demand": 5570, "price": 8.644}, {"time_stamp": 13, "origin": 0, "destination": 1, "demand": 5570, "price": 8.644}, {"time_stamp": 14, "origin": 0, "destination": 1, "demand": 6432, "price": 8.644}, {"time_stamp": 15, "origin": 0, "destination": 1, "demand": 6432, "price": 8.644}, {"time_stamp": 16, "origin": 0, "destination": 1, "demand": 8236, "price": 8.735}, {"time_stamp": 17, "origin": 0, "destination": 1, "demand": 8236, "price": 8.735}, {"time_stamp": 18, "origin": 0, "destination": 1, "demand": 10028, "price": 8.735}, {"time_stamp": 19, "origin": 0, "destination": 1, "demand": 10028, "price": 8.735}, {"time_stamp": 20, "origin": 0, "destination": 1, "demand": 7590, "price": 8.735}, {"time_stamp": 21, "origin": 0, "destination": 1, "demand": 7590, "price": 8.735}, {"time_stamp": 22, "origin": 0, "destination": 1, "demand": 5072, "price": 8.735}, {"time_stamp": 23, "origin": 0, "destination": 1, "demand": 5072, "price": 8.735}, {"time_stamp": 0, "origin": 0, "destination": 2, "demand": 866, "price": 12.466000000000001}, {"time_stamp": 1, "origin": 0, "destination": 2, "demand": 866, "price": 12.466000000000001}, {"time_stamp": 2, "origin": 0, "destination": 2, "demand": 1060, "price": 12.466000000000001}, {"time_stamp": 3, "origin": 0, "destination": 2, "demand": 1060, "price": 12.466000000000001}, {"time_stamp": 4, "origin": 0, "destination": 2, "demand": 1100, "price": 12.466000000000001}, {"time_stamp": 5, "origin": 0, "destination": 2, "demand": 1100, "price": 12.466000000000001}, {"time_stamp": 6, "origin": 0, "destination": 2, "demand": 1368, "price": 12.466000000000001}, {"time_stamp": 7, "origin": 0, "destination": 2, "demand": 1368, "price": 12.466000000000001}, {"time_stamp": 8, "origin": 0, "destination": 2, "demand": 1380, "price": 12.466000000000001}, {"time_stamp": 9, "origin": 0, "destination": 2, "demand": 1380, "price": 12.466000000000001}, {"time_stamp": 10, "origin": 0, "destination": 2, "demand": 1694, "price": 12.466000000000001}, {"time_stamp": 11, "origin": 0, "destination": 2, "demand": 1694, "price": 12.466000000000001}, {"time_stamp": 12, "origin": 0, "destination": 2, "demand": 2080, "price": 12.466000000000001}, {"time_stamp": 13, "origin": 0, "destination": 2, "demand": 2080, "price": 12.466000000000001}, {"time_stamp": 14, "origin": 0, "destination": 2, "demand": 2628, "price": 12.466000000000001}, {"time_stamp": 15, "origin": 0, "destination": 2, "demand": 2628, "price": 12.466000000000001}, {"time_stamp": 16, "origin": 0, "destination": 2, "demand": 3636, "price": 12.556999999999999}, {"time_stamp": 17, "origin": 0, "destination": 2, "demand": 3636, "price": 12.556999999999999}, {"time_stamp": 18, "origin": 0, "destination": 2, "demand": 3842, "price": 12.556999999999999}, {"time_stamp": 19, "origin": 0, "destination": 2, "demand": 3842, "price": 12.556999999999999}, {"time_stamp": 20, "origin": 0, "destination": 2, "demand": 2842, "price": 12.843}, {"time_stamp": 21, "origin": 0, "destination": 2, "demand": 2842, "price": 12.843}, {"time_stamp": 22, "origin": 0, "destination": 2, "demand": 2092, "price": 12.751999999999999}, {"time_stamp": 23, "origin": 0, "destination": 2, "demand": 2092, "price": 12.751999999999999}, {"time_stamp": 0, "origin": 0, "destination": 3, "demand": 6120, "price": 8.735}, {"time_stamp": 1, "origin": 0, "destination": 3, "demand": 6120, "price": 8.735}, {"time_stamp": 2, "origin": 0, "destination": 3, "demand": 6048, "price": 8.826}, {"time_stamp": 3, "origin": 0, "destination": 3, "demand": 6048, "price": 8.826}, {"time_stamp": 4, "origin": 0, "destination": 3, "demand": 5008, "price": 8.826}, {"time_stamp": 5, "origin": 0, "destination": 3, "demand": 5008, "price": 8.826}, {"time_stamp": 6, "origin": 0, "destination": 3, "demand": 5228, "price": 8.826}, {"time_stamp": 7, "origin": 0, "destination": 3, "demand": 5228, "price": 8.826}, {"time_stamp": 8, "origin": 0, "destination": 3, "demand": 5640, "price": 8.826}, {"time_stamp": 9, "origin": 0, "destination": 3, "demand": 5640, "price": 8.826}, {"time_stamp": 10, "origin": 0, "destination": 3, "demand": 5858, "price": 8.735}, {"time_stamp": 11, "origin": 0, "destination": 3, "demand": 5858, "price": 8.735}, {"time_stamp": 12, "origin": 0, "destination": 3, "demand": 6424, "price": 8.735}, {"time_stamp": 13, "origin": 0, "destination": 3, "demand": 6424, "price": 8.735}, {"time_stamp": 14, "origin": 0, "destination": 3, "demand": 7388, "price": 8.826}, {"time_stamp": 15, "origin": 0, "destination": 3, "demand": 7388, "price": 8.826}, {"time_stamp": 16, "origin": 0, "destination": 3, "demand": 8730, "price": 8.917000000000002}, {"time_stamp": 17, "origin": 0, "destination": 3, "demand": 8730, "price": 8.917000000000002}, {"time_stamp": 18, "origin": 0, "destination": 3, "demand": 10106, "price": 8.917000000000002}, {"time_stamp": 19, "origin": 0, "destination": 3, "demand": 10106, "price": 8.917000000000002}, {"time_stamp": 20, "origin": 0, "destination": 3, "demand": 7854, "price": 8.826}, {"time_stamp": 21, "origin": 0, "destination": 3, "demand": 7854, "price": 8.826}, {"time_stamp": 22, "origin": 0, "destination": 3, "demand": 5324, "price": 8.826}, {"time_stamp": 23, "origin": 0, "destination": 3, "demand": 5324, "price": 8.826}, {"time_stamp": 0, "origin": 0, "destination": 4, "demand": 1982, "price": 11.100999999999999}, {"time_stamp": 1, "origin": 0, "destination": 4, "demand": 1982, "price": 11.100999999999999}, {"time_stamp": 2, "origin": 0, "destination": 4, "demand": 1810, "price": 11.192}, {"time_stamp": 3, "origin": 0, "destination": 4, "demand": 1810, "price": 11.192}, {"time_stamp": 4, "origin": 0, "destination": 4, "demand": 1848, "price": 11.192}, {"time_stamp": 5, "origin": 0, "destination": 4, "demand": 1848, "price": 11.192}, {"time_stamp": 6, "origin": 0, "destination": 4, "demand": 1920, "price": 11.192}, {"time_stamp": 7, "origin": 0, "destination": 4, "demand": 1920, "price": 11.192}, {"time_stamp": 8, "origin": 0, "destination": 4, "demand": 1796, "price": 11.192}, {"time_stamp": 9, "origin": 0, "destination": 4, "demand": 1796, "price": 11.192}, {"time_stamp": 10, "origin": 0, "destination": 4, "demand": 2096, "price": 11.100999999999999}, {"time_stamp": 11, "origin": 0, "destination": 4, "demand": 2096, "price": 11.100999999999999}, {"time_stamp": 12, "origin": 0, "destination": 4, "demand": 2468, "price": 11.192}, {"time_stamp": 13, "origin": 0, "destination": 4, "demand": 2468, "price": 11.192}, {"time_stamp": 14, "origin": 0, "destination": 4, "demand": 3196, "price": 11.192}, {"time_stamp": 15, "origin": 0, "destination": 4, "demand": 3196, "price": 11.192}, {"time_stamp": 16, "origin": 0, "destination": 4, "demand": 3460, "price": 11.192}, {"time_stamp": 17, "origin": 0, "destination": 4, "demand": 3460, "price": 11.192}, {"time_stamp": 18, "origin": 0, "destination": 4, "demand": 4098, "price": 11.192}, {"time_stamp": 19, "origin": 0, "destination": 4, "demand": 4098, "price": 11.192}, {"time_stamp": 20, "origin": 0, "destination": 4, "demand": 3060, "price": 11.192}, {"time_stamp": 21, "origin": 0, "destination": 4, "demand": 3060, "price": 11.192}, {"time_stamp": 22, "origin": 0, "destination": 4, "demand": 2160, "price": 11.100999999999999}, {"time_stamp": 23, "origin": 0, "destination": 4, "demand": 2160, "price": 11.100999999999999}, {"time_stamp": 0, "origin": 1, "destination": 0, "demand": 8370, "price": 8.644}, {"time_stamp": 1, "origin": 1, "destination": 0, "demand": 8370, "price": 8.644}, {"time_stamp": 2, "origin": 1, "destination": 0, "demand": 5570, "price": 8.644}, {"time_stamp": 3, "origin": 1, "destination": 0, "demand": 5570, "price": 8.644}, {"time_stamp": 4, "origin": 1, "destination": 0, "demand": 4460, "price": 8.735}, {"time_stamp": 5, "origin": 1, "destination": 0, "demand": 4460, "price": 8.735}, {"time_stamp": 6, "origin": 1, "destination": 0, "demand": 4468, "price": 8.644}, {"time_stamp": 7, "origin": 1, "destination": 0, "demand": 4468, "price": 8.644}, {"time_stamp": 8, "origin": 1, "destination": 0, "demand": 4420, "price": 8.644}, {"time_stamp": 9, "origin": 1, "destination": 0, "demand": 4420, "price": 8.644}, {"time_stamp": 10, "origin": 1, "destination": 0, "demand": 4640, "price": 8.553}, {"time_stamp": 11, "origin": 1, "destination": 0, "demand": 4640, "price": 8.553}, {"time_stamp": 12, "origin": 1, "destination": 0, "demand": 5192, "price": 8.644}, {"time_stamp": 13, "origin": 1, "destination": 0, "demand": 5192, "price": 8.644}, {"time_stamp": 14, "origin": 1, "destination": 0, "demand": 6056, "price": 8.553}, {"time_stamp": 15, "origin": 1, "destination": 0, "demand": 6056, "price": 8.553}, {"time_stamp": 16, "origin": 1, "destination": 0, "demand": 6164, "price": 8.462}, {"time_stamp": 17, "origin": 1, "destination": 0, "demand": 6164, "price": 8.462}, {"time_stamp": 18, "origin": 1, "destination": 0, "demand": 6012, "price": 8.553}, {"time_stamp": 19, "origin": 1, "destination": 0, "demand": 6012, "price": 8.553}, {"time_stamp": 20, "origin": 1, "destination": 0, "demand": 4404, "price": 8.644}, {"time_stamp": 21, "origin": 1, "destination": 0, "demand": 4404, "price": 8.644}, {"time_stamp": 22, "origin": 1, "destination": 0, "demand": 3472, "price": 8.644}, {"time_stamp": 23, "origin": 1, "destination": 0, "demand": 3472, "price": 8.644}, {"time_stamp": 0, "origin": 1, "destination": 1, "demand": 9888, "price": 7.461}, {"time_stamp": 1, "origin": 1, "destination": 1, "demand": 9888, "price": 7.461}, {"time_stamp": 2, "origin": 1, "destination": 1, "demand": 8384, "price": 7.461}, {"time_stamp": 3, "origin": 1, "destination": 1, "demand": 8384, "price": 7.461}, {"time_stamp": 4, "origin": 1, "destination": 1, "demand": 8778, "price": 7.461}, {"time_stamp": 5, "origin": 1, "destination": 1, "demand": 8778, "price": 7.461}, {"time_stamp": 6, "origin": 1, "destination": 1, "demand": 9872, "price": 7.461}, {"time_stamp": 7, "origin": 1, "destination": 1, "demand": 9872, "price": 7.461}, {"time_stamp": 8, "origin": 1, "destination": 1, "demand": 10450, "price": 7.461}, {"time_stamp": 9, "origin": 1, "destination": 1, "demand": 10450, "price": 7.461}, {"time_stamp": 10, "origin": 1, "destination": 1, "demand": 10716, "price": 7.461}, {"time_stamp": 11, "origin": 1, "destination": 1, "demand": 10716, "price": 7.461}, {"time_stamp": 12, "origin": 1, "destination": 1, "demand": 11286, "price": 7.461}, {"time_stamp": 13, "origin": 1, "destination": 1, "demand": 11286, "price": 7.461}, {"time_stamp": 14, "origin": 1, "destination": 1, "demand": 12852, "price": 7.461}, {"time_stamp": 15, "origin": 1, "destination": 1, "demand": 12852, "price": 7.461}, {"time_stamp": 16, "origin": 1, "destination": 1, "demand": 12112, "price": 7.461}, {"time_stamp": 17, "origin": 1, "destination": 1, "demand": 12112, "price": 7.461}, {"time_stamp": 18, "origin": 1, "destination": 1, "demand": 12424, "price": 7.461}, {"time_stamp": 19, "origin": 1, "destination": 1, "demand": 12424, "price": 7.461}, {"time_stamp": 20, "origin": 1, "destination": 1, "demand": 9908, "price": 7.461}, {"time_stamp": 21, "origin": 1, "destination": 1, "demand": 9908, "price": 7.461}, {"time_stamp": 22, "origin": 1, "destination": 1, "demand": 7910, "price": 7.461}, {"time_stamp": 23, "origin": 1, "destination": 1, "demand": 7910, "price": 7.461}, {"time_stamp": 0, "origin": 1, "destination": 2, "demand": 2520, "price": 10.282}, {"time_stamp": 1, "origin": 1, "destination": 2, "demand": 2520, "price": 10.282}, {"time_stamp": 2, "origin": 1, "destination": 2, "demand": 2394, "price": 10.282}, {"time_stamp": 3, "origin": 1, "destination": 2, "demand": 2394, "price": 10.282}, {"time_stamp": 4, "origin": 1, "destination": 2, "demand": 2536, "price": 10.282}, {"time_stamp": 5, "origin": 1, "destination": 2, "demand": 2536, "price": 10.282}, {"time_stamp": 6, "origin": 1, "destination": 2, "demand": 2706, "price": 10.282}, {"time_stamp": 7, "origin": 1, "destination": 2, "demand": 2706, "price": 10.282}, {"time_stamp": 8, "origin": 1, "destination": 2, "demand": 3224, "price": 10.282}, {"time_stamp": 9, "origin": 1, "destination": 2, "demand": 3224, "price": 10.282}, {"time_stamp": 10, "origin": 1, "destination": 2, "demand": 3712, "price": 10.373000000000001}, {"time_stamp": 11, "origin": 1, "destination": 2, "demand": 3712, "price": 10.373000000000001}, {"time_stamp": 12, "origin": 1, "destination": 2, "demand": 4426, "price": 10.373000000000001}, {"time_stamp": 13, "origin": 1, "destination": 2, "demand": 4426, "price": 10.373000000000001}, {"time_stamp": 14, "origin": 1, "destination": 2, "demand": 5438, "price": 10.373000000000001}, {"time_stamp": 15, "origin": 1, "destination": 2, "demand": 5438, "price": 10.373000000000001}, {"time_stamp": 16, "origin": 1, "destination": 2, "demand": 5472, "price": 10.282}, {"time_stamp": 17, "origin": 1, "destination": 2, "demand": 5472, "price": 10.282}, {"time_stamp": 18, "origin": 1, "destination": 2, "demand": 5778, "price": 10.373000000000001}, {"time_stamp": 19, "origin": 1, "destination": 2, "demand": 5778, "price": 10.373000000000001}, {"time_stamp": 20, "origin": 1, "destination": 2, "demand": 4424, "price": 10.373000000000001}, {"time_stamp": 21, "origin": 1, "destination": 2, "demand": 4424, "price": 10.373000000000001}, {"time_stamp": 22, "origin": 1, "destination": 2, "demand": 3304, "price": 10.282}, {"time_stamp": 23, "origin": 1, "destination": 2, "demand": 3304, "price": 10.282}, {"time_stamp": 0, "origin": 1, "destination": 3, "demand": 3184, "price": 9.372}, {"time_stamp": 1, "origin": 1, "destination": 3, "demand": 3184, "price": 9.372}, {"time_stamp": 2, "origin": 1, "destination": 3, "demand": 2620, "price": 9.372}, {"time_stamp": 3, "origin": 1, "destination": 3, "demand": 2620, "price": 9.372}, {"time_stamp": 4, "origin": 1, "destination": 3, "demand": 2488, "price": 9.463000000000001}, {"time_stamp": 5, "origin": 1, "destination": 3, "demand": 2488, "price": 9.463000000000001}, {"time_stamp": 6, "origin": 1, "destination": 3, "demand": 2580, "price": 9.463000000000001}, {"time_stamp": 7, "origin": 1, "destination": 3, "demand": 2580, "price": 9.463000000000001}, {"time_stamp": 8, "origin": 1, "destination": 3, "demand": 2800, "price": 9.463000000000001}, {"time_stamp": 9, "origin": 1, "destination": 3, "demand": 2800, "price": 9.463000000000001}, {"time_stamp": 10, "origin": 1, "destination": 3, "demand": 2850, "price": 9.372}, {"time_stamp": 11, "origin": 1, "destination": 3, "demand": 2850, "price": 9.372}, {"time_stamp": 12, "origin": 1, "destination": 3, "demand": 3282, "price": 9.372}, {"time_stamp": 13, "origin": 1, "destination": 3, "demand": 3282, "price": 9.372}, {"time_stamp": 14, "origin": 1, "destination": 3, "demand": 4064, "price": 9.372}, {"time_stamp": 15, "origin": 1, "destination": 3, "demand": 4064, "price": 9.372}, {"time_stamp": 16, "origin": 1, "destination": 3, "demand": 3932, "price": 9.372}, {"time_stamp": 17, "origin": 1, "destination": 3, "demand": 3932, "price": 9.372}, {"time_stamp": 18, "origin": 1, "destination": 3, "demand": 3976, "price": 9.463000000000001}, {"time_stamp": 19, "origin": 1, "destination": 3, "demand": 3976, "price": 9.463000000000001}, {"time_stamp": 20, "origin": 1, "destination": 3, "demand": 3052, "price": 9.463000000000001}, {"time_stamp": 21, "origin": 1, "destination": 3, "demand": 3052, "price": 9.463000000000001}, {"time_stamp": 22, "origin": 1, "destination": 3, "demand": 2344, "price": 9.463000000000001}, {"time_stamp": 23, "origin": 1, "destination": 3, "demand": 2344, "price": 9.463000000000001}, {"time_stamp": 0, "origin": 1, "destination": 4, "demand": 906, "price": 12.466000000000001}, {"time_stamp": 1, "origin": 1, "destination": 4, "demand": 906, "price": 12.466000000000001}, {"time_stamp": 2, "origin": 1, "destination": 4, "demand": 870, "price": 12.556999999999999}, {"time_stamp": 3, "origin": 1, "destination": 4, "demand": 870, "price": 12.556999999999999}, {"time_stamp": 4, "origin": 1, "destination": 4, "demand": 814, "price": 12.466000000000001}, {"time_stamp": 5, "origin": 1, "destination": 4, "demand": 814, "price": 12.466000000000001}, {"time_stamp": 6, "origin": 1, "destination": 4, "demand": 904, "price": 12.556999999999999}, {"time_stamp": 7, "origin": 1, "destination": 4, "demand": 904, "price": 12.556999999999999}, {"time_stamp": 8, "origin": 1, "destination": 4, "demand": 960, "price": 12.556999999999999}, {"time_stamp": 9, "origin": 1, "destination": 4, "demand": 960, "price": 12.556999999999999}, {"time_stamp": 10, "origin": 1, "destination": 4, "demand": 1074, "price": 12.466000000000001}, {"time_stamp": 11, "origin": 1, "destination": 4, "demand": 1074, "price": 12.466000000000001}, {"time_stamp": 12, "origin": 1, "destination": 4, "demand": 1264, "price": 12.466000000000001}, {"time_stamp": 13, "origin": 1, "destination": 4, "demand": 1264, "price": 12.466000000000001}, {"time_stamp": 14, "origin": 1, "destination": 4, "demand": 1568, "price": 12.556999999999999}, {"time_stamp": 15, "origin": 1, "destination": 4, "demand": 1568, "price": 12.556999999999999}, {"time_stamp": 16, "origin": 1, "destination": 4, "demand": 1628, "price": 12.466000000000001}, {"time_stamp": 17, "origin": 1, "destination": 4, "demand": 1628, "price": 12.466000000000001}, {"time_stamp": 18, "origin": 1, "destination": 4, "demand": 1662, "price": 12.466000000000001}, {"time_stamp": 19, "origin": 1, "destination": 4, "demand": 1662, "price": 12.466000000000001}, {"time_stamp": 20, "origin": 1, "destination": 4, "demand": 1188, "price": 12.556999999999999}, {"time_stamp": 21, "origin": 1, "destination": 4, "demand": 1188, "price": 12.556999999999999}, {"time_stamp": 22, "origin": 1, "destination": 4, "demand": 1004, "price": 12.660999999999998}, {"time_stamp": 23, "origin": 1, "destination": 4, "demand": 1004, "price": 12.660999999999998}, {"time_stamp": 0, "origin": 2, "destination": 0, "demand": 3350, "price": 12.556999999999999}, {"time_stamp": 1, "origin": 2, "destination": 0, "demand": 3350, "price": 12.556999999999999}, {"time_stamp": 2, "origin": 2, "destination": 0, "demand": 2396, "price": 12.648}, {"time_stamp": 3, "origin": 2, "destination": 0, "demand": 2396, "price": 12.648}, {"time_stamp": 4, "origin": 2, "destination": 0, "demand": 1776, "price": 12.648}, {"time_stamp": 5, "origin": 2, "destination": 0, "demand": 1776, "price": 12.648}, {"time_stamp": 6, "origin": 2, "destination": 0, "demand": 1604, "price": 12.648}, {"time_stamp": 7, "origin": 2, "destination": 0, "demand": 1604, "price": 12.648}, {"time_stamp": 8, "origin": 2, "destination": 0, "demand": 1468, "price": 12.556999999999999}, {"time_stamp": 9, "origin": 2, "destination": 0, "demand": 1468, "price": 12.556999999999999}, {"time_stamp": 10, "origin": 2, "destination": 0, "demand": 1464, "price": 12.466000000000001}, {"time_stamp": 11, "origin": 2, "destination": 0, "demand": 1464, "price": 12.466000000000001}, {"time_stamp": 12, "origin": 2, "destination": 0, "demand": 1712, "price": 12.57}, {"time_stamp": 13, "origin": 2, "destination": 0, "demand": 1712, "price": 12.57}, {"time_stamp": 14, "origin": 2, "destination": 0, "demand": 1718, "price": 12.660999999999998}, {"time_stamp": 15, "origin": 2, "destination": 0, "demand": 1718, "price": 12.660999999999998}, {"time_stamp": 16, "origin": 2, "destination": 0, "demand": 1814, "price": 12.57}, {"time_stamp": 17, "origin": 2, "destination": 0, "demand": 1814, "price": 12.57}, {"time_stamp": 18, "origin": 2, "destination": 0, "demand": 1712, "price": 12.57}, {"time_stamp": 19, "origin": 2, "destination": 0, "demand": 1712, "price": 12.57}, {"time_stamp": 20, "origin": 2, "destination": 0, "demand": 1360, "price": 12.660999999999998}, {"time_stamp": 21, "origin": 2, "destination": 0, "demand": 1360, "price": 12.660999999999998}, {"time_stamp": 22, "origin": 2, "destination": 0, "demand": 1014, "price": 12.660999999999998}, {"time_stamp": 23, "origin": 2, "destination": 0, "demand": 1014, "price": 12.660999999999998}, {"time_stamp": 0, "origin": 2, "destination": 1, "demand": 4840, "price": 10.282}, {"time_stamp": 1, "origin": 2, "destination": 1, "demand": 4840, "price": 10.282}, {"time_stamp": 2, "origin": 2, "destination": 1, "demand": 3528, "price": 10.282}, {"time_stamp": 3, "origin": 2, "destination": 1, "demand": 3528, "price": 10.282}, {"time_stamp": 4, "origin": 2, "destination": 1, "demand": 3164, "price": 10.282}, {"time_stamp": 5, "origin": 2, "destination": 1, "demand": 3164, "price": 10.282}, {"time_stamp": 6, "origin": 2, "destination": 1, "demand": 3072, "price": 10.373000000000001}, {"time_stamp": 7, "origin": 2, "destination": 1, "demand": 3072, "price": 10.373000000000001}, {"time_stamp": 8, "origin": 2, "destination": 1, "demand": 3172, "price": 10.373000000000001}, {"time_stamp": 9, "origin": 2, "destination": 1, "demand": 3172, "price": 10.373000000000001}, {"time_stamp": 10, "origin": 2, "destination": 1, "demand": 3438, "price": 10.191}, {"time_stamp": 11, "origin": 2, "destination": 1, "demand": 3438, "price": 10.191}, {"time_stamp": 12, "origin": 2, "destination": 1, "demand": 3796, "price": 10.282}, {"time_stamp": 13, "origin": 2, "destination": 1, "demand": 3796, "price": 10.282}, {"time_stamp": 14, "origin": 2, "destination": 1, "demand": 4096, "price": 10.282}, {"time_stamp": 15, "origin": 2, "destination": 1, "demand": 4096, "price": 10.282}, {"time_stamp": 16, "origin": 2, "destination": 1, "demand": 3648, "price": 10.282}, {"time_stamp": 17, "origin": 2, "destination": 1, "demand": 3648, "price": 10.282}, {"time_stamp": 18, "origin": 2, "destination": 1, "demand": 4080, "price": 10.191}, {"time_stamp": 19, "origin": 2, "destination": 1, "demand": 4080, "price": 10.191}, {"time_stamp": 20, "origin": 2, "destination": 1, "demand": 3600, "price": 10.373000000000001}, {"time_stamp": 21, "origin": 2, "destination": 1, "demand": 3600, "price": 10.373000000000001}, {"time_stamp": 22, "origin": 2, "destination": 1, "demand": 2560, "price": 10.282}, {"time_stamp": 23, "origin": 2, "destination": 1, "demand": 2560, "price": 10.282}, {"time_stamp": 0, "origin": 2, "destination": 2, "demand": 19888, "price": 8.007000000000001}, {"time_stamp": 1, "origin": 2, "destination": 2, "demand": 19888, "price": 8.007000000000001}, {"time_stamp": 2, "origin": 2, "destination": 2, "demand": 15366, "price": 8.097999999999999}, {"time_stamp": 3, "origin": 2, "destination": 2, "demand": 15366, "price": 8.097999999999999}, {"time_stamp": 4, "origin": 2, "destination": 2, "demand": 13024, "price": 8.097999999999999}, {"time_stamp": 5, "origin": 2, "destination": 2, "demand": 13024, "price": 8.097999999999999}, {"time_stamp": 6, "origin": 2, "destination": 2, "demand": 14120, "price": 8.097999999999999}, {"time_stamp": 7, "origin": 2, "destination": 2, "demand": 14120, "price": 8.097999999999999}, {"time_stamp": 8, "origin": 2, "destination": 2, "demand": 16026, "price": 8.007000000000001}, {"time_stamp": 9, "origin": 2, "destination": 2, "demand": 16026, "price": 8.007000000000001}, {"time_stamp": 10, "origin": 2, "destination": 2, "demand": 16024, "price": 8.097999999999999}, {"time_stamp": 11, "origin": 2, "destination": 2, "demand": 16024, "price": 8.097999999999999}, {"time_stamp": 12, "origin": 2, "destination": 2, "demand": 18184, "price": 8.189}, {"time_stamp": 13, "origin": 2, "destination": 2, "demand": 18184, "price": 8.189}, {"time_stamp": 14, "origin": 2, "destination": 2, "demand": 23144, "price": 8.097999999999999}, {"time_stamp": 15, "origin": 2, "destination": 2, "demand": 23144, "price": 8.097999999999999}, {"time_stamp": 16, "origin": 2, "destination": 2, "demand": 21876, "price": 8.007000000000001}, {"time_stamp": 17, "origin": 2, "destination": 2, "demand": 21876, "price": 8.007000000000001}, {"time_stamp": 18, "origin": 2, "destination": 2, "demand": 25556, "price": 8.007000000000001}, {"time_stamp": 19, "origin": 2, "destination": 2, "demand": 25556, "price": 8.007000000000001}, {"time_stamp": 20, "origin": 2, "destination": 2, "demand": 22486, "price": 8.097999999999999}, {"time_stamp": 21, "origin": 2, "destination": 2, "demand": 22486, "price": 8.097999999999999}, {"time_stamp": 22, "origin": 2, "destination": 2, "demand": 16488, "price": 8.097999999999999}, {"time_stamp": 23, "origin": 2, "destination": 2, "demand": 16488, "price": 8.097999999999999}, {"time_stamp": 0, "origin": 2, "destination": 3, "demand": 4848, "price": 10.191}, {"time_stamp": 1, "origin": 2, "destination": 3, "demand": 4848, "price": 10.191}, {"time_stamp": 2, "origin": 2, "destination": 3, "demand": 3474, "price": 10.282}, {"time_stamp": 3, "origin": 2, "destination": 3, "demand": 3474, "price": 10.282}, {"time_stamp": 4, "origin": 2, "destination": 3, "demand": 3000, "price": 10.373000000000001}, {"time_stamp": 5, "origin": 2, "destination": 3, "demand": 3000, "price": 10.373000000000001}, {"time_stamp": 6, "origin": 2, "destination": 3, "demand": 2716, "price": 10.373000000000001}, {"time_stamp": 7, "origin": 2, "destination": 3, "demand": 2716, "price": 10.373000000000001}, {"time_stamp": 8, "origin": 2, "destination": 3, "demand": 2964, "price": 10.373000000000001}, {"time_stamp": 9, "origin": 2, "destination": 3, "demand": 2964, "price": 10.373000000000001}, {"time_stamp": 10, "origin": 2, "destination": 3, "demand": 2976, "price": 10.191}, {"time_stamp": 11, "origin": 2, "destination": 3, "demand": 2976, "price": 10.191}, {"time_stamp": 12, "origin": 2, "destination": 3, "demand": 3426, "price": 10.100000000000001}, {"time_stamp": 13, "origin": 2, "destination": 3, "demand": 3426, "price": 10.100000000000001}, {"time_stamp": 14, "origin": 2, "destination": 3, "demand": 4496, "price": 10.191}, {"time_stamp": 15, "origin": 2, "destination": 3, "demand": 4496, "price": 10.191}, {"time_stamp": 16, "origin": 2, "destination": 3, "demand": 4152, "price": 10.191}, {"time_stamp": 17, "origin": 2, "destination": 3, "demand": 4152, "price": 10.191}, {"time_stamp": 18, "origin": 2, "destination": 3, "demand": 4168, "price": 10.191}, {"time_stamp": 19, "origin": 2, "destination": 3, "demand": 4168, "price": 10.191}, {"time_stamp": 20, "origin": 2, "destination": 3, "demand": 3432, "price": 10.191}, {"time_stamp": 21, "origin": 2, "destination": 3, "demand": 3432, "price": 10.191}, {"time_stamp": 22, "origin": 2, "destination": 3, "demand": 2472, "price": 10.191}, {"time_stamp": 23, "origin": 2, "destination": 3, "demand": 2472, "price": 10.191}, {"time_stamp": 0, "origin": 2, "destination": 4, "demand": 3172, "price": 11.192}, {"time_stamp": 1, "origin": 2, "destination": 4, "demand": 3172, "price": 11.192}, {"time_stamp": 2, "origin": 2, "destination": 4, "demand": 2400, "price": 11.192}, {"time_stamp": 3, "origin": 2, "destination": 4, "demand": 2400, "price": 11.192}, {"time_stamp": 4, "origin": 2, "destination": 4, "demand": 2124, "price": 11.283000000000001}, {"time_stamp": 5, "origin": 2, "destination": 4, "demand": 2124, "price": 11.283000000000001}, {"time_stamp": 6, "origin": 2, "destination": 4, "demand": 2036, "price": 11.283000000000001}, {"time_stamp": 7, "origin": 2, "destination": 4, "demand": 2036, "price": 11.283000000000001}, {"time_stamp": 8, "origin": 2, "destination": 4, "demand": 2398, "price": 11.283000000000001}, {"time_stamp": 9, "origin": 2, "destination": 4, "demand": 2398, "price": 11.283000000000001}, {"time_stamp": 10, "origin": 2, "destination": 4, "demand": 2696, "price": 11.100999999999999}, {"time_stamp": 11, "origin": 2, "destination": 4, "demand": 2696, "price": 11.100999999999999}, {"time_stamp": 12, "origin": 2, "destination": 4, "demand": 3424, "price": 11.100999999999999}, {"time_stamp": 13, "origin": 2, "destination": 4, "demand": 3424, "price": 11.100999999999999}, {"time_stamp": 14, "origin": 2, "destination": 4, "demand": 4706, "price": 11.100999999999999}, {"time_stamp": 15, "origin": 2, "destination": 4, "demand": 4706, "price": 11.100999999999999}, {"time_stamp": 16, "origin": 2, "destination": 4, "demand": 4154, "price": 11.100999999999999}, {"time_stamp": 17, "origin": 2, "destination": 4, "demand": 4154, "price": 11.100999999999999}, {"time_stamp": 18, "origin": 2, "destination": 4, "demand": 4620, "price": 11.100999999999999}, {"time_stamp": 19, "origin": 2, "destination": 4, "demand": 4620, "price": 11.100999999999999}, {"time_stamp": 20, "origin": 2, "destination": 4, "demand": 3826, "price": 11.283000000000001}, {"time_stamp": 21, "origin": 2, "destination": 4, "demand": 3826, "price": 11.283000000000001}, {"time_stamp": 22, "origin": 2, "destination": 4, "demand": 2672, "price": 11.192}, {"time_stamp": 23, "origin": 2, "destination": 4, "demand": 2672, "price": 11.192}, {"time_stamp": 0, "origin": 3, "destination": 0, "demand": 0, "price": 8.826}, {"time_stamp": 1, "origin": 3, "destination": 0, "demand": 0, "price": 8.826}, {"time_stamp": 2, "origin": 3, "destination": 0, "demand": 0, "price": 8.826}, {"time_stamp": 3, "origin": 3, "destination": 0, "demand": 0, "price": 8.826}, {"time_stamp": 4, "origin": 3, "destination": 0, "demand": 0, "price": 8.826}, {"time_stamp": 5, "origin": 3, "destination": 0, "demand": 0, "price": 8.826}, {"time_stamp": 6, "origin": 3, "destination": 0, "demand": 0, "price": 8.826}, {"time_stamp": 7, "origin": 3, "destination": 0, "demand": 0, "price": 8.826}, {"time_stamp": 8, "origin": 3, "destination": 0, "demand": 0, "price": 8.917000000000002}, {"time_stamp": 9, "origin": 3, "destination": 0, "demand": 0, "price": 8.917000000000002}, {"time_stamp": 10, "origin": 3, "destination": 0, "demand": 0, "price": 8.826}, {"time_stamp": 11, "origin": 3, "destination": 0, "demand": 0, "price": 8.826}, {"time_stamp": 12, "origin": 3, "destination": 0, "demand": 0, "price": 8.826}, {"time_stamp": 13, "origin": 3, "destination": 0, "demand": 0, "price": 8.826}, {"time_stamp": 14, "origin": 3, "destination": 0, "demand": 0, "price": 8.826}, {"time_stamp": 15, "origin": 3, "destination": 0, "demand": 0, "price": 8.826}, {"time_stamp": 16, "origin": 3, "destination": 0, "demand": 0, "price": 8.735}, {"time_stamp": 17, "origin": 3, "destination": 0, "demand": 0, "price": 8.735}, {"time_stamp": 18, "origin": 3, "destination": 0, "demand": 0, "price": 8.826}, {"time_stamp": 19, "origin": 3, "destination": 0, "demand": 0, "price": 8.826}, {"time_stamp": 20, "origin": 3, "destination": 0, "demand": 0, "price": 8.917000000000002}, {"time_stamp": 21, "origin": 3, "destination": 0, "demand": 0, "price": 8.917000000000002}, {"time_stamp": 22, "origin": 3, "destination": 0, "demand": 0, "price": 8.826}, {"time_stamp": 23, "origin": 3, "destination": 0, "demand": 0, "price": 8.826}, {"time_stamp": 0, "origin": 3, "destination": 1, "demand": 0, "price": 9.372}, {"time_stamp": 1, "origin": 3, "destination": 1, "demand": 0, "price": 9.372}, {"time_stamp": 2, "origin": 3, "destination": 1, "demand": 0, "price": 9.372}, {"time_stamp": 3, "origin": 3, "destination": 1, "demand": 0, "price": 9.372}, {"time_stamp": 4, "origin": 3, "destination": 1, "demand": 0, "price": 9.372}, {"time_stamp": 5, "origin": 3, "destination": 1, "demand": 0, "price": 9.372}, {"time_stamp": 6, "origin": 3, "destination": 1, "demand": 0, "price": 9.372}, {"time_stamp": 7, "origin": 3, "destination": 1, "demand": 0, "price": 9.372}, {"time_stamp": 8, "origin": 3, "destination": 1, "demand": 0, "price": 9.372}, {"time_stamp": 9, "origin": 3, "destination": 1, "demand": 0, "price": 9.372}, {"time_stamp": 10, "origin": 3, "destination": 1, "demand": 0, "price": 9.372}, {"time_stamp": 11, "origin": 3, "destination": 1, "demand": 0, "price": 9.372}, {"time_stamp": 12, "origin": 3, "destination": 1, "demand": 0, "price": 9.463000000000001}, {"time_stamp": 13, "origin": 3, "destination": 1, "demand": 0, "price": 9.463000000000001}, {"time_stamp": 14, "origin": 3, "destination": 1, "demand": 0, "price": 9.463000000000001}, {"time_stamp": 15, "origin": 3, "destination": 1, "demand": 0, "price": 9.463000000000001}, {"time_stamp": 16, "origin": 3, "destination": 1, "demand": 0, "price": 9.463000000000001}, {"time_stamp": 17, "origin": 3, "destination": 1, "demand": 0, "price": 9.463000000000001}, {"time_stamp": 18, "origin": 3, "destination": 1, "demand": 0, "price": 9.463000000000001}, {"time_stamp": 19, "origin": 3, "destination": 1, "demand": 0, "price": 9.463000000000001}, {"time_stamp": 20, "origin": 3, "destination": 1, "demand": 0, "price": 9.463000000000001}, {"time_stamp": 21, "origin": 3, "destination": 1, "demand": 0, "price": 9.463000000000001}, {"time_stamp": 22, "origin": 3, "destination": 1, "demand": 0, "price": 9.463000000000001}, {"time_stamp": 23, "origin": 3, "destination": 1, "demand": 0, "price": 9.463000000000001}, {"time_stamp": 0, "origin": 3, "destination": 2, "demand": 0, "price": 10.100000000000001}, {"time_stamp": 1, "origin": 3, "destination": 2, "demand": 0, "price": 10.100000000000001}, {"time_stamp": 2, "origin": 3, "destination": 2, "demand": 0, "price": 10.191}, {"time_stamp": 3, "origin": 3, "destination": 2, "demand": 0, "price": 10.191}, {"time_stamp": 4, "origin": 3, "destination": 2, "demand": 0, "price": 10.100000000000001}, {"time_stamp": 5, "origin": 3, "destination": 2, "demand": 0, "price": 10.100000000000001}, {"time_stamp": 6, "origin": 3, "destination": 2, "demand": 0, "price": 10.100000000000001}, {"time_stamp": 7, "origin": 3, "destination": 2, "demand": 0, "price": 10.100000000000001}, {"time_stamp": 8, "origin": 3, "destination": 2, "demand": 0, "price": 10.100000000000001}, {"time_stamp": 9, "origin": 3, "destination": 2, "demand": 0, "price": 10.100000000000001}, {"time_stamp": 10, "origin": 3, "destination": 2, "demand": 0, "price": 10.191}, {"time_stamp": 11, "origin": 3, "destination": 2, "demand": 0, "price": 10.191}, {"time_stamp": 12, "origin": 3, "destination": 2, "demand": 0, "price": 10.191}, {"time_stamp": 13, "origin": 3, "destination": 2, "demand": 0, "price": 10.191}, {"time_stamp": 14, "origin": 3, "destination": 2, "demand": 0, "price": 10.100000000000001}, {"time_stamp": 15, "origin": 3, "destination": 2, "demand": 0, "price": 10.100000000000001}, {"time_stamp": 16, "origin": 3, "destination": 2, "demand": 0, "price": 10.282}, {"time_stamp": 17, "origin": 3, "destination": 2, "demand": 0, "price": 10.282}, {"time_stamp": 18, "origin": 3, "destination": 2, "demand": 0, "price": 10.373000000000001}, {"time_stamp": 19, "origin": 3, "destination": 2, "demand": 0, "price": 10.373000000000001}, {"time_stamp": 20, "origin": 3, "destination": 2, "demand": 0, "price": 10.373000000000001}, {"time_stamp": 21, "origin": 3, "destination": 2, "demand": 0, "price": 10.373000000000001}, {"time_stamp": 22, "origin": 3, "destination": 2, "demand": 0, "price": 10.282}, {"time_stamp": 23, "origin": 3, "destination": 2, "demand": 0, "price": 10.282}, {"time_stamp": 0, "origin": 3, "destination": 3, "demand": 0, "price": 7.37}, {"time_stamp": 1, "origin": 3, "destination": 3, "demand": 0, "price": 7.37}, {"time_stamp": 2, "origin": 3, "destination": 3, "demand": 0, "price": 7.37}, {"time_stamp": 3, "origin": 3, "destination": 3, "demand": 0, "price": 7.37}, {"time_stamp": 4, "origin": 3, "destination": 3, "demand": 0, "price": 7.37}, {"time_stamp": 5, "origin": 3, "destination": 3, "demand": 0, "price": 7.37}, {"time_stamp": 6, "origin": 3, "destination": 3, "demand": 0, "price": 7.37}, {"time_stamp": 7, "origin": 3, "destination": 3, "demand": 0, "price": 7.37}, {"time_stamp": 8, "origin": 3, "destination": 3, "demand": 0, "price": 7.37}, {"time_stamp": 9, "origin": 3, "destination": 3, "demand": 0, "price": 7.37}, {"time_stamp": 10, "origin": 3, "destination": 3, "demand": 0, "price": 7.37}, {"time_stamp": 11, "origin": 3, "destination": 3, "demand": 0, "price": 7.37}, {"time_stamp": 12, "origin": 3, "destination": 3, "demand": 0, "price": 7.37}, {"time_stamp": 13, "origin": 3, "destination": 3, "demand": 0, "price": 7.37}, {"time_stamp": 14, "origin": 3, "destination": 3, "demand": 0, "price": 7.37}, {"time_stamp": 15, "origin": 3, "destination": 3, "demand": 0, "price": 7.37}, {"time_stamp": 16, "origin": 3, "destination": 3, "demand": 0, "price": 7.37}, {"time_stamp": 17, "origin": 3, "destination": 3, "demand": 0, "price": 7.37}, {"time_stamp": 18, "origin": 3, "destination": 3, "demand": 0, "price": 7.37}, {"time_stamp": 19, "origin": 3, "destination": 3, "demand": 0, "price": 7.37}, {"time_stamp": 20, "origin": 3, "destination": 3, "demand": 0, "price": 7.37}, {"time_stamp": 21, "origin": 3, "destination": 3, "demand": 0, "price": 7.37}, {"time_stamp": 22, "origin": 3, "destination": 3, "demand": 0, "price": 7.37}, {"time_stamp": 23, "origin": 3, "destination": 3, "demand": 0, "price": 7.37}, {"time_stamp": 0, "origin": 3, "destination": 4, "demand": 0, "price": 9.099}, {"time_stamp": 1, "origin": 3, "destination": 4, "demand": 0, "price": 9.099}, {"time_stamp": 2, "origin": 3, "destination": 4, "demand": 0, "price": 9.099}, {"time_stamp": 3, "origin": 3, "destination": 4, "demand": 0, "price": 9.099}, {"time_stamp": 4, "origin": 3, "destination": 4, "demand": 0, "price": 9.099}, {"time_stamp": 5, "origin": 3, "destination": 4, "demand": 0, "price": 9.099}, {"time_stamp": 6, "origin": 3, "destination": 4, "demand": 0, "price": 9.099}, {"time_stamp": 7, "origin": 3, "destination": 4, "demand": 0, "price": 9.099}, {"time_stamp": 8, "origin": 3, "destination": 4, "demand": 0, "price": 9.099}, {"time_stamp": 9, "origin": 3, "destination": 4, "demand": 0, "price": 9.099}, {"time_stamp": 10, "origin": 3, "destination": 4, "demand": 0, "price": 9.099}, {"time_stamp": 11, "origin": 3, "destination": 4, "demand": 0, "price": 9.099}, {"time_stamp": 12, "origin": 3, "destination": 4, "demand": 0, "price": 9.099}, {"time_stamp": 13, "origin": 3, "destination": 4, "demand": 0, "price": 9.099}, {"time_stamp": 14, "origin": 3, "destination": 4, "demand": 0, "price": 9.099}, {"time_stamp": 15, "origin": 3, "destination": 4, "demand": 0, "price": 9.099}, {"time_stamp": 16, "origin": 3, "destination": 4, "demand": 0, "price": 9.099}, {"time_stamp": 17, "origin": 3, "destination": 4, "demand": 0, "price": 9.099}, {"time_stamp": 18, "origin": 3, "destination": 4, "demand": 0, "price": 9.099}, {"time_stamp": 19, "origin": 3, "destination": 4, "demand": 0, "price": 9.099}, {"time_stamp": 20, "origin": 3, "destination": 4, "demand": 0, "price": 9.099}, {"time_stamp": 21, "origin": 3, "destination": 4, "demand": 0, "price": 9.099}, {"time_stamp": 22, "origin": 3, "destination": 4, "demand": 0, "price": 9.099}, {"time_stamp": 23, "origin": 3, "destination": 4, "demand": 0, "price": 9.099}, {"time_stamp": 0, "origin": 4, "destination": 0, "demand": 0, "price": 11.192}, {"time_stamp": 1, "origin": 4, "destination": 0, "demand": 0, "price": 11.192}, {"time_stamp": 2, "origin": 4, "destination": 0, "demand": 0, "price": 11.192}, {"time_stamp": 3, "origin": 4, "destination": 0, "demand": 0, "price": 11.192}, {"time_stamp": 4, "origin": 4, "destination": 0, "demand": 0, "price": 11.192}, {"time_stamp": 5, "origin": 4, "destination": 0, "demand": 0, "price": 11.192}, {"time_stamp": 6, "origin": 4, "destination": 0, "demand": 0, "price": 11.283000000000001}, {"time_stamp": 7, "origin": 4, "destination": 0, "demand": 0, "price": 11.283000000000001}, {"time_stamp": 8, "origin": 4, "destination": 0, "demand": 0, "price": 11.192}, {"time_stamp": 9, "origin": 4, "destination": 0, "demand": 0, "price": 11.192}, {"time_stamp": 10, "origin": 4, "destination": 0, "demand": 0, "price": 11.100999999999999}, {"time_stamp": 11, "origin": 4, "destination": 0, "demand": 0, "price": 11.100999999999999}, {"time_stamp": 12, "origin": 4, "destination": 0, "demand": 0, "price": 11.387}, {"time_stamp": 13, "origin": 4, "destination": 0, "demand": 0, "price": 11.387}, {"time_stamp": 14, "origin": 4, "destination": 0, "demand": 0, "price": 11.296}, {"time_stamp": 15, "origin": 4, "destination": 0, "demand": 0, "price": 11.296}, {"time_stamp": 16, "origin": 4, "destination": 0, "demand": 0, "price": 10.919}, {"time_stamp": 17, "origin": 4, "destination": 0, "demand": 0, "price": 10.919}, {"time_stamp": 18, "origin": 4, "destination": 0, "demand": 0, "price": 11.010000000000002}, {"time_stamp": 19, "origin": 4, "destination": 0, "demand": 0, "price": 11.010000000000002}, {"time_stamp": 20, "origin": 4, "destination": 0, "demand": 0, "price": 11.100999999999999}, {"time_stamp": 21, "origin": 4, "destination": 0, "demand": 0, "price": 11.100999999999999}, {"time_stamp": 22, "origin": 4, "destination": 0, "demand": 0, "price": 11.192}, {"time_stamp": 23, "origin": 4, "destination": 0, "demand": 0, "price": 11.192}, {"time_stamp": 0, "origin": 4, "destination": 1, "demand": 0, "price": 12.556999999999999}, {"time_stamp": 1, "origin": 4, "destination": 1, "demand": 0, "price": 12.556999999999999}, {"time_stamp": 2, "origin": 4, "destination": 1, "demand": 0, "price": 12.556999999999999}, {"time_stamp": 3, "origin": 4, "destination": 1, "demand": 0, "price": 12.556999999999999}, {"time_stamp": 4, "origin": 4, "destination": 1, "demand": 0, "price": 12.556999999999999}, {"time_stamp": 5, "origin": 4, "destination": 1, "demand": 0, "price": 12.556999999999999}, {"time_stamp": 6, "origin": 4, "destination": 1, "demand": 0, "price": 12.556999999999999}, {"time_stamp": 7, "origin": 4, "destination": 1, "demand": 0, "price": 12.556999999999999}, {"time_stamp": 8, "origin": 4, "destination": 1, "demand": 0, "price": 12.556999999999999}, {"time_stamp": 9, "origin": 4, "destination": 1, "demand": 0, "price": 12.556999999999999}, {"time_stamp": 10, "origin": 4, "destination": 1, "demand": 0, "price": 12.466000000000001}, {"time_stamp": 11, "origin": 4, "destination": 1, "demand": 0, "price": 12.466000000000001}, {"time_stamp": 12, "origin": 4, "destination": 1, "demand": 0, "price": 12.843}, {"time_stamp": 13, "origin": 4, "destination": 1, "demand": 0, "price": 12.843}, {"time_stamp": 14, "origin": 4, "destination": 1, "demand": 0, "price": 12.660999999999998}, {"time_stamp": 15, "origin": 4, "destination": 1, "demand": 0, "price": 12.660999999999998}, {"time_stamp": 16, "origin": 4, "destination": 1, "demand": 0, "price": 12.751999999999999}, {"time_stamp": 17, "origin": 4, "destination": 1, "demand": 0, "price": 12.751999999999999}, {"time_stamp": 18, "origin": 4, "destination": 1, "demand": 0, "price": 12.660999999999998}, {"time_stamp": 19, "origin": 4, "destination": 1, "demand": 0, "price": 12.660999999999998}, {"time_stamp": 20, "origin": 4, "destination": 1, "demand": 0, "price": 12.751999999999999}, {"time_stamp": 21, "origin": 4, "destination": 1, "demand": 0, "price": 12.751999999999999}, {"time_stamp": 22, "origin": 4, "destination": 1, "demand": 0, "price": 12.751999999999999}, {"time_stamp": 23, "origin": 4, "destination": 1, "demand": 0, "price": 12.751999999999999}, {"time_stamp": 0, "origin": 4, "destination": 2, "demand": 0, "price": 11.192}, {"time_stamp": 1, "origin": 4, "destination": 2, "demand": 0, "price": 11.192}, {"time_stamp": 2, "origin": 4, "destination": 2, "demand": 0, "price": 11.192}, {"time_stamp": 3, "origin": 4, "destination": 2, "demand": 0, "price": 11.192}, {"time_stamp": 4, "origin": 4, "destination": 2, "demand": 0, "price": 11.192}, {"time_stamp": 5, "origin": 4, "destination": 2, "demand": 0, "price": 11.192}, {"time_stamp": 6, "origin": 4, "destination": 2, "demand": 0, "price": 11.192}, {"time_stamp": 7, "origin": 4, "destination": 2, "demand": 0, "price": 11.192}, {"time_stamp": 8, "origin": 4, "destination": 2, "demand": 0, "price": 11.192}, {"time_stamp": 9, "origin": 4, "destination": 2, "demand": 0, "price": 11.192}, {"time_stamp": 10, "origin": 4, "destination": 2, "demand": 0, "price": 11.283000000000001}, {"time_stamp": 11, "origin": 4, "destination": 2, "demand": 0, "price": 11.283000000000001}, {"time_stamp": 12, "origin": 4, "destination": 2, "demand": 0, "price": 11.283000000000001}, {"time_stamp": 13, "origin": 4, "destination": 2, "demand": 0, "price": 11.283000000000001}, {"time_stamp": 14, "origin": 4, "destination": 2, "demand": 0, "price": 11.192}, {"time_stamp": 15, "origin": 4, "destination": 2, "demand": 0, "price": 11.192}, {"time_stamp": 16, "origin": 4, "destination": 2, "demand": 0, "price": 11.192}, {"time_stamp": 17, "origin": 4, "destination": 2, "demand": 0, "price": 11.192}, {"time_stamp": 18, "origin": 4, "destination": 2, "demand": 0, "price": 11.192}, {"time_stamp": 19, "origin": 4, "destination": 2, "demand": 0, "price": 11.192}, {"time_stamp": 20, "origin": 4, "destination": 2, "demand": 0, "price": 11.283000000000001}, {"time_stamp": 21, "origin": 4, "destination": 2, "demand": 0, "price": 11.283000000000001}, {"time_stamp": 22, "origin": 4, "destination": 2, "demand": 0, "price": 11.192}, {"time_stamp": 23, "origin": 4, "destination": 2, "demand": 0, "price": 11.192}, {"time_stamp": 0, "origin": 4, "destination": 3, "demand": 0, "price": 9.099}, {"time_stamp": 1, "origin": 4, "destination": 3, "demand": 0, "price": 9.099}, {"time_stamp": 2, "origin": 4, "destination": 3, "demand": 0, "price": 9.099}, {"time_stamp": 3, "origin": 4, "destination": 3, "demand": 0, "price": 9.099}, {"time_stamp": 4, "origin": 4, "destination": 3, "demand": 0, "price": 9.099}, {"time_stamp": 5, "origin": 4, "destination": 3, "demand": 0, "price": 9.099}, {"time_stamp": 6, "origin": 4, "destination": 3, "demand": 0, "price": 9.099}, {"time_stamp": 7, "origin": 4, "destination": 3, "demand": 0, "price": 9.099}, {"time_stamp": 8, "origin": 4, "destination": 3, "demand": 0, "price": 9.099}, {"time_stamp": 9, "origin": 4, "destination": 3, "demand": 0, "price": 9.099}, {"time_stamp": 10, "origin": 4, "destination": 3, "demand": 0, "price": 9.099}, {"time_stamp": 11, "origin": 4, "destination": 3, "demand": 0, "price": 9.099}, {"time_stamp": 12, "origin": 4, "destination": 3, "demand": 0, "price": 9.099}, {"time_stamp": 13, "origin": 4, "destination": 3, "demand": 0, "price": 9.099}, {"time_stamp": 14, "origin": 4, "destination": 3, "demand": 0, "price": 9.099}, {"time_stamp": 15, "origin": 4, "destination": 3, "demand": 0, "price": 9.099}, {"time_stamp": 16, "origin": 4, "destination": 3, "demand": 0, "price": 9.008}, {"time_stamp": 17, "origin": 4, "destination": 3, "demand": 0, "price": 9.008}, {"time_stamp": 18, "origin": 4, "destination": 3, "demand": 0, "price": 9.008}, {"time_stamp": 19, "origin": 4, "destination": 3, "demand": 0, "price": 9.008}, {"time_stamp": 20, "origin": 4, "destination": 3, "demand": 0, "price": 9.099}, {"time_stamp": 21, "origin": 4, "destination": 3, "demand": 0, "price": 9.099}, {"time_stamp": 22, "origin": 4, "destination": 3, "demand": 0, "price": 9.099}, {"time_stamp": 23, "origin": 4, "destination": 3, "demand": 0, "price": 9.099}, {"time_stamp": 0, "origin": 4, "destination": 4, "demand": 0, "price": 7.643}, {"time_stamp": 1, "origin": 4, "destination": 4, "demand": 0, "price": 7.643}, {"time_stamp": 2, "origin": 4, "destination": 4, "demand": 0, "price": 7.643}, {"time_stamp": 3, "origin": 4, "destination": 4, "demand": 0, "price": 7.643}, {"time_stamp": 4, "origin": 4, "destination": 4, "demand": 0, "price": 7.734}, {"time_stamp": 5, "origin": 4, "destination": 4, "demand": 0, "price": 7.734}, {"time_stamp": 6, "origin": 4, "destination": 4, "demand": 0, "price": 7.643}, {"time_stamp": 7, "origin": 4, "destination": 4, "demand": 0, "price": 7.643}, {"time_stamp": 8, "origin": 4, "destination": 4, "demand": 0, "price": 7.643}, {"time_stamp": 9, "origin": 4, "destination": 4, "demand": 0, "price": 7.643}, {"time_stamp": 10, "origin": 4, "destination": 4, "demand": 0, "price": 7.734}, {"time_stamp": 11, "origin": 4, "destination": 4, "demand": 0, "price": 7.734}, {"time_stamp": 12, "origin": 4, "destination": 4, "demand": 0, "price": 7.734}, {"time_stamp": 13, "origin": 4, "destination": 4, "demand": 0, "price": 7.734}, {"time_stamp": 14, "origin": 4, "destination": 4, "demand": 0, "price": 7.734}, {"time_stamp": 15, "origin": 4, "destination": 4, "demand": 0, "price": 7.734}, {"time_stamp": 16, "origin": 4, "destination": 4, "demand": 0, "price": 7.643}, {"time_stamp": 17, "origin": 4, "destination": 4, "demand": 0, "price": 7.643}, {"time_stamp": 18, "origin": 4, "destination": 4, "demand": 0, "price": 7.734}, {"time_stamp": 19, "origin": 4, "destination": 4, "demand": 0, "price": 7.734}, {"time_stamp": 20, "origin": 4, "destination": 4, "demand": 0, "price": 7.825}, {"time_stamp": 21, "origin": 4, "destination": 4, "demand": 0, "price": 7.825}, {"time_stamp": 22, "origin": 4, "destination": 4, "demand": 0, "price": 7.734}, {"time_stamp": 23, "origin": 4, "destination": 4, "demand": 0, "price": 7.734}], "rebTime": [{"time_stamp": 0, "origin": 0, "destination": 0, "reb_time": 1}, {"time_stamp": 1, "origin": 0, "destination": 0, "reb_time": 1}, {"time_stamp": 2, "origin": 0, "destination": 0, "reb_time": 1}, {"time_stamp": 3, "origin": 0, "destination": 0, "reb_time": 1}, {"time_stamp": 4, "origin": 0, "destination": 0, "reb_time": 1}, {"time_stamp": 5, "origin": 0, "destination": 0, "reb_time": 1}, {"time_stamp": 6, "origin": 0, "destination": 0, "reb_time": 1}, {"time_stamp": 7, "origin": 0, "destination": 0, "reb_time": 1}, {"time_stamp": 8, "origin": 0, "destination": 0, "reb_time": 1}, {"time_stamp": 9, "origin": 0, "destination": 0, "reb_time": 1}, {"time_stamp": 10, "origin": 0, "destination": 0, "reb_time": 1}, {"time_stamp": 11, "origin": 0, "destination": 0, "reb_time": 1}, {"time_stamp": 12, "origin": 0, "destination": 0, "reb_time": 1}, {"time_stamp": 13, "origin": 0, "destination": 0, "reb_time": 1}, {"time_stamp": 14, "origin": 0, "destination": 0, "reb_time": 1}, {"time_stamp": 15, "origin": 0, "destination": 0, "reb_time": 1}, {"time_stamp": 16, "origin": 0, "destination": 0, "reb_time": 1}, {"time_stamp": 17, "origin": 0, "destination": 0, "reb_time": 1}, {"time_stamp": 18, "origin": 0, "destination": 0, "reb_time": 1}, {"time_stamp": 19, "origin": 0, "destination": 0, "reb_time": 1}, {"time_stamp": 20, "origin": 0, "destination": 0, "reb_time": 1}, {"time_stamp": 21, "origin": 0, "destination": 0, "reb_time": 1}, {"time_stamp": 22, "origin": 0, "destination": 0, "reb_time": 1}, {"time_stamp": 23, "origin": 0, "destination": 0, "reb_time": 1}, {"time_stamp": 0, "origin": 0, "destination": 1, "reb_time": 1}, {"time_stamp": 1, "origin": 0, "destination": 1, "reb_time": 1}, {"time_stamp": 2, "origin": 0, "destination": 1, "reb_time": 1}, {"time_stamp": 3, "origin": 0, "destination": 1, "reb_time": 1}, {"time_stamp": 4, "origin": 0, "destination": 1, "reb_time": 1}, {"time_stamp": 5, "origin": 0, "destination": 1, "reb_time": 1}, {"time_stamp": 6, "origin": 0, "destination": 1, "reb_time": 1}, {"time_stamp": 7, "origin": 0, "destination": 1, "reb_time": 1}, {"time_stamp": 8, "origin": 0, "destination": 1, "reb_time": 1}, {"time_stamp": 9, "origin": 0, "destination": 1, "reb_time": 1}, {"time_stamp": 10, "origin": 0, "destination": 1, "reb_time": 1}, {"time_stamp": 11, "origin": 0, "destination": 1, "reb_time": 1}, {"time_stamp": 12, "origin": 0, "destination": 1, "reb_time": 1}, {"time_stamp": 13, "origin": 0, "destination": 1, "reb_time": 1}, {"time_stamp": 14, "origin": 0, "destination": 1, "reb_time": 1}, {"time_stamp": 15, "origin": 0, "destination": 1, "reb_time": 1}, {"time_stamp": 16, "origin": 0, "destination": 1, "reb_time": 1}, {"time_stamp": 17, "origin": 0, "destination": 1, "reb_time": 1}, {"time_stamp": 18, "origin": 0, "destination": 1, "reb_time": 1}, {"time_stamp": 19, "origin": 0, "destination": 1, "reb_time": 1}, {"time_stamp": 20, "origin": 0, "destination": 1, "reb_time": 1}, {"time_stamp": 21, "origin": 0, "destination": 1, "reb_time": 1}, {"time_stamp": 22, "origin": 0, "destination": 1, "reb_time": 1}, {"time_stamp": 23, "origin": 0, "destination": 1, "reb_time": 1}, {"time_stamp": 0, "origin": 0, "destination": 2, "reb_time": 1}, {"time_stamp": 1, "origin": 0, "destination": 2, "reb_time": 1}, {"time_stamp": 2, "origin": 0, "destination": 2, "reb_time": 1}, {"time_stamp": 3, "origin": 0, "destination": 2, "reb_time": 1}, {"time_stamp": 4, "origin": 0, "destination": 2, "reb_time": 1}, {"time_stamp": 5, "origin": 0, "destination": 2, "reb_time": 1}, {"time_stamp": 6, "origin": 0, "destination": 2, "reb_time": 1}, {"time_stamp": 7, "origin": 0, "destination": 2, "reb_time": 1}, {"time_stamp": 8, "origin": 0, "destination": 2, "reb_time": 1}, {"time_stamp": 9, "origin": 0, "destination": 2, "reb_time": 1}, {"time_stamp": 10, "origin": 0, "destination": 2, "reb_time": 1}, {"time_stamp": 11, "origin": 0, "destination": 2, "reb_time": 1}, {"time_stamp": 12, "origin": 0, "destination": 2, "reb_time": 1}, {"time_stamp": 13, "origin": 0, "destination": 2, "reb_time": 1}, {"time_stamp": 14, "origin": 0, "destination": 2, "reb_time": 1}, {"time_stamp": 15, "origin": 0, "destination": 2, "reb_time": 1}, {"time_stamp": 16, "origin": 0, "destination": 2, "reb_time": 1}, {"time_stamp": 17, "origin": 0, "destination": 2, "reb_time": 1}, {"time_stamp": 18, "origin": 0, "destination": 2, "reb_time": 1}, {"time_stamp": 19, "origin": 0, "destination": 2, "reb_time": 1}, {"time_stamp": 20, "origin": 0, "destination": 2, "reb_time": 2}, {"time_stamp": 21, "origin": 0, "destination": 2, "reb_time": 2}, {"time_stamp": 22, "origin": 0, "destination": 2, "reb_time": 2}, {"time_stamp": 23, "origin": 0, "destination": 2, "reb_time": 2}, {"time_stamp": 0, "origin": 0, "destination": 3, "reb_time": 1}, {"time_stamp": 1, "origin": 0, "destination": 3, "reb_time": 1}, {"time_stamp": 2, "origin": 0, "destination": 3, "reb_time": 1}, {"time_stamp": 3, "origin": 0, "destination": 3, "reb_time": 1}, {"time_stamp": 4, "origin": 0, "destination": 3, "reb_time": 1}, {"time_stamp": 5, "origin": 0, "destination": 3, "reb_time": 1}, {"time_stamp": 6, "origin": 0, "destination": 3, "reb_time": 1}, {"time_stamp": 7, "origin": 0, "destination": 3, "reb_time": 1}, {"time_stamp": 8, "origin": 0, "destination": 3, "reb_time": 1}, {"time_stamp": 9, "origin": 0, "destination": 3, "reb_time": 1}, {"time_stamp": 10, "origin": 0, "destination": 3, "reb_time": 1}, {"time_stamp": 11, "origin": 0, "destination": 3, "reb_time": 1}, {"time_stamp": 12, "origin": 0, "destination": 3, "reb_time": 1}, {"time_stamp": 13, "origin": 0, "destination": 3, "reb_time": 1}, {"time_stamp": 14, "origin": 0, "destination": 3, "reb_time": 1}, {"time_stamp": 15, "origin": 0, "destination": 3, "reb_time": 1}, {"time_stamp": 16, "origin": 0, "destination": 3, "reb_time": 1}, {"time_stamp": 17, "origin": 0, "destination": 3, "reb_time": 1}, {"time_stamp": 18, "origin": 0, "destination": 3, "reb_time": 1}, {"time_stamp": 19, "origin": 0, "destination": 3, "reb_time": 1}, {"time_stamp": 20, "origin": 0, "destination": 3, "reb_time": 1}, {"time_stamp": 21, "origin": 0, "destination": 3, "reb_time": 1}, {"time_stamp": 22, "origin": 0, "destination": 3, "reb_time": 1}, {"time_stamp": 23, "origin": 0, "destination": 3, "reb_time": 1}, {"time_stamp": 0, "origin": 0, "destination": 4, "reb_time": 1}, {"time_stamp": 1, "origin": 0, "destination": 4, "reb_time": 1}, {"time_stamp": 2, "origin": 0, "destination": 4, "reb_time": 1}, {"time_stamp": 3, "origin": 0, "destination": 4, "reb_time": 1}, {"time_stamp": 4, "origin": 0, "destination": 4, "reb_time": 1}, {"time_stamp": 5, "origin": 0, "destination": 4, "reb_time": 1}, {"time_stamp": 6, "origin": 0, "destination": 4, "reb_time": 1}, {"time_stamp": 7, "origin": 0, "destination": 4, "reb_time": 1}, {"time_stamp": 8, "origin": 0, "destination": 4, "reb_time": 1}, {"time_stamp": 9, "origin": 0, "destination": 4, "reb_time": 1}, {"time_stamp": 10, "origin": 0, "destination": 4, "reb_time": 1}, {"time_stamp": 11, "origin": 0, "destination": 4, "reb_time": 1}, {"time_stamp": 12, "origin": 0, "destination": 4, "reb_time": 1}, {"time_stamp": 13, "origin": 0, "destination": 4, "reb_time": 1}, {"time_stamp": 14, "origin": 0, "destination": 4, "reb_time": 1}, {"time_stamp": 15, "origin": 0, "destination": 4, "reb_time": 1}, {"time_stamp": 16, "origin": 0, "destination": 4, "reb_time": 1}, {"time_stamp": 17, "origin": 0, "destination": 4, "reb_time": 1}, {"time_stamp": 18, "origin": 0, "destination": 4, "reb_time": 1}, {"time_stamp": 19, "origin": 0, "destination": 4, "reb_time": 1}, {"time_stamp": 20, "origin": 0, "destination": 4, "reb_time": 1}, {"time_stamp": 21, "origin": 0, "destination": 4, "reb_time": 1}, {"time_stamp": 22, "origin": 0, "destination": 4, "reb_time": 1}, {"time_stamp": 23, "origin": 0, "destination": 4, "reb_time": 1}, {"time_stamp": 0, "origin": 1, "destination": 0, "reb_time": 1}, {"time_stamp": 1, "origin": 1, "destination": 0, "reb_time": 1}, {"time_stamp": 2, "origin": 1, "destination": 0, "reb_time": 1}, {"time_stamp": 3, "origin": 1, "destination": 0, "reb_time": 1}, {"time_stamp": 4, "origin": 1, "destination": 0, "reb_time": 1}, {"time_stamp": 5, "origin": 1, "destination": 0, "reb_time": 1}, {"time_stamp": 6, "origin": 1, "destination": 0, "reb_time": 1}, {"time_stamp": 7, "origin": 1, "destination": 0, "reb_time": 1}, {"time_stamp": 8, "origin": 1, "destination": 0, "reb_time": 1}, {"time_stamp": 9, "origin": 1, "destination": 0, "reb_time": 1}, {"time_stamp": 10, "origin": 1, "destination": 0, "reb_time": 1}, {"time_stamp": 11, "origin": 1, "destination": 0, "reb_time": 1}, {"time_stamp": 12, "origin": 1, "destination": 0, "reb_time": 1}, {"time_stamp": 13, "origin": 1, "destination": 0, "reb_time": 1}, {"time_stamp": 14, "origin": 1, "destination": 0, "reb_time": 1}, {"time_stamp": 15, "origin": 1, "destination": 0, "reb_time": 1}, {"time_stamp": 16, "origin": 1, "destination": 0, "reb_time": 1}, {"time_stamp": 17, "origin": 1, "destination": 0, "reb_time": 1}, {"time_stamp": 18, "origin": 1, "destination": 0, "reb_time": 1}, {"time_stamp": 19, "origin": 1, "destination": 0, "reb_time": 1}, {"time_stamp": 20, "origin": 1, "destination": 0, "reb_time": 1}, {"time_stamp": 21, "origin": 1, "destination": 0, "reb_time": 1}, {"time_stamp": 22, "origin": 1, "destination": 0, "reb_time": 1}, {"time_stamp": 23, "origin": 1, "destination": 0, "reb_time": 1}, {"time_stamp": 0, "origin": 1, "destination": 1, "reb_time": 1}, {"time_stamp": 1, "origin": 1, "destination": 1, "reb_time": 1}, {"time_stamp": 2, "origin": 1, "destination": 1, "reb_time": 1}, {"time_stamp": 3, "origin": 1, "destination": 1, "reb_time": 1}, {"time_stamp": 4, "origin": 1, "destination": 1, "reb_time": 1}, {"time_stamp": 5, "origin": 1, "destination": 1, "reb_time": 1}, {"time_stamp": 6, "origin": 1, "destination": 1, "reb_time": 1}, {"time_stamp": 7, "origin": 1, "destination": 1, "reb_time": 1}, {"time_stamp": 8, "origin": 1, "destination": 1, "reb_time": 1}, {"time_stamp": 9, "origin": 1, "destination": 1, "reb_time": 1}, {"time_stamp": 10, "origin": 1, "destination": 1, "reb_time": 1}, {"time_stamp": 11, "origin": 1, "destination": 1, "reb_time": 1}, {"time_stamp": 12, "origin": 1, "destination": 1, "reb_time": 1}, {"time_stamp": 13, "origin": 1, "destination": 1, "reb_time": 1}, {"time_stamp": 14, "origin": 1, "destination": 1, "reb_time": 1}, {"time_stamp": 15, "origin": 1, "destination": 1, "reb_time": 1}, {"time_stamp": 16, "origin": 1, "destination": 1, "reb_time": 1}, {"time_stamp": 17, "origin": 1, "destination": 1, "reb_time": 1}, {"time_stamp": 18, "origin": 1, "destination": 1, "reb_time": 1}, {"time_stamp": 19, "origin": 1, "destination": 1, "reb_time": 1}, {"time_stamp": 20, "origin": 1, "destination": 1, "reb_time": 1}, {"time_stamp": 21, "origin": 1, "destination": 1, "reb_time": 1}, {"time_stamp": 22, "origin": 1, "destination": 1, "reb_time": 1}, {"time_stamp": 23, "origin": 1, "destination": 1, "reb_time": 1}, {"time_stamp": 0, "origin": 1, "destination": 2, "reb_time": 1}, {"time_stamp": 1, "origin": 1, "destination": 2, "reb_time": 1}, {"time_stamp": 2, "origin": 1, "destination": 2, "reb_time": 1}, {"time_stamp": 3, "origin": 1, "destination": 2, "reb_time": 1}, {"time_stamp": 4, "origin": 1, "destination": 2, "reb_time": 1}, {"time_stamp": 5, "origin": 1, "destination": 2, "reb_time": 1}, {"time_stamp": 6, "origin": 1, "destination": 2, "reb_time": 1}, {"time_stamp": 7, "origin": 1, "destination": 2, "reb_time": 1}, {"time_stamp": 8, "origin": 1, "destination": 2, "reb_time": 1}, {"time_stamp": 9, "origin": 1, "destination": 2, "reb_time": 1}, {"time_stamp": 10, "origin": 1, "destination": 2, "reb_time": 1}, {"time_stamp": 11, "origin": 1, "destination": 2, "reb_time": 1}, {"time_stamp": 12, "origin": 1, "destination": 2, "reb_time": 1}, {"time_stamp": 13, "origin": 1, "destination": 2, "reb_time": 1}, {"time_stamp": 14, "origin": 1, "destination": 2, "reb_time": 1}, {"time_stamp": 15, "origin": 1, "destination": 2, "reb_time": 1}, {"time_stamp": 16, "origin": 1, "destination": 2, "reb_time": 1}, {"time_stamp": 17, "origin": 1, "destination": 2, "reb_time": 1}, {"time_stamp": 18, "origin": 1, "destination": 2, "reb_time": 1}, {"time_stamp": 19, "origin": 1, "destination": 2, "reb_time": 1}, {"time_stamp": 20, "origin": 1, "destination": 2, "reb_time": 1}, {"time_stamp": 21, "origin": 1, "destination": 2, "reb_time": 1}, {"time_stamp": 22, "origin": 1, "destination": 2, "reb_time": 1}, {"time_stamp": 23, "origin": 1, "destination": 2, "reb_time": 1}, {"time_stamp": 0, "origin": 1, "destination": 3, "reb_time": 1}, {"time_stamp": 1, "origin": 1, "destination": 3, "reb_time": 1}, {"time_stamp": 2, "origin": 1, "destination": 3, "reb_time": 1}, {"time_stamp": 3, "origin": 1, "destination": 3, "reb_time": 1}, {"time_stamp": 4, "origin": 1, "destination": 3, "reb_time": 1}, {"time_stamp": 5, "origin": 1, "destination": 3, "reb_time": 1}, {"time_stamp": 6, "origin": 1, "destination": 3, "reb_time": 1}, {"time_stamp": 7, "origin": 1, "destination": 3, "reb_time": 1}, {"time_stamp": 8, "origin": 1, "destination": 3, "reb_time": 1}, {"time_stamp": 9, "origin": 1, "destination": 3, "reb_time": 1}, {"time_stamp": 10, "origin": 1, "destination": 3, "reb_time": 1}, {"time_stamp": 11, "origin": 1, "destination": 3, "reb_time": 1}, {"time_stamp": 12, "origin": 1, "destination": 3, "reb_time": 1}, {"time_stamp": 13, "origin": 1, "destination": 3, "reb_time": 1}, {"time_stamp": 14, "origin": 1, "destination": 3, "reb_time": 1}, {"time_stamp": 15, "origin": 1, "destination": 3, "reb_time": 1}, {"time_stamp": 16, "origin": 1, "destination": 3, "reb_time": 1}, {"time_stamp": 17, "origin": 1, "destination": 3, "reb_time": 1}, {"time_stamp": 18, "origin": 1, "destination": 3, "reb_time": 1}, {"time_stamp": 19, "origin": 1, "destination": 3, "reb_time": 1}, {"time_stamp": 20, "origin": 1, "destination": 3, "reb_time": 1}, {"time_stamp": 21, "origin": 1, "destination": 3, "reb_time": 1}, {"time_stamp": 22, "origin": 1, "destination": 3, "reb_time": 1}, {"time_stamp": 23, "origin": 1, "destination": 3, "reb_time": 1}, {"time_stamp": 0, "origin": 1, "destination": 4, "reb_time": 1}, {"time_stamp": 1, "origin": 1, "destination": 4, "reb_time": 1}, {"time_stamp": 2, "origin": 1, "destination": 4, "reb_time": 1}, {"time_stamp": 3, "origin": 1, "destination": 4, "reb_time": 1}, {"time_stamp": 4, "origin": 1, "destination": 4, "reb_time": 1}, {"time_stamp": 5, "origin": 1, "destination": 4, "reb_time": 1}, {"time_stamp": 6, "origin": 1, "destination": 4, "reb_time": 1}, {"time_stamp": 7, "origin": 1, "destination": 4, "reb_time": 1}, {"time_stamp": 8, "origin": 1, "destination": 4, "reb_time": 1}, {"time_stamp": 9, "origin": 1, "destination": 4, "reb_time": 1}, {"time_stamp": 10, "origin": 1, "destination": 4, "reb_time": 1}, {"time_stamp": 11, "origin": 1, "destination": 4, "reb_time": 1}, {"time_stamp": 12, "origin": 1, "destination": 4, "reb_time": 1}, {"time_stamp": 13, "origin": 1, "destination": 4, "reb_time": 1}, {"time_stamp": 14, "origin": 1, "destination": 4, "reb_time": 1}, {"time_stamp": 15, "origin": 1, "destination": 4, "reb_time": 1}, {"time_stamp": 16, "origin": 1, "destination": 4, "reb_time": 1}, {"time_stamp": 17, "origin": 1, "destination": 4, "reb_time": 1}, {"time_stamp": 18, "origin": 1, "destination": 4, "reb_time": 1}, {"time_stamp": 19, "origin": 1, "destination": 4, "reb_time": 1}, {"time_stamp": 20, "origin": 1, "destination": 4, "reb_time": 1}, {"time_stamp": 21, "origin": 1, "destination": 4, "reb_time": 1}, {"time_stamp": 22, "origin": 1, "destination": 4, "reb_time": 2}, {"time_stamp": 23, "origin": 1, "destination": 4, "reb_time": 2}, {"time_stamp": 0, "origin": 2, "destination": 0, "reb_time": 1}, {"time_stamp": 1, "origin": 2, "destination": 0, "reb_time": 1}, {"time_stamp": 2, "origin": 2, "destination": 0, "reb_time": 1}, {"time_stamp": 3, "origin": 2, "destination": 0, "reb_time": 1}, {"time_stamp": 4, "origin": 2, "destination": 0, "reb_time": 1}, {"time_stamp": 5, "origin": 2, "destination": 0, "reb_time": 1}, {"time_stamp": 6, "origin": 2, "destination": 0, "reb_time": 1}, {"time_stamp": 7, "origin": 2, "destination": 0, "reb_time": 1}, {"time_stamp": 8, "origin": 2, "destination": 0, "reb_time": 1}, {"time_stamp": 9, "origin": 2, "destination": 0, "reb_time": 1}, {"time_stamp": 10, "origin": 2, "destination": 0, "reb_time": 1}, {"time_stamp": 11, "origin": 2, "destination": 0, "reb_time": 1}, {"time_stamp": 12, "origin": 2, "destination": 0, "reb_time": 2}, {"time_stamp": 13, "origin": 2, "destination": 0, "reb_time": 2}, {"time_stamp": 14, "origin": 2, "destination": 0, "reb_time": 2}, {"time_stamp": 15, "origin": 2, "destination": 0, "reb_time": 2}, {"time_stamp": 16, "origin": 2, "destination": 0, "reb_time": 2}, {"time_stamp": 17, "origin": 2, "destination": 0, "reb_time": 2}, {"time_stamp": 18, "origin": 2, "destination": 0, "reb_time": 2}, {"time_stamp": 19, "origin": 2, "destination": 0, "reb_time": 2}, {"time_stamp": 20, "origin": 2, "destination": 0, "reb_time": 2}, {"time_stamp": 21, "origin": 2, "destination": 0, "reb_time": 2}, {"time_stamp": 22, "origin": 2, "destination": 0, "reb_time": 2}, {"time_stamp": 23, "origin": 2, "destination": 0, "reb_time": 2}, {"time_stamp": 0, "origin": 2, "destination": 1, "reb_time": 1}, {"time_stamp": 1, "origin": 2, "destination": 1, "reb_time": 1}, {"time_stamp": 2, "origin": 2, "destination": 1, "reb_time": 1}, {"time_stamp": 3, "origin": 2, "destination": 1, "reb_time": 1}, {"time_stamp": 4, "origin": 2, "destination": 1, "reb_time": 1}, {"time_stamp": 5, "origin": 2, "destination": 1, "reb_time": 1}, {"time_stamp": 6, "origin": 2, "destination": 1, "reb_time": 1}, {"time_stamp": 7, "origin": 2, "destination": 1, "reb_time": 1}, {"time_stamp": 8, "origin": 2, "destination": 1, "reb_time": 1}, {"time_stamp": 9, "origin": 2, "destination": 1, "reb_time": 1}, {"time_stamp": 10, "origin": 2, "destination": 1, "reb_time": 1}, {"time_stamp": 11, "origin": 2, "destination": 1, "reb_time": 1}, {"time_stamp": 12, "origin": 2, "destination": 1, "reb_time": 1}, {"time_stamp": 13, "origin": 2, "destination": 1, "reb_time": 1}, {"time_stamp": 14, "origin": 2, "destination": 1, "reb_time": 1}, {"time_stamp": 15, "origin": 2, "destination": 1, "reb_time": 1}, {"time_stamp": 16, "origin": 2, "destination": 1, "reb_time": 1}, {"time_stamp": 17, "origin": 2, "destination": 1, "reb_time": 1}, {"time_stamp": 18, "origin": 2, "destination": 1, "reb_time": 1}, {"time_stamp": 19, "origin": 2, "destination": 1, "reb_time": 1}, {"time_stamp": 20, "origin": 2, "destination": 1, "reb_time": 1}, {"time_stamp": 21, "origin": 2, "destination": 1, "reb_time": 1}, {"time_stamp": 22, "origin": 2, "destination": 1, "reb_time": 1}, {"time_stamp": 23, "origin": 2, "destination": 1, "reb_time": 1}, {"time_stamp": 0, "origin": 2, "destination": 2, "reb_time": 1}, {"time_stamp": 1, "origin": 2, "destination": 2, "reb_time": 1}, {"time_stamp": 2, "origin": 2, "destination": 2, "reb_time": 1}, {"time_stamp": 3, "origin": 2, "destination": 2, "reb_time": 1}, {"time_stamp": 4, "origin": 2, "destination": 2, "reb_time": 1}, {"time_stamp": 5, "origin": 2, "destination": 2, "reb_time": 1}, {"time_stamp": 6, "origin": 2, "destination": 2, "reb_time": 1}, {"time_stamp": 7, "origin": 2, "destination": 2, "reb_time": 1}, {"time_stamp": 8, "origin": 2, "destination": 2, "reb_time": 1}, {"time_stamp": 9, "origin": 2, "destination": 2, "reb_time": 1}, {"time_stamp": 10, "origin": 2, "destination": 2, "reb_time": 1}, {"time_stamp": 11, "origin": 2, "destination": 2, "reb_time": 1}, {"time_stamp": 12, "origin": 2, "destination": 2, "reb_time": 1}, {"time_stamp": 13, "origin": 2, "destination": 2, "reb_time": 1}, {"time_stamp": 14, "origin": 2, "destination": 2, "reb_time": 1}, {"time_stamp": 15, "origin": 2, "destination": 2, "reb_time": 1}, {"time_stamp": 16, "origin": 2, "destination": 2, "reb_time": 1}, {"time_stamp": 17, "origin": 2, "destination": 2, "reb_time": 1}, {"time_stamp": 18, "origin": 2, "destination": 2, "reb_time": 1}, {"time_stamp": 19, "origin": 2, "destination": 2, "reb_time": 1}, {"time_stamp": 20, "origin": 2, "destination": 2, "reb_time": 1}, {"time_stamp": 21, "origin": 2, "destination": 2, "reb_time": 1}, {"time_stamp": 22, "origin": 2, "destination": 2, "reb_time": 1}, {"time_stamp": 23, "origin": 2, "destination": 2, "reb_time": 1}, {"time_stamp": 0, "origin": 2, "destination": 3, "reb_time": 1}, {"time_stamp": 1, "origin": 2, "destination": 3, "reb_time": 1}, {"time_stamp": 2, "origin": 2, "destination": 3, "reb_time": 1}, {"time_stamp": 3, "origin": 2, "destination": 3, "reb_time": 1}, {"time_stamp": 4, "origin": 2, "destination": 3, "reb_time": 1}, {"time_stamp": 5, "origin": 2, "destination": 3, "reb_time": 1}, {"time_stamp": 6, "origin": 2, "destination": 3, "reb_time": 1}, {"time_stamp": 7, "origin": 2, "destination": 3, "reb_time": 1}, {"time_stamp": 8, "origin": 2, "destination": 3, "reb_time": 1}, {"time_stamp": 9, "origin": 2, "destination": 3, "reb_time": 1}, {"time_stamp": 10, "origin": 2, "destination": 3, "reb_time": 1}, {"time_stamp": 11, "origin": 2, "destination": 3, "reb_time": 1}, {"time_stamp": 12, "origin": 2, "destination": 3, "reb_time": 1}, {"time_stamp": 13, "origin": 2, "destination": 3, "reb_time": 1}, {"time_stamp": 14, "origin": 2, "destination": 3, "reb_time": 1}, {"time_stamp": 15, "origin": 2, "destination": 3, "reb_time": 1}, {"time_stamp": 16, "origin": 2, "destination": 3, "reb_time": 1}, {"time_stamp": 17, "origin": 2, "destination": 3, "reb_time": 1}, {"time_stamp": 18, "origin": 2, "destination": 3, "reb_time": 1}, {"time_stamp": 19, "origin": 2, "destination": 3, "reb_time": 1}, {"time_stamp": 20, "origin": 2, "destination": 3, "reb_time": 1}, {"time_stamp": 21, "origin": 2, "destination": 3, "reb_time": 1}, {"time_stamp": 22, "origin": 2, "destination": 3, "reb_time": 1}, {"time_stamp": 23, "origin": 2, "destination": 3, "reb_time": 1}, {"time_stamp": 0, "origin": 2, "destination": 4, "reb_time": 1}, {"time_stamp": 1, "origin": 2, "destination": 4, "reb_time": 1}, {"time_stamp": 2, "origin": 2, "destination": 4, "reb_time": 1}, {"time_stamp": 3, "origin": 2, "destination": 4, "reb_time": 1}, {"time_stamp": 4, "origin": 2, "destination": 4, "reb_time": 1}, {"time_stamp": 5, "origin": 2, "destination": 4, "reb_time": 1}, {"time_stamp": 6, "origin": 2, "destination": 4, "reb_time": 1}, {"time_stamp": 7, "origin": 2, "destination": 4, "reb_time": 1}, {"time_stamp": 8, "origin": 2, "destination": 4, "reb_time": 1}, {"time_stamp": 9, "origin": 2, "destination": 4, "reb_time": 1}, {"time_stamp": 10, "origin": 2, "destination": 4, "reb_time": 1}, {"time_stamp": 11, "origin": 2, "destination": 4, "reb_time": 1}, {"time_stamp": 12, "origin": 2, "destination": 4, "reb_time": 1}, {"time_stamp": 13, "origin": 2, "destination": 4, "reb_time": 1}, {"time_stamp": 14, "origin": 2, "destination": 4, "reb_time": 1}, {"time_stamp": 15, "origin": 2, "destination": 4, "reb_time": 1}, {"time_stamp": 16, "origin": 2, "destination": 4, "reb_time": 1}, {"time_stamp": 17, "origin": 2, "destination": 4, "reb_time": 1}, {"time_stamp": 18, "origin": 2, "destination": 4, "reb_time": 1}, {"time_stamp": 19, "origin": 2, "destination": 4, "reb_time": 1}, {"time_stamp": 20, "origin": 2, "destination": 4, "reb_time": 1}, {"time_stamp": 21, "origin": 2, "destination": 4, "reb_time": 1}, {"time_stamp": 22, "origin": 2, "destination": 4, "reb_time": 1}, {"time_stamp": 23, "origin": 2, "destination": 4, "reb_time": 1}, {"time_stamp": 0, "origin": 3, "destination": 0, "reb_time": 1}, {"time_stamp": 1, "origin": 3, "destination": 0, "reb_time": 1}, {"time_stamp": 2, "origin": 3, "destination": 0, "reb_time": 1}, {"time_stamp": 3, "origin": 3, "destination": 0, "reb_time": 1}, {"time_stamp": 4, "origin": 3, "destination": 0, "reb_time": 1}, {"time_stamp": 5, "origin": 3, "destination": 0, "reb_time": 1}, {"time_stamp": 6, "origin": 3, "destination": 0, "reb_time": 1}, {"time_stamp": 7, "origin": 3, "destination": 0, "reb_time": 1}, {"time_stamp": 8, "origin": 3, "destination": 0, "reb_time": 1}, {"time_stamp": 9, "origin": 3, "destination": 0, "reb_time": 1}, {"time_stamp": 10, "origin": 3, "destination": 0, "reb_time": 1}, {"time_stamp": 11, "origin": 3, "destination": 0, "reb_time": 1}, {"time_stamp": 12, "origin": 3, "destination": 0, "reb_time": 1}, {"time_stamp": 13, "origin": 3, "destination": 0, "reb_time": 1}, {"time_stamp": 14, "origin": 3, "destination": 0, "reb_time": 1}, {"time_stamp": 15, "origin": 3, "destination": 0, "reb_time": 1}, {"time_stamp": 16, "origin": 3, "destination": 0, "reb_time": 1}, {"time_stamp": 17, "origin": 3, "destination": 0, "reb_time": 1}, {"time_stamp": 18, "origin": 3, "destination": 0, "reb_time": 1}, {"time_stamp": 19, "origin": 3, "destination": 0, "reb_time": 1}, {"time_stamp": 20, "origin": 3, "destination": 0, "reb_time": 1}, {"time_stamp": 21, "origin": 3, "destination": 0, "reb_time": 1}, {"time_stamp": 22, "origin": 3, "destination": 0, "reb_time": 1}, {"time_stamp": 23, "origin": 3, "destination": 0, "reb_time": 1}, {"time_stamp": 0, "origin": 3, "destination": 1, "reb_time": 1}, {"time_stamp": 1, "origin": 3, "destination": 1, "reb_time": 1}, {"time_stamp": 2, "origin": 3, "destination": 1, "reb_time": 1}, {"time_stamp": 3, "origin": 3, "destination": 1, "reb_time": 1}, {"time_stamp": 4, "origin": 3, "destination": 1, "reb_time": 1}, {"time_stamp": 5, "origin": 3, "destination": 1, "reb_time": 1}, {"time_stamp": 6, "origin": 3, "destination": 1, "reb_time": 1}, {"time_stamp": 7, "origin": 3, "destination": 1, "reb_time": 1}, {"time_stamp": 8, "origin": 3, "destination": 1, "reb_time": 1}, {"time_stamp": 9, "origin": 3, "destination": 1, "reb_time": 1}, {"time_stamp": 10, "origin": 3, "destination": 1, "reb_time": 1}, {"time_stamp": 11, "origin": 3, "destination": 1, "reb_time": 1}, {"time_stamp": 12, "origin": 3, "destination": 1, "reb_time": 1}, {"time_stamp": 13, "origin": 3, "destination": 1, "reb_time": 1}, {"time_stamp": 14, "origin": 3, "destination": 1, "reb_time": 1}, {"time_stamp": 15, "origin": 3, "destination": 1, "reb_time": 1}, {"time_stamp": 16, "origin": 3, "destination": 1, "reb_time": 1}, {"time_stamp": 17, "origin": 3, "destination": 1, "reb_time": 1}, {"time_stamp": 18, "origin": 3, "destination": 1, "reb_time": 1}, {"time_stamp": 19, "origin": 3, "destination": 1, "reb_time": 1}, {"time_stamp": 20, "origin": 3, "destination": 1, "reb_time": 1}, {"time_stamp": 21, "origin": 3, "destination": 1, "reb_time": 1}, {"time_stamp": 22, "origin": 3, "destination": 1, "reb_time": 1}, {"time_stamp": 23, "origin": 3, "destination": 1, "reb_time": 1}, {"time_stamp": 0, "origin": 3, "destination": 2, "reb_time": 1}, {"time_stamp": 1, "origin": 3, "destination": 2, "reb_time": 1}, {"time_stamp": 2, "origin": 3, "destination": 2, "reb_time": 1}, {"time_stamp": 3, "origin": 3, "destination": 2, "reb_time": 1}, {"time_stamp": 4, "origin": 3, "destination": 2, "reb_time": 1}, {"time_stamp": 5, "origin": 3, "destination": 2, "reb_time": 1}, {"time_stamp": 6, "origin": 3, "destination": 2, "reb_time": 1}, {"time_stamp": 7, "origin": 3, "destination": 2, "reb_time": 1}, {"time_stamp": 8, "origin": 3, "destination": 2, "reb_time": 1}, {"time_stamp": 9, "origin": 3, "destination": 2, "reb_time": 1}, {"time_stamp": 10, "origin": 3, "destination": 2, "reb_time": 1}, {"time_stamp": 11, "origin": 3, "destination": 2, "reb_time": 1}, {"time_stamp": 12, "origin": 3, "destination": 2, "reb_time": 1}, {"time_stamp": 13, "origin": 3, "destination": 2, "reb_time": 1}, {"time_stamp": 14, "origin": 3, "destination": 2, "reb_time": 1}, {"time_stamp": 15, "origin": 3, "destination": 2, "reb_time": 1}, {"time_stamp": 16, "origin": 3, "destination": 2, "reb_time": 1}, {"time_stamp": 17, "origin": 3, "destination": 2, "reb_time": 1}, {"time_stamp": 18, "origin": 3, "destination": 2, "reb_time": 1}, {"time_stamp": 19, "origin": 3, "destination": 2, "reb_time": 1}, {"time_stamp": 20, "origin": 3, "destination": 2, "reb_time": 1}, {"time_stamp": 21, "origin": 3, "destination": 2, "reb_time": 1}, {"time_stamp": 22, "origin": 3, "destination": 2, "reb_time": 1}, {"time_stamp": 23, "origin": 3, "destination": 2, "reb_time": 1}, {"time_stamp": 0, "origin": 3, "destination": 3, "reb_time": 1}, {"time_stamp": 1, "origin": 3, "destination": 3, "reb_time": 1}, {"time_stamp": 2, "origin": 3, "destination": 3, "reb_time": 1}, {"time_stamp": 3, "origin": 3, "destination": 3, "reb_time": 1}, {"time_stamp": 4, "origin": 3, "destination": 3, "reb_time": 1}, {"time_stamp": 5, "origin": 3, "destination": 3, "reb_time": 1}, {"time_stamp": 6, "origin": 3, "destination": 3, "reb_time": 1}, {"time_stamp": 7, "origin": 3, "destination": 3, "reb_time": 1}, {"time_stamp": 8, "origin": 3, "destination": 3, "reb_time": 1}, {"time_stamp": 9, "origin": 3, "destination": 3, "reb_time": 1}, {"time_stamp": 10, "origin": 3, "destination": 3, "reb_time": 1}, {"time_stamp": 11, "origin": 3, "destination": 3, "reb_time": 1}, {"time_stamp": 12, "origin": 3, "destination": 3, "reb_time": 1}, {"time_stamp": 13, "origin": 3, "destination": 3, "reb_time": 1}, {"time_stamp": 14, "origin": 3, "destination": 3, "reb_time": 1}, {"time_stamp": 15, "origin": 3, "destination": 3, "reb_time": 1}, {"time_stamp": 16, "origin": 3, "destination": 3, "reb_time": 1}, {"time_stamp": 17, "origin": 3, "destination": 3, "reb_time": 1}, {"time_stamp": 18, "origin": 3, "destination": 3, "reb_time": 1}, {"time_stamp": 19, "origin": 3, "destination": 3, "reb_time": 1}, {"time_stamp": 20, "origin": 3, "destination": 3, "reb_time": 1}, {"time_stamp": 21, "origin": 3, "destination": 3, "reb_time": 1}, {"time_stamp": 22, "origin": 3, "destination": 3, "reb_time": 1}, {"time_stamp": 23, "origin": 3, "destination": 3, "reb_time": 1}, {"time_stamp": 0, "origin": 3, "destination": 4, "reb_time": 1}, {"time_stamp": 1, "origin": 3, "destination": 4, "reb_time": 1}, {"time_stamp": 2, "origin": 3, "destination": 4, "reb_time": 1}, {"time_stamp": 3, "origin": 3, "destination": 4, "reb_time": 1}, {"time_stamp": 4, "origin": 3, "destination": 4, "reb_time": 1}, {"time_stamp": 5, "origin": 3, "destination": 4, "reb_time": 1}, {"time_stamp": 6, "origin": 3, "destination": 4, "reb_time": 1}, {"time_stamp": 7, "origin": 3, "destination": 4, "reb_time": 1}, {"time_stamp": 8, "origin": 3, "destination": 4, "reb_time": 1}, {"time_stamp": 9, "origin": 3, "destination": 4, "reb_time": 1}, {"time_stamp": 10, "origin": 3, "destination": 4, "reb_time": 1}, {"time_stamp": 11, "origin": 3, "destination": 4, "reb_time": 1}, {"time_stamp": 12, "origin": 3, "destination": 4, "reb_time": 1}, {"time_stamp": 13, "origin": 3, "destination": 4, "reb_time": 1}, {"time_stamp": 14, "origin": 3, "destination": 4, "reb_time": 1}, {"time_stamp": 15, "origin": 3, "destination": 4, "reb_time": 1}, {"time_stamp": 16, "origin": 3, "destination": 4, "reb_time": 1}, {"time_stamp": 17, "origin": 3, "destination": 4, "reb_time": 1}, {"time_stamp": 18, "origin": 3, "destination": 4, "reb_time": 1}, {"time_stamp": 19, "origin": 3, "destination": 4, "reb_time": 1}, {"time_stamp": 20, "origin": 3, "destination": 4, "reb_time": 1}, {"time_stamp": 21, "origin": 3, "destination": 4, "reb_time": 1}, {"time_stamp": 22, "origin": 3, "destination": 4, "reb_time": 1}, {"time_stamp": 23, "origin": 3, "destination": 4, "reb_time": 1}, {"time_stamp": 0, "origin": 4, "destination": 0, "reb_time": 1}, {"time_stamp": 1, "origin": 4, "destination": 0, "reb_time": 1}, {"time_stamp": 2, "origin": 4, "destination": 0, "reb_time": 1}, {"time_stamp": 3, "origin": 4, "destination": 0, "reb_time": 1}, {"time_stamp": 4, "origin": 4, "destination": 0, "reb_time": 1}, {"time_stamp": 5, "origin": 4, "destination": 0, "reb_time": 1}, {"time_stamp": 6, "origin": 4, "destination": 0, "reb_time": 1}, {"time_stamp": 7, "origin": 4, "destination": 0, "reb_time": 1}, {"time_stamp": 8, "origin": 4, "destination": 0, "reb_time": 1}, {"time_stamp": 9, "origin": 4, "destination": 0, "reb_time": 1}, {"time_stamp": 10, "origin": 4, "destination": 0, "reb_time": 1}, {"time_stamp": 11, "origin": 4, "destination": 0, "reb_time": 1}, {"time_stamp": 12, "origin": 4, "destination": 0, "reb_time": 2}, {"time_stamp": 13, "origin": 4, "destination": 0, "reb_time": 2}, {"time_stamp": 14, "origin": 4, "destination": 0, "reb_time": 2}, {"time_stamp": 15, "origin": 4, "destination": 0, "reb_time": 2}, {"time_stamp": 16, "origin": 4, "destination": 0, "reb_time": 1}, {"time_stamp": 17, "origin": 4, "destination": 0, "reb_time": 1}, {"time_stamp": 18, "origin": 4, "destination": 0, "reb_time": 1}, {"time_stamp": 19, "origin": 4, "destination": 0, "reb_time": 1}, {"time_stamp": 20, "origin": 4, "destination": 0, "reb_time": 1}, {"time_stamp": 21, "origin": 4, "destination": 0, "reb_time": 1}, {"time_stamp": 22, "origin": 4, "destination": 0, "reb_time": 1}, {"time_stamp": 23, "origin": 4, "destination": 0, "reb_time": 1}, {"time_stamp": 0, "origin": 4, "destination": 1, "reb_time": 1}, {"time_stamp": 1, "origin": 4, "destination": 1, "reb_time": 1}, {"time_stamp": 2, "origin": 4, "destination": 1, "reb_time": 1}, {"time_stamp": 3, "origin": 4, "destination": 1, "reb_time": 1}, {"time_stamp": 4, "origin": 4, "destination": 1, "reb_time": 1}, {"time_stamp": 5, "origin": 4, "destination": 1, "reb_time": 1}, {"time_stamp": 6, "origin": 4, "destination": 1, "reb_time": 1}, {"time_stamp": 7, "origin": 4, "destination": 1, "reb_time": 1}, {"time_stamp": 8, "origin": 4, "destination": 1, "reb_time": 1}, {"time_stamp": 9, "origin": 4, "destination": 1, "reb_time": 1}, {"time_stamp": 10, "origin": 4, "destination": 1, "reb_time": 1}, {"time_stamp": 11, "origin": 4, "destination": 1, "reb_time": 1}, {"time_stamp": 12, "origin": 4, "destination": 1, "reb_time": 2}, {"time_stamp": 13, "origin": 4, "destination": 1, "reb_time": 2}, {"time_stamp": 14, "origin": 4, "destination": 1, "reb_time": 2}, {"time_stamp": 15, "origin": 4, "destination": 1, "reb_time": 2}, {"time_stamp": 16, "origin": 4, "destination": 1, "reb_time": 2}, {"time_stamp": 17, "origin": 4, "destination": 1, "reb_time": 2}, {"time_stamp": 18, "origin": 4, "destination": 1, "reb_time": 2}, {"time_stamp": 19, "origin": 4, "destination": 1, "reb_time": 2}, {"time_stamp": 20, "origin": 4, "destination": 1, "reb_time": 2}, {"time_stamp": 21, "origin": 4, "destination": 1, "reb_time": 2}, {"time_stamp": 22, "origin": 4, "destination": 1, "reb_time": 2}, {"time_stamp": 23, "origin": 4, "destination": 1, "reb_time": 2}, {"time_stamp": 0, "origin": 4, "destination": 2, "reb_time": 1}, {"time_stamp": 1, "origin": 4, "destination": 2, "reb_time": 1}, {"time_stamp": 2, "origin": 4, "destination": 2, "reb_time": 1}, {"time_stamp": 3, "origin": 4, "destination": 2, "reb_time": 1}, {"time_stamp": 4, "origin": 4, "destination": 2, "reb_time": 1}, {"time_stamp": 5, "origin": 4, "destination": 2, "reb_time": 1}, {"time_stamp": 6, "origin": 4, "destination": 2, "reb_time": 1}, {"time_stamp": 7, "origin": 4, "destination": 2, "reb_time": 1}, {"time_stamp": 8, "origin": 4, "destination": 2, "reb_time": 1}, {"time_stamp": 9, "origin": 4, "destination": 2, "reb_time": 1}, {"time_stamp": 10, "origin": 4, "destination": 2, "reb_time": 1}, {"time_stamp": 11, "origin": 4, "destination": 2, "reb_time": 1}, {"time_stamp": 12, "origin": 4, "destination": 2, "reb_time": 1}, {"time_stamp": 13, "origin": 4, "destination": 2, "reb_time": 1}, {"time_stamp": 14, "origin": 4, "destination": 2, "reb_time": 1}, {"time_stamp": 15, "origin": 4, "destination": 2, "reb_time": 1}, {"time_stamp": 16, "origin": 4, "destination": 2, "reb_time": 1}, {"time_stamp": 17, "origin": 4, "destination": 2, "reb_time": 1}, {"time_stamp": 18, "origin": 4, "destination": 2, "reb_time": 1}, {"time_stamp": 19, "origin": 4, "destination": 2, "reb_time": 1}, {"time_stamp": 20, "origin": 4, "destination": 2, "reb_time": 1}, {"time_stamp": 21, "origin": 4, "destination": 2, "reb_time": 1}, {"time_stamp": 22, "origin": 4, "destination": 2, "reb_time": 1}, {"time_stamp": 23, "origin": 4, "destination": 2, "reb_time": 1}, {"time_stamp": 0, "origin": 4, "destination": 3, "reb_time": 1}, {"time_stamp": 1, "origin": 4, "destination": 3, "reb_time": 1}, {"time_stamp": 2, "origin": 4, "destination": 3, "reb_time": 1}, {"time_stamp": 3, "origin": 4, "destination": 3, "reb_time": 1}, {"time_stamp": 4, "origin": 4, "destination": 3, "reb_time": 1}, {"time_stamp": 5, "origin": 4, "destination": 3, "reb_time": 1}, {"time_stamp": 6, "origin": 4, "destination": 3, "reb_time": 1}, {"time_stamp": 7, "origin": 4, "destination": 3, "reb_time": 1}, {"time_stamp": 8, "origin": 4, "destination": 3, "reb_time": 1}, {"time_stamp": 9, "origin": 4, "destination": 3, "reb_time": 1}, {"time_stamp": 10, "origin": 4, "destination": 3, "reb_time": 1}, {"time_stamp": 11, "origin": 4, "destination": 3, "reb_time": 1}, {"time_stamp": 12, "origin": 4, "destination": 3, "reb_time": 1}, {"time_stamp": 13, "origin": 4, "destination": 3, "reb_time": 1}, {"time_stamp": 14, "origin": 4, "destination": 3, "reb_time": 1}, {"time_stamp": 15, "origin": 4, "destination": 3, "reb_time": 1}, {"time_stamp": 16, "origin": 4, "destination": 3, "reb_time": 1}, {"time_stamp": 17, "origin": 4, "destination": 3, "reb_time": 1}, {"time_stamp": 18, "origin": 4, "destination": 3, "reb_time": 1}, {"time_stamp": 19, "origin": 4, "destination": 3, "reb_time": 1}, {"time_stamp": 20, "origin": 4, "destination": 3, "reb_time": 1}, {"time_stamp": 21, "origin": 4, "destination": 3, "reb_time": 1}, {"time_stamp": 22, "origin": 4, "destination": 3, "reb_time": 1}, {"time_stamp": 23, "origin": 4, "destination": 3, "reb_time": 1}, {"time_stamp": 0, "origin": 4, "destination": 4, "reb_time": 1}, {"time_stamp": 1, "origin": 4, "destination": 4, "reb_time": 1}, {"time_stamp": 2, "origin": 4, "destination": 4, "reb_time": 1}, {"time_stamp": 3, "origin": 4, "destination": 4, "reb_time": 1}, {"time_stamp": 4, "origin": 4, "destination": 4, "reb_time": 1}, {"time_stamp": 5, "origin": 4, "destination": 4, "reb_time": 1}, {"time_stamp": 6, "origin": 4, "destination": 4, "reb_time": 1}, {"time_stamp": 7, "origin": 4, "destination": 4, "reb_time": 1}, {"time_stamp": 8, "origin": 4, "destination": 4, "reb_time": 1}, {"time_stamp": 9, "origin": 4, "destination": 4, "reb_time": 1}, {"time_stamp": 10, "origin": 4, "destination": 4, "reb_time": 1}, {"time_stamp": 11, "origin": 4, "destination": 4, "reb_time": 1}, {"time_stamp": 12, "origin": 4, "destination": 4, "reb_time": 1}, {"time_stamp": 13, "origin": 4, "destination": 4, "reb_time": 1}, {"time_stamp": 14, "origin": 4, "destination": 4, "reb_time": 1}, {"time_stamp": 15, "origin": 4, "destination": 4, "reb_time": 1}, {"time_stamp": 16, "origin": 4, "destination": 4, "reb_time": 1}, {"time_stamp": 17, "origin": 4, "destination": 4, "reb_time": 1}, {"time_stamp": 18, "origin": 4, "destination": 4, "reb_time": 1}, {"time_stamp": 19, "origin": 4, "destination": 4, "reb_time": 1}, {"time_stamp": 20, "origin": 4, "destination": 4, "reb_time": 1}, {"time_stamp": 21, "origin": 4, "destination": 4, "reb_time": 1}, {"time_stamp": 22, "origin": 4, "destination": 4, "reb_time": 1}, {"time_stamp": 23, "origin": 4, "destination": 4, "reb_time": 1}], "totalAcc": [{"hour": 0, "acc": 116616}, {"hour": 1, "acc": 116616}, {"hour": 2, "acc": 116616}, {"hour": 3, "acc": 116616}, {"hour": 4, "acc": 116616}, {"hour": 5, "acc": 116616}, {"hour": 6, "acc": 116616}, {"hour": 7, "acc": 116616}, {"hour": 8, "acc": 116616}, {"hour": 9, "acc": 116616}, {"hour": 10, "acc": 116616}, {"hour": 11, "acc": 116616}, {"hour": 12, "acc": 116616}, {"hour": 13, "acc": 116616}, {"hour": 14, "acc": 116616}, {"hour": 15, "acc": 116616}, {"hour": 16, "acc": 116616}, {"hour": 17, "acc": 116616}, {"hour": 18, "acc": 116616}, {"hour": 19, "acc": 116616}, {"hour": 20, "acc": 116616}, {"hour": 21, "acc": 116616}, {"hour": 22, "acc": 116616}, {"hour": 23, "acc": 116616}], "chargelevels": 39, "spacialNodes": 5, "chargeLevelsPerChargeStep": 25, "episodeLength": 24, "energy_prices": [0.16872, 0.16872, 0.16872, 0.16872, 0.16872, 0.16872, 0.16872, 0.16872, 0.16872, 0.16872, 0.16872, 0.16872, 0.16872, 0.16872, 0.16872, 0.16872, 0.16872, 0.16872, 0.14545, 0.14545, 0.14545, 0.14545, 0.14545, 0.14545], "chargeLocations": [true, true, true, true, true], "carsPerStationCapacity": [589.0, 1860.0, 988.0, 1133.0, 1376.0], "timeGranularity": 0.5, "operationalCostPerTimestep": 0.3696}